STAR version=STAR_2.5.3a
STAR compilation time,server,dir=Mon Nov 24 20:29:17 UTC 2025 :/c/STAR-2.5.3a/source
##### DEFAULT parameters:
versionSTAR                       20201
versionGenome                     20101   20200   
parametersFiles                   -   
sysShell                          -
runMode                           alignReads
runThreadN                        1
runDirPerm                        User_RWX
runRNGseed                        777
genomeDir                         ./GenomeDir/
genomeLoad                        NoSharedMemory
genomeFastaFiles                  -   
genomeChainFiles                  -   
genomeSAindexNbases               14
genomeChrBinNbits                 18
genomeSAsparseD                   1
genomeSuffixLengthMax             18446744073709551615
genomeFileSizes                   0   
readFilesIn                       Read1   Read2   
readFilesCommand                  -   
readMatesLengthsIn                NotEqual
readMapNumber                     18446744073709551615
readNameSeparator                 /   
inputBAMfile                      -
bamRemoveDuplicatesType           -
bamRemoveDuplicatesMate2basesN    0
limitGenomeGenerateRAM            31000000000
limitIObufferSize                 150000000
limitOutSAMoneReadBytes           100000
limitOutSJcollapsed               1000000
limitOutSJoneRead                 1000
limitBAMsortRAM                   0
limitSjdbInsertNsj                1000000
outFileNamePrefix                 ./
outTmpDir                         -
outTmpKeep                        None
outStd                            Log
outReadsUnmapped                  None
outQSconversionAdd                0
outMultimapperOrder               Old_2.4
outSAMtype                        SAM   
outSAMmode                        Full
outSAMstrandField                 None
outSAMattributes                  Standard   
outSAMunmapped                    None   
outSAMorder                       Paired
outSAMprimaryFlag                 OneBestScore
outSAMreadID                      Standard
outSAMmapqUnique                  255
outSAMflagOR                      0
outSAMflagAND                     65535
outSAMattrRGline                  -   
outSAMheaderHD                    -   
outSAMheaderPG                    -   
outSAMheaderCommentFile           -
outBAMcompression                 1
outBAMsortingThreadN              0
outSAMfilter                      None   
outSAMmultNmax                    18446744073709551615
outSAMattrIHstart                 1
outSJfilterReads                  All
outSJfilterCountUniqueMin         3   1   1   1   
outSJfilterCountTotalMin          3   1   1   1   
outSJfilterOverhangMin            30   12   12   12   
outSJfilterDistToOtherSJmin       10   0   5   10   
outSJfilterIntronMaxVsReadN       50000   100000   200000   
outWigType                        None   
outWigStrand                      Stranded   
outWigReferencesPrefix            -
outWigNorm                        RPM   
outFilterType                     Normal
outFilterMultimapNmax             10
outFilterMultimapScoreRange       1
outFilterScoreMin                 0
outFilterScoreMinOverLread        0.66
outFilterMatchNmin                0
outFilterMatchNminOverLread       0.66
outFilterMismatchNmax             10
outFilterMismatchNoverLmax        0.3
outFilterMismatchNoverReadLmax    1
outFilterIntronMotifs             None
clip5pNbases                      0   
clip3pNbases                      0   
clip3pAfterAdapterNbases          0   
clip3pAdapterSeq                  -   
clip3pAdapterMMp                  0.1   
winBinNbits                       16
winAnchorDistNbins                9
winFlankNbins                     4
winAnchorMultimapNmax             50
winReadCoverageRelativeMin        0.5
winReadCoverageBasesMin           0
scoreGap                          0
scoreGapNoncan                    -8
scoreGapGCAG                      -4
scoreGapATAC                      -8
scoreStitchSJshift                1
scoreGenomicLengthLog2scale       -0.25
scoreDelBase                      -2
scoreDelOpen                      -2
scoreInsOpen                      -2
scoreInsBase                      -2
seedSearchLmax                    0
seedSearchStartLmax               50
seedSearchStartLmaxOverLread      1
seedPerReadNmax                   1000
seedPerWindowNmax                 50
seedNoneLociPerWindow             10
seedMultimapNmax                  10000
alignIntronMin                    21
alignIntronMax                    0
alignMatesGapMax                  0
alignTranscriptsPerReadNmax       10000
alignSJoverhangMin                5
alignSJDBoverhangMin              3
alignSJstitchMismatchNmax         0   -1   0   0   
alignSplicedMateMapLmin           0
alignSplicedMateMapLminOverLmate    0.66
alignWindowsPerReadNmax           10000
alignTranscriptsPerWindowNmax     100
alignEndsType                     Local
alignSoftClipAtReferenceEnds      Yes
alignEndsProtrude                 0   ConcordantPair   
chimSegmentMin                    0
chimScoreMin                      0
chimScoreDropMax                  20
chimScoreSeparation               10
chimScoreJunctionNonGTAG          -1
chimMainSegmentMultNmax           10
chimJunctionOverhangMin           20
chimOutType                       SeparateSAMold   
chimFilter                        banGenomicN   
chimSegmentReadGapMax             0
sjdbFileChrStartEnd               -   
sjdbGTFfile                       -
sjdbGTFchrPrefix                  -
sjdbGTFfeatureExon                exon
sjdbGTFtagExonParentTranscript    transcript_id
sjdbGTFtagExonParentGene          gene_id
sjdbOverhang                      100
sjdbScore                         2
sjdbInsertSave                    Basic
quantMode                         -   
quantTranscriptomeBAMcompression    1
quantTranscriptomeBan             IndelSoftclipSingleend
twopass1readsN                    18446744073709551615
twopassMode                       None
##### Command Line:
/usr/local/bin/STAR --runThreadN 8 --runMode genomeGenerate --genomeDir /home/junseokp/workspaces/data/rTea-simul/ref/star/idx --genomeFastaFiles /home/junseokp/workspaces/data/rTea-simul/ref/hg38/Homo_sapiens_assembly38.fasta --sjdbGTFfile /home/junseokp/workspaces/data/rTea-simul/ref/hg38/gencode.v46.annotation.gtf --sjdbOverhang 150
##### Initial USER parameters from Command Line:
###### All USER parameters from Command Line:
runThreadN                    8     ~RE-DEFINED
runMode                       genomeGenerate     ~RE-DEFINED
genomeDir                     /home/junseokp/workspaces/data/rTea-simul/ref/star/idx     ~RE-DEFINED
genomeFastaFiles              /home/junseokp/workspaces/data/rTea-simul/ref/hg38/Homo_sapiens_assembly38.fasta        ~RE-DEFINED
sjdbGTFfile                   /home/junseokp/workspaces/data/rTea-simul/ref/hg38/gencode.v46.annotation.gtf     ~RE-DEFINED
sjdbOverhang                  150     ~RE-DEFINED
##### Finished reading parameters from all sources

##### Final user re-defined parameters-----------------:
runMode                           genomeGenerate
runThreadN                        8
genomeDir                         /home/junseokp/workspaces/data/rTea-simul/ref/star/idx
genomeFastaFiles                  /home/junseokp/workspaces/data/rTea-simul/ref/hg38/Homo_sapiens_assembly38.fasta   
sjdbGTFfile                       /home/junseokp/workspaces/data/rTea-simul/ref/hg38/gencode.v46.annotation.gtf
sjdbOverhang                      150

-------------------------------
##### Final effective command line:
/usr/local/bin/STAR   --runMode genomeGenerate   --runThreadN 8   --genomeDir /home/junseokp/workspaces/data/rTea-simul/ref/star/idx   --genomeFastaFiles /home/junseokp/workspaces/data/rTea-simul/ref/hg38/Homo_sapiens_assembly38.fasta      --sjdbGTFfile /home/junseokp/workspaces/data/rTea-simul/ref/hg38/gencode.v46.annotation.gtf   --sjdbOverhang 150

##### Final parameters after user input--------------------------------:
versionSTAR                       20201
versionGenome                     20101   20200   
parametersFiles                   -   
sysShell                          -
runMode                           genomeGenerate
runThreadN                        8
runDirPerm                        User_RWX
runRNGseed                        777
genomeDir                         /home/junseokp/workspaces/data/rTea-simul/ref/star/idx
genomeLoad                        NoSharedMemory
genomeFastaFiles                  /home/junseokp/workspaces/data/rTea-simul/ref/hg38/Homo_sapiens_assembly38.fasta   
genomeChainFiles                  -   
genomeSAindexNbases               14
genomeChrBinNbits                 18
genomeSAsparseD                   1
genomeSuffixLengthMax             18446744073709551615
genomeFileSizes                   0   
readFilesIn                       Read1   Read2   
readFilesCommand                  -   
readMatesLengthsIn                NotEqual
readMapNumber                     18446744073709551615
readNameSeparator                 /   
inputBAMfile                      -
bamRemoveDuplicatesType           -
bamRemoveDuplicatesMate2basesN    0
limitGenomeGenerateRAM            31000000000
limitIObufferSize                 150000000
limitOutSAMoneReadBytes           100000
limitOutSJcollapsed               1000000
limitOutSJoneRead                 1000
limitBAMsortRAM                   0
limitSjdbInsertNsj                1000000
outFileNamePrefix                 ./
outTmpDir                         -
outTmpKeep                        None
outStd                            Log
outReadsUnmapped                  None
outQSconversionAdd                0
outMultimapperOrder               Old_2.4
outSAMtype                        SAM   
outSAMmode                        Full
outSAMstrandField                 None
outSAMattributes                  Standard   
outSAMunmapped                    None   
outSAMorder                       Paired
outSAMprimaryFlag                 OneBestScore
outSAMreadID                      Standard
outSAMmapqUnique                  255
outSAMflagOR                      0
outSAMflagAND                     65535
outSAMattrRGline                  -   
outSAMheaderHD                    -   
outSAMheaderPG                    -   
outSAMheaderCommentFile           -
outBAMcompression                 1
outBAMsortingThreadN              0
outSAMfilter                      None   
outSAMmultNmax                    18446744073709551615
outSAMattrIHstart                 1
outSJfilterReads                  All
outSJfilterCountUniqueMin         3   1   1   1   
outSJfilterCountTotalMin          3   1   1   1   
outSJfilterOverhangMin            30   12   12   12   
outSJfilterDistToOtherSJmin       10   0   5   10   
outSJfilterIntronMaxVsReadN       50000   100000   200000   
outWigType                        None   
outWigStrand                      Stranded   
outWigReferencesPrefix            -
outWigNorm                        RPM   
outFilterType                     Normal
outFilterMultimapNmax             10
outFilterMultimapScoreRange       1
outFilterScoreMin                 0
outFilterScoreMinOverLread        0.66
outFilterMatchNmin                0
outFilterMatchNminOverLread       0.66
outFilterMismatchNmax             10
outFilterMismatchNoverLmax        0.3
outFilterMismatchNoverReadLmax    1
outFilterIntronMotifs             None
clip5pNbases                      0   
clip3pNbases                      0   
clip3pAfterAdapterNbases          0   
clip3pAdapterSeq                  -   
clip3pAdapterMMp                  0.1   
winBinNbits                       16
winAnchorDistNbins                9
winFlankNbins                     4
winAnchorMultimapNmax             50
winReadCoverageRelativeMin        0.5
winReadCoverageBasesMin           0
scoreGap                          0
scoreGapNoncan                    -8
scoreGapGCAG                      -4
scoreGapATAC                      -8
scoreStitchSJshift                1
scoreGenomicLengthLog2scale       -0.25
scoreDelBase                      -2
scoreDelOpen                      -2
scoreInsOpen                      -2
scoreInsBase                      -2
seedSearchLmax                    0
seedSearchStartLmax               50
seedSearchStartLmaxOverLread      1
seedPerReadNmax                   1000
seedPerWindowNmax                 50
seedNoneLociPerWindow             10
seedMultimapNmax                  10000
alignIntronMin                    21
alignIntronMax                    0
alignMatesGapMax                  0
alignTranscriptsPerReadNmax       10000
alignSJoverhangMin                5
alignSJDBoverhangMin              3
alignSJstitchMismatchNmax         0   -1   0   0   
alignSplicedMateMapLmin           0
alignSplicedMateMapLminOverLmate    0.66
alignWindowsPerReadNmax           10000
alignTranscriptsPerWindowNmax     100
alignEndsType                     Local
alignSoftClipAtReferenceEnds      Yes
alignEndsProtrude                 0   ConcordantPair   
chimSegmentMin                    0
chimScoreMin                      0
chimScoreDropMax                  20
chimScoreSeparation               10
chimScoreJunctionNonGTAG          -1
chimMainSegmentMultNmax           10
chimJunctionOverhangMin           20
chimOutType                       SeparateSAMold   
chimFilter                        banGenomicN   
chimSegmentReadGapMax             0
sjdbFileChrStartEnd               -   
sjdbGTFfile                       /home/junseokp/workspaces/data/rTea-simul/ref/hg38/gencode.v46.annotation.gtf
sjdbGTFchrPrefix                  -
sjdbGTFfeatureExon                exon
sjdbGTFtagExonParentTranscript    transcript_id
sjdbGTFtagExonParentGene          gene_id
sjdbOverhang                      150
sjdbScore                         2
sjdbInsertSave                    Basic
quantMode                         -   
quantTranscriptomeBAMcompression    1
quantTranscriptomeBan             IndelSoftclipSingleend
twopass1readsN                    18446744073709551615
twopassMode                       None
----------------------------------------

Finished loading and checking parameters
Dec 28 10:56:06 ... starting to generate Genome files
/home/junseokp/workspaces/data/rTea-simul/ref/hg38/Homo_sapiens_assembly38.fasta : chr # 0  "chr1" chrStart: 0
/home/junseokp/workspaces/data/rTea-simul/ref/hg38/Homo_sapiens_assembly38.fasta : chr # 1  "chr2" chrStart: 249036800
/home/junseokp/workspaces/data/rTea-simul/ref/hg38/Homo_sapiens_assembly38.fasta : chr # 2  "chr3" chrStart: 491257856
/home/junseokp/workspaces/data/rTea-simul/ref/hg38/Homo_sapiens_assembly38.fasta : chr # 3  "chr4" chrStart: 689700864
/home/junseokp/workspaces/data/rTea-simul/ref/hg38/Homo_sapiens_assembly38.fasta : chr # 4  "chr5" chrStart: 880017408
/home/junseokp/workspaces/data/rTea-simul/ref/hg38/Homo_sapiens_assembly38.fasta : chr # 5  "chr6" chrStart: 1061683200
/home/junseokp/workspaces/data/rTea-simul/ref/hg38/Homo_sapiens_assembly38.fasta : chr # 6  "chr7" chrStart: 1232601088
/home/junseokp/workspaces/data/rTea-simul/ref/hg38/Homo_sapiens_assembly38.fasta : chr # 7  "chr8" chrStart: 1391984640
/home/junseokp/workspaces/data/rTea-simul/ref/hg38/Homo_sapiens_assembly38.fasta : chr # 8  "chr9" chrStart: 1537212416
/home/junseokp/workspaces/data/rTea-simul/ref/hg38/Homo_sapiens_assembly38.fasta : chr # 9  "chr10" chrStart: 1675624448
/home/junseokp/workspaces/data/rTea-simul/ref/hg38/Homo_sapiens_assembly38.fasta : chr # 10  "chr11" chrStart: 1809580032
/home/junseokp/workspaces/data/rTea-simul/ref/hg38/Homo_sapiens_assembly38.fasta : chr # 11  "chr12" chrStart: 1944846336
/home/junseokp/workspaces/data/rTea-simul/ref/hg38/Homo_sapiens_assembly38.fasta : chr # 12  "chr13" chrStart: 2078277632
/home/junseokp/workspaces/data/rTea-simul/ref/hg38/Homo_sapiens_assembly38.fasta : chr # 13  "chr14" chrStart: 2192834560
/home/junseokp/workspaces/data/rTea-simul/ref/hg38/Homo_sapiens_assembly38.fasta : chr # 14  "chr15" chrStart: 2300051456
/home/junseokp/workspaces/data/rTea-simul/ref/hg38/Homo_sapiens_assembly38.fasta : chr # 15  "chr16" chrStart: 2402287616
/home/junseokp/workspaces/data/rTea-simul/ref/hg38/Homo_sapiens_assembly38.fasta : chr # 16  "chr17" chrStart: 2492727296
/home/junseokp/workspaces/data/rTea-simul/ref/hg38/Homo_sapiens_assembly38.fasta : chr # 17  "chr18" chrStart: 2576089088
/home/junseokp/workspaces/data/rTea-simul/ref/hg38/Homo_sapiens_assembly38.fasta : chr # 18  "chr19" chrStart: 2656567296
/home/junseokp/workspaces/data/rTea-simul/ref/hg38/Homo_sapiens_assembly38.fasta : chr # 19  "chr20" chrStart: 2715287552
/home/junseokp/workspaces/data/rTea-simul/ref/hg38/Homo_sapiens_assembly38.fasta : chr # 20  "chr21" chrStart: 2779774976
/home/junseokp/workspaces/data/rTea-simul/ref/hg38/Homo_sapiens_assembly38.fasta : chr # 21  "chr22" chrStart: 2826698752
/home/junseokp/workspaces/data/rTea-simul/ref/hg38/Homo_sapiens_assembly38.fasta : chr # 22  "chrX" chrStart: 2877554688
/home/junseokp/workspaces/data/rTea-simul/ref/hg38/Homo_sapiens_assembly38.fasta : chr # 23  "chrY" chrStart: 3033792512
/home/junseokp/workspaces/data/rTea-simul/ref/hg38/Homo_sapiens_assembly38.fasta : chr # 24  "chrM" chrStart: 3091202048
/home/junseokp/workspaces/data/rTea-simul/ref/hg38/Homo_sapiens_assembly38.fasta : chr # 25  "chr1_KI270706v1_random" chrStart: 3091464192
/home/junseokp/workspaces/data/rTea-simul/ref/hg38/Homo_sapiens_assembly38.fasta : chr # 26  "chr1_KI270707v1_random" chrStart: 3091726336
/home/junseokp/workspaces/data/rTea-simul/ref/hg38/Homo_sapiens_assembly38.fasta : chr # 27  "chr1_KI270708v1_random" chrStart: 3091988480
/home/junseokp/workspaces/data/rTea-simul/ref/hg38/Homo_sapiens_assembly38.fasta : chr # 28  "chr1_KI270709v1_random" chrStart: 3092250624
/home/junseokp/workspaces/data/rTea-simul/ref/hg38/Homo_sapiens_assembly38.fasta : chr # 29  "chr1_KI270710v1_random" chrStart: 3092512768
/home/junseokp/workspaces/data/rTea-simul/ref/hg38/Homo_sapiens_assembly38.fasta : chr # 30  "chr1_KI270711v1_random" chrStart: 3092774912
/home/junseokp/workspaces/data/rTea-simul/ref/hg38/Homo_sapiens_assembly38.fasta : chr # 31  "chr1_KI270712v1_random" chrStart: 3093037056
/home/junseokp/workspaces/data/rTea-simul/ref/hg38/Homo_sapiens_assembly38.fasta : chr # 32  "chr1_KI270713v1_random" chrStart: 3093299200
/home/junseokp/workspaces/data/rTea-simul/ref/hg38/Homo_sapiens_assembly38.fasta : chr # 33  "chr1_KI270714v1_random" chrStart: 3093561344
/home/junseokp/workspaces/data/rTea-simul/ref/hg38/Homo_sapiens_assembly38.fasta : chr # 34  "chr2_KI270715v1_random" chrStart: 3093823488
/home/junseokp/workspaces/data/rTea-simul/ref/hg38/Homo_sapiens_assembly38.fasta : chr # 35  "chr2_KI270716v1_random" chrStart: 3094085632
/home/junseokp/workspaces/data/rTea-simul/ref/hg38/Homo_sapiens_assembly38.fasta : chr # 36  "chr3_GL000221v1_random" chrStart: 3094347776
/home/junseokp/workspaces/data/rTea-simul/ref/hg38/Homo_sapiens_assembly38.fasta : chr # 37  "chr4_GL000008v2_random" chrStart: 3094609920
/home/junseokp/workspaces/data/rTea-simul/ref/hg38/Homo_sapiens_assembly38.fasta : chr # 38  "chr5_GL000208v1_random" chrStart: 3094872064
/home/junseokp/workspaces/data/rTea-simul/ref/hg38/Homo_sapiens_assembly38.fasta : chr # 39  "chr9_KI270717v1_random" chrStart: 3095134208
/home/junseokp/workspaces/data/rTea-simul/ref/hg38/Homo_sapiens_assembly38.fasta : chr # 40  "chr9_KI270718v1_random" chrStart: 3095396352
/home/junseokp/workspaces/data/rTea-simul/ref/hg38/Homo_sapiens_assembly38.fasta : chr # 41  "chr9_KI270719v1_random" chrStart: 3095658496
/home/junseokp/workspaces/data/rTea-simul/ref/hg38/Homo_sapiens_assembly38.fasta : chr # 42  "chr9_KI270720v1_random" chrStart: 3095920640
/home/junseokp/workspaces/data/rTea-simul/ref/hg38/Homo_sapiens_assembly38.fasta : chr # 43  "chr11_KI270721v1_random" chrStart: 3096182784
/home/junseokp/workspaces/data/rTea-simul/ref/hg38/Homo_sapiens_assembly38.fasta : chr # 44  "chr14_GL000009v2_random" chrStart: 3096444928
/home/junseokp/workspaces/data/rTea-simul/ref/hg38/Homo_sapiens_assembly38.fasta : chr # 45  "chr14_GL000225v1_random" chrStart: 3096707072
/home/junseokp/workspaces/data/rTea-simul/ref/hg38/Homo_sapiens_assembly38.fasta : chr # 46  "chr14_KI270722v1_random" chrStart: 3096969216
/home/junseokp/workspaces/data/rTea-simul/ref/hg38/Homo_sapiens_assembly38.fasta : chr # 47  "chr14_GL000194v1_random" chrStart: 3097231360
/home/junseokp/workspaces/data/rTea-simul/ref/hg38/Homo_sapiens_assembly38.fasta : chr # 48  "chr14_KI270723v1_random" chrStart: 3097493504
/home/junseokp/workspaces/data/rTea-simul/ref/hg38/Homo_sapiens_assembly38.fasta : chr # 49  "chr14_KI270724v1_random" chrStart: 3097755648
/home/junseokp/workspaces/data/rTea-simul/ref/hg38/Homo_sapiens_assembly38.fasta : chr # 50  "chr14_KI270725v1_random" chrStart: 3098017792
/home/junseokp/workspaces/data/rTea-simul/ref/hg38/Homo_sapiens_assembly38.fasta : chr # 51  "chr14_KI270726v1_random" chrStart: 3098279936
/home/junseokp/workspaces/data/rTea-simul/ref/hg38/Homo_sapiens_assembly38.fasta : chr # 52  "chr15_KI270727v1_random" chrStart: 3098542080
/home/junseokp/workspaces/data/rTea-simul/ref/hg38/Homo_sapiens_assembly38.fasta : chr # 53  "chr16_KI270728v1_random" chrStart: 3099066368
/home/junseokp/workspaces/data/rTea-simul/ref/hg38/Homo_sapiens_assembly38.fasta : chr # 54  "chr17_GL000205v2_random" chrStart: 3101163520
/home/junseokp/workspaces/data/rTea-simul/ref/hg38/Homo_sapiens_assembly38.fasta : chr # 55  "chr17_KI270729v1_random" chrStart: 3101425664
/home/junseokp/workspaces/data/rTea-simul/ref/hg38/Homo_sapiens_assembly38.fasta : chr # 56  "chr17_KI270730v1_random" chrStart: 3101949952
/home/junseokp/workspaces/data/rTea-simul/ref/hg38/Homo_sapiens_assembly38.fasta : chr # 57  "chr22_KI270731v1_random" chrStart: 3102212096
/home/junseokp/workspaces/data/rTea-simul/ref/hg38/Homo_sapiens_assembly38.fasta : chr # 58  "chr22_KI270732v1_random" chrStart: 3102474240
/home/junseokp/workspaces/data/rTea-simul/ref/hg38/Homo_sapiens_assembly38.fasta : chr # 59  "chr22_KI270733v1_random" chrStart: 3102736384
/home/junseokp/workspaces/data/rTea-simul/ref/hg38/Homo_sapiens_assembly38.fasta : chr # 60  "chr22_KI270734v1_random" chrStart: 3102998528
/home/junseokp/workspaces/data/rTea-simul/ref/hg38/Homo_sapiens_assembly38.fasta : chr # 61  "chr22_KI270735v1_random" chrStart: 3103260672
/home/junseokp/workspaces/data/rTea-simul/ref/hg38/Homo_sapiens_assembly38.fasta : chr # 62  "chr22_KI270736v1_random" chrStart: 3103522816
/home/junseokp/workspaces/data/rTea-simul/ref/hg38/Homo_sapiens_assembly38.fasta : chr # 63  "chr22_KI270737v1_random" chrStart: 3103784960
/home/junseokp/workspaces/data/rTea-simul/ref/hg38/Homo_sapiens_assembly38.fasta : chr # 64  "chr22_KI270738v1_random" chrStart: 3104047104
/home/junseokp/workspaces/data/rTea-simul/ref/hg38/Homo_sapiens_assembly38.fasta : chr # 65  "chr22_KI270739v1_random" chrStart: 3104309248
/home/junseokp/workspaces/data/rTea-simul/ref/hg38/Homo_sapiens_assembly38.fasta : chr # 66  "chrY_KI270740v1_random" chrStart: 3104571392
/home/junseokp/workspaces/data/rTea-simul/ref/hg38/Homo_sapiens_assembly38.fasta : chr # 67  "chrUn_KI270302v1" chrStart: 3104833536
/home/junseokp/workspaces/data/rTea-simul/ref/hg38/Homo_sapiens_assembly38.fasta : chr # 68  "chrUn_KI270304v1" chrStart: 3105095680
/home/junseokp/workspaces/data/rTea-simul/ref/hg38/Homo_sapiens_assembly38.fasta : chr # 69  "chrUn_KI270303v1" chrStart: 3105357824
/home/junseokp/workspaces/data/rTea-simul/ref/hg38/Homo_sapiens_assembly38.fasta : chr # 70  "chrUn_KI270305v1" chrStart: 3105619968
/home/junseokp/workspaces/data/rTea-simul/ref/hg38/Homo_sapiens_assembly38.fasta : chr # 71  "chrUn_KI270322v1" chrStart: 3105882112
/home/junseokp/workspaces/data/rTea-simul/ref/hg38/Homo_sapiens_assembly38.fasta : chr # 72  "chrUn_KI270320v1" chrStart: 3106144256
/home/junseokp/workspaces/data/rTea-simul/ref/hg38/Homo_sapiens_assembly38.fasta : chr # 73  "chrUn_KI270310v1" chrStart: 3106406400
/home/junseokp/workspaces/data/rTea-simul/ref/hg38/Homo_sapiens_assembly38.fasta : chr # 74  "chrUn_KI270316v1" chrStart: 3106668544
/home/junseokp/workspaces/data/rTea-simul/ref/hg38/Homo_sapiens_assembly38.fasta : chr # 75  "chrUn_KI270315v1" chrStart: 3106930688
/home/junseokp/workspaces/data/rTea-simul/ref/hg38/Homo_sapiens_assembly38.fasta : chr # 76  "chrUn_KI270312v1" chrStart: 3107192832
/home/junseokp/workspaces/data/rTea-simul/ref/hg38/Homo_sapiens_assembly38.fasta : chr # 77  "chrUn_KI270311v1" chrStart: 3107454976
/home/junseokp/workspaces/data/rTea-simul/ref/hg38/Homo_sapiens_assembly38.fasta : chr # 78  "chrUn_KI270317v1" chrStart: 3107717120
/home/junseokp/workspaces/data/rTea-simul/ref/hg38/Homo_sapiens_assembly38.fasta : chr # 79  "chrUn_KI270412v1" chrStart: 3107979264
/home/junseokp/workspaces/data/rTea-simul/ref/hg38/Homo_sapiens_assembly38.fasta : chr # 80  "chrUn_KI270411v1" chrStart: 3108241408
/home/junseokp/workspaces/data/rTea-simul/ref/hg38/Homo_sapiens_assembly38.fasta : chr # 81  "chrUn_KI270414v1" chrStart: 3108503552
/home/junseokp/workspaces/data/rTea-simul/ref/hg38/Homo_sapiens_assembly38.fasta : chr # 82  "chrUn_KI270419v1" chrStart: 3108765696
/home/junseokp/workspaces/data/rTea-simul/ref/hg38/Homo_sapiens_assembly38.fasta : chr # 83  "chrUn_KI270418v1" chrStart: 3109027840
/home/junseokp/workspaces/data/rTea-simul/ref/hg38/Homo_sapiens_assembly38.fasta : chr # 84  "chrUn_KI270420v1" chrStart: 3109289984
/home/junseokp/workspaces/data/rTea-simul/ref/hg38/Homo_sapiens_assembly38.fasta : chr # 85  "chrUn_KI270424v1" chrStart: 3109552128
/home/junseokp/workspaces/data/rTea-simul/ref/hg38/Homo_sapiens_assembly38.fasta : chr # 86  "chrUn_KI270417v1" chrStart: 3109814272
/home/junseokp/workspaces/data/rTea-simul/ref/hg38/Homo_sapiens_assembly38.fasta : chr # 87  "chrUn_KI270422v1" chrStart: 3110076416
/home/junseokp/workspaces/data/rTea-simul/ref/hg38/Homo_sapiens_assembly38.fasta : chr # 88  "chrUn_KI270423v1" chrStart: 3110338560
/home/junseokp/workspaces/data/rTea-simul/ref/hg38/Homo_sapiens_assembly38.fasta : chr # 89  "chrUn_KI270425v1" chrStart: 3110600704
/home/junseokp/workspaces/data/rTea-simul/ref/hg38/Homo_sapiens_assembly38.fasta : chr # 90  "chrUn_KI270429v1" chrStart: 3110862848
/home/junseokp/workspaces/data/rTea-simul/ref/hg38/Homo_sapiens_assembly38.fasta : chr # 91  "chrUn_KI270442v1" chrStart: 3111124992
/home/junseokp/workspaces/data/rTea-simul/ref/hg38/Homo_sapiens_assembly38.fasta : chr # 92  "chrUn_KI270466v1" chrStart: 3111649280
/home/junseokp/workspaces/data/rTea-simul/ref/hg38/Homo_sapiens_assembly38.fasta : chr # 93  "chrUn_KI270465v1" chrStart: 3111911424
/home/junseokp/workspaces/data/rTea-simul/ref/hg38/Homo_sapiens_assembly38.fasta : chr # 94  "chrUn_KI270467v1" chrStart: 3112173568
/home/junseokp/workspaces/data/rTea-simul/ref/hg38/Homo_sapiens_assembly38.fasta : chr # 95  "chrUn_KI270435v1" chrStart: 3112435712
/home/junseokp/workspaces/data/rTea-simul/ref/hg38/Homo_sapiens_assembly38.fasta : chr # 96  "chrUn_KI270438v1" chrStart: 3112697856
/home/junseokp/workspaces/data/rTea-simul/ref/hg38/Homo_sapiens_assembly38.fasta : chr # 97  "chrUn_KI270468v1" chrStart: 3112960000
/home/junseokp/workspaces/data/rTea-simul/ref/hg38/Homo_sapiens_assembly38.fasta : chr # 98  "chrUn_KI270510v1" chrStart: 3113222144
/home/junseokp/workspaces/data/rTea-simul/ref/hg38/Homo_sapiens_assembly38.fasta : chr # 99  "chrUn_KI270509v1" chrStart: 3113484288
/home/junseokp/workspaces/data/rTea-simul/ref/hg38/Homo_sapiens_assembly38.fasta : chr # 100  "chrUn_KI270518v1" chrStart: 3113746432
/home/junseokp/workspaces/data/rTea-simul/ref/hg38/Homo_sapiens_assembly38.fasta : chr # 101  "chrUn_KI270508v1" chrStart: 3114008576
/home/junseokp/workspaces/data/rTea-simul/ref/hg38/Homo_sapiens_assembly38.fasta : chr # 102  "chrUn_KI270516v1" chrStart: 3114270720
/home/junseokp/workspaces/data/rTea-simul/ref/hg38/Homo_sapiens_assembly38.fasta : chr # 103  "chrUn_KI270512v1" chrStart: 3114532864
/home/junseokp/workspaces/data/rTea-simul/ref/hg38/Homo_sapiens_assembly38.fasta : chr # 104  "chrUn_KI270519v1" chrStart: 3114795008
/home/junseokp/workspaces/data/rTea-simul/ref/hg38/Homo_sapiens_assembly38.fasta : chr # 105  "chrUn_KI270522v1" chrStart: 3115057152
/home/junseokp/workspaces/data/rTea-simul/ref/hg38/Homo_sapiens_assembly38.fasta : chr # 106  "chrUn_KI270511v1" chrStart: 3115319296
/home/junseokp/workspaces/data/rTea-simul/ref/hg38/Homo_sapiens_assembly38.fasta : chr # 107  "chrUn_KI270515v1" chrStart: 3115581440
/home/junseokp/workspaces/data/rTea-simul/ref/hg38/Homo_sapiens_assembly38.fasta : chr # 108  "chrUn_KI270507v1" chrStart: 3115843584
/home/junseokp/workspaces/data/rTea-simul/ref/hg38/Homo_sapiens_assembly38.fasta : chr # 109  "chrUn_KI270517v1" chrStart: 3116105728
/home/junseokp/workspaces/data/rTea-simul/ref/hg38/Homo_sapiens_assembly38.fasta : chr # 110  "chrUn_KI270529v1" chrStart: 3116367872
/home/junseokp/workspaces/data/rTea-simul/ref/hg38/Homo_sapiens_assembly38.fasta : chr # 111  "chrUn_KI270528v1" chrStart: 3116630016
/home/junseokp/workspaces/data/rTea-simul/ref/hg38/Homo_sapiens_assembly38.fasta : chr # 112  "chrUn_KI270530v1" chrStart: 3116892160
/home/junseokp/workspaces/data/rTea-simul/ref/hg38/Homo_sapiens_assembly38.fasta : chr # 113  "chrUn_KI270539v1" chrStart: 3117154304
/home/junseokp/workspaces/data/rTea-simul/ref/hg38/Homo_sapiens_assembly38.fasta : chr # 114  "chrUn_KI270538v1" chrStart: 3117416448
/home/junseokp/workspaces/data/rTea-simul/ref/hg38/Homo_sapiens_assembly38.fasta : chr # 115  "chrUn_KI270544v1" chrStart: 3117678592
/home/junseokp/workspaces/data/rTea-simul/ref/hg38/Homo_sapiens_assembly38.fasta : chr # 116  "chrUn_KI270548v1" chrStart: 3117940736
/home/junseokp/workspaces/data/rTea-simul/ref/hg38/Homo_sapiens_assembly38.fasta : chr # 117  "chrUn_KI270583v1" chrStart: 3118202880
/home/junseokp/workspaces/data/rTea-simul/ref/hg38/Homo_sapiens_assembly38.fasta : chr # 118  "chrUn_KI270587v1" chrStart: 3118465024
/home/junseokp/workspaces/data/rTea-simul/ref/hg38/Homo_sapiens_assembly38.fasta : chr # 119  "chrUn_KI270580v1" chrStart: 3118727168
/home/junseokp/workspaces/data/rTea-simul/ref/hg38/Homo_sapiens_assembly38.fasta : chr # 120  "chrUn_KI270581v1" chrStart: 3118989312
/home/junseokp/workspaces/data/rTea-simul/ref/hg38/Homo_sapiens_assembly38.fasta : chr # 121  "chrUn_KI270579v1" chrStart: 3119251456
/home/junseokp/workspaces/data/rTea-simul/ref/hg38/Homo_sapiens_assembly38.fasta : chr # 122  "chrUn_KI270589v1" chrStart: 3119513600
/home/junseokp/workspaces/data/rTea-simul/ref/hg38/Homo_sapiens_assembly38.fasta : chr # 123  "chrUn_KI270590v1" chrStart: 3119775744
/home/junseokp/workspaces/data/rTea-simul/ref/hg38/Homo_sapiens_assembly38.fasta : chr # 124  "chrUn_KI270584v1" chrStart: 3120037888
/home/junseokp/workspaces/data/rTea-simul/ref/hg38/Homo_sapiens_assembly38.fasta : chr # 125  "chrUn_KI270582v1" chrStart: 3120300032
/home/junseokp/workspaces/data/rTea-simul/ref/hg38/Homo_sapiens_assembly38.fasta : chr # 126  "chrUn_KI270588v1" chrStart: 3120562176
/home/junseokp/workspaces/data/rTea-simul/ref/hg38/Homo_sapiens_assembly38.fasta : chr # 127  "chrUn_KI270593v1" chrStart: 3120824320
/home/junseokp/workspaces/data/rTea-simul/ref/hg38/Homo_sapiens_assembly38.fasta : chr # 128  "chrUn_KI270591v1" chrStart: 3121086464
/home/junseokp/workspaces/data/rTea-simul/ref/hg38/Homo_sapiens_assembly38.fasta : chr # 129  "chrUn_KI270330v1" chrStart: 3121348608
/home/junseokp/workspaces/data/rTea-simul/ref/hg38/Homo_sapiens_assembly38.fasta : chr # 130  "chrUn_KI270329v1" chrStart: 3121610752
/home/junseokp/workspaces/data/rTea-simul/ref/hg38/Homo_sapiens_assembly38.fasta : chr # 131  "chrUn_KI270334v1" chrStart: 3121872896
/home/junseokp/workspaces/data/rTea-simul/ref/hg38/Homo_sapiens_assembly38.fasta : chr # 132  "chrUn_KI270333v1" chrStart: 3122135040
/home/junseokp/workspaces/data/rTea-simul/ref/hg38/Homo_sapiens_assembly38.fasta : chr # 133  "chrUn_KI270335v1" chrStart: 3122397184
/home/junseokp/workspaces/data/rTea-simul/ref/hg38/Homo_sapiens_assembly38.fasta : chr # 134  "chrUn_KI270338v1" chrStart: 3122659328
/home/junseokp/workspaces/data/rTea-simul/ref/hg38/Homo_sapiens_assembly38.fasta : chr # 135  "chrUn_KI270340v1" chrStart: 3122921472
/home/junseokp/workspaces/data/rTea-simul/ref/hg38/Homo_sapiens_assembly38.fasta : chr # 136  "chrUn_KI270336v1" chrStart: 3123183616
/home/junseokp/workspaces/data/rTea-simul/ref/hg38/Homo_sapiens_assembly38.fasta : chr # 137  "chrUn_KI270337v1" chrStart: 3123445760
/home/junseokp/workspaces/data/rTea-simul/ref/hg38/Homo_sapiens_assembly38.fasta : chr # 138  "chrUn_KI270363v1" chrStart: 3123707904
/home/junseokp/workspaces/data/rTea-simul/ref/hg38/Homo_sapiens_assembly38.fasta : chr # 139  "chrUn_KI270364v1" chrStart: 3123970048
/home/junseokp/workspaces/data/rTea-simul/ref/hg38/Homo_sapiens_assembly38.fasta : chr # 140  "chrUn_KI270362v1" chrStart: 3124232192
/home/junseokp/workspaces/data/rTea-simul/ref/hg38/Homo_sapiens_assembly38.fasta : chr # 141  "chrUn_KI270366v1" chrStart: 3124494336
/home/junseokp/workspaces/data/rTea-simul/ref/hg38/Homo_sapiens_assembly38.fasta : chr # 142  "chrUn_KI270378v1" chrStart: 3124756480
/home/junseokp/workspaces/data/rTea-simul/ref/hg38/Homo_sapiens_assembly38.fasta : chr # 143  "chrUn_KI270379v1" chrStart: 3125018624
/home/junseokp/workspaces/data/rTea-simul/ref/hg38/Homo_sapiens_assembly38.fasta : chr # 144  "chrUn_KI270389v1" chrStart: 3125280768
/home/junseokp/workspaces/data/rTea-simul/ref/hg38/Homo_sapiens_assembly38.fasta : chr # 145  "chrUn_KI270390v1" chrStart: 3125542912
/home/junseokp/workspaces/data/rTea-simul/ref/hg38/Homo_sapiens_assembly38.fasta : chr # 146  "chrUn_KI270387v1" chrStart: 3125805056
/home/junseokp/workspaces/data/rTea-simul/ref/hg38/Homo_sapiens_assembly38.fasta : chr # 147  "chrUn_KI270395v1" chrStart: 3126067200
/home/junseokp/workspaces/data/rTea-simul/ref/hg38/Homo_sapiens_assembly38.fasta : chr # 148  "chrUn_KI270396v1" chrStart: 3126329344
/home/junseokp/workspaces/data/rTea-simul/ref/hg38/Homo_sapiens_assembly38.fasta : chr # 149  "chrUn_KI270388v1" chrStart: 3126591488
/home/junseokp/workspaces/data/rTea-simul/ref/hg38/Homo_sapiens_assembly38.fasta : chr # 150  "chrUn_KI270394v1" chrStart: 3126853632
/home/junseokp/workspaces/data/rTea-simul/ref/hg38/Homo_sapiens_assembly38.fasta : chr # 151  "chrUn_KI270386v1" chrStart: 3127115776
/home/junseokp/workspaces/data/rTea-simul/ref/hg38/Homo_sapiens_assembly38.fasta : chr # 152  "chrUn_KI270391v1" chrStart: 3127377920
/home/junseokp/workspaces/data/rTea-simul/ref/hg38/Homo_sapiens_assembly38.fasta : chr # 153  "chrUn_KI270383v1" chrStart: 3127640064
/home/junseokp/workspaces/data/rTea-simul/ref/hg38/Homo_sapiens_assembly38.fasta : chr # 154  "chrUn_KI270393v1" chrStart: 3127902208
/home/junseokp/workspaces/data/rTea-simul/ref/hg38/Homo_sapiens_assembly38.fasta : chr # 155  "chrUn_KI270384v1" chrStart: 3128164352
/home/junseokp/workspaces/data/rTea-simul/ref/hg38/Homo_sapiens_assembly38.fasta : chr # 156  "chrUn_KI270392v1" chrStart: 3128426496
/home/junseokp/workspaces/data/rTea-simul/ref/hg38/Homo_sapiens_assembly38.fasta : chr # 157  "chrUn_KI270381v1" chrStart: 3128688640
/home/junseokp/workspaces/data/rTea-simul/ref/hg38/Homo_sapiens_assembly38.fasta : chr # 158  "chrUn_KI270385v1" chrStart: 3128950784
/home/junseokp/workspaces/data/rTea-simul/ref/hg38/Homo_sapiens_assembly38.fasta : chr # 159  "chrUn_KI270382v1" chrStart: 3129212928
/home/junseokp/workspaces/data/rTea-simul/ref/hg38/Homo_sapiens_assembly38.fasta : chr # 160  "chrUn_KI270376v1" chrStart: 3129475072
/home/junseokp/workspaces/data/rTea-simul/ref/hg38/Homo_sapiens_assembly38.fasta : chr # 161  "chrUn_KI270374v1" chrStart: 3129737216
/home/junseokp/workspaces/data/rTea-simul/ref/hg38/Homo_sapiens_assembly38.fasta : chr # 162  "chrUn_KI270372v1" chrStart: 3129999360
/home/junseokp/workspaces/data/rTea-simul/ref/hg38/Homo_sapiens_assembly38.fasta : chr # 163  "chrUn_KI270373v1" chrStart: 3130261504
/home/junseokp/workspaces/data/rTea-simul/ref/hg38/Homo_sapiens_assembly38.fasta : chr # 164  "chrUn_KI270375v1" chrStart: 3130523648
/home/junseokp/workspaces/data/rTea-simul/ref/hg38/Homo_sapiens_assembly38.fasta : chr # 165  "chrUn_KI270371v1" chrStart: 3130785792
/home/junseokp/workspaces/data/rTea-simul/ref/hg38/Homo_sapiens_assembly38.fasta : chr # 166  "chrUn_KI270448v1" chrStart: 3131047936
/home/junseokp/workspaces/data/rTea-simul/ref/hg38/Homo_sapiens_assembly38.fasta : chr # 167  "chrUn_KI270521v1" chrStart: 3131310080
/home/junseokp/workspaces/data/rTea-simul/ref/hg38/Homo_sapiens_assembly38.fasta : chr # 168  "chrUn_GL000195v1" chrStart: 3131572224
/home/junseokp/workspaces/data/rTea-simul/ref/hg38/Homo_sapiens_assembly38.fasta : chr # 169  "chrUn_GL000219v1" chrStart: 3131834368
/home/junseokp/workspaces/data/rTea-simul/ref/hg38/Homo_sapiens_assembly38.fasta : chr # 170  "chrUn_GL000220v1" chrStart: 3132096512
/home/junseokp/workspaces/data/rTea-simul/ref/hg38/Homo_sapiens_assembly38.fasta : chr # 171  "chrUn_GL000224v1" chrStart: 3132358656
/home/junseokp/workspaces/data/rTea-simul/ref/hg38/Homo_sapiens_assembly38.fasta : chr # 172  "chrUn_KI270741v1" chrStart: 3132620800
/home/junseokp/workspaces/data/rTea-simul/ref/hg38/Homo_sapiens_assembly38.fasta : chr # 173  "chrUn_GL000226v1" chrStart: 3132882944
/home/junseokp/workspaces/data/rTea-simul/ref/hg38/Homo_sapiens_assembly38.fasta : chr # 174  "chrUn_GL000213v1" chrStart: 3133145088
/home/junseokp/workspaces/data/rTea-simul/ref/hg38/Homo_sapiens_assembly38.fasta : chr # 175  "chrUn_KI270743v1" chrStart: 3133407232
/home/junseokp/workspaces/data/rTea-simul/ref/hg38/Homo_sapiens_assembly38.fasta : chr # 176  "chrUn_KI270744v1" chrStart: 3133669376
/home/junseokp/workspaces/data/rTea-simul/ref/hg38/Homo_sapiens_assembly38.fasta : chr # 177  "chrUn_KI270745v1" chrStart: 3133931520
/home/junseokp/workspaces/data/rTea-simul/ref/hg38/Homo_sapiens_assembly38.fasta : chr # 178  "chrUn_KI270746v1" chrStart: 3134193664
/home/junseokp/workspaces/data/rTea-simul/ref/hg38/Homo_sapiens_assembly38.fasta : chr # 179  "chrUn_KI270747v1" chrStart: 3134455808
/home/junseokp/workspaces/data/rTea-simul/ref/hg38/Homo_sapiens_assembly38.fasta : chr # 180  "chrUn_KI270748v1" chrStart: 3134717952
/home/junseokp/workspaces/data/rTea-simul/ref/hg38/Homo_sapiens_assembly38.fasta : chr # 181  "chrUn_KI270749v1" chrStart: 3134980096
/home/junseokp/workspaces/data/rTea-simul/ref/hg38/Homo_sapiens_assembly38.fasta : chr # 182  "chrUn_KI270750v1" chrStart: 3135242240
/home/junseokp/workspaces/data/rTea-simul/ref/hg38/Homo_sapiens_assembly38.fasta : chr # 183  "chrUn_KI270751v1" chrStart: 3135504384
/home/junseokp/workspaces/data/rTea-simul/ref/hg38/Homo_sapiens_assembly38.fasta : chr # 184  "chrUn_KI270752v1" chrStart: 3135766528
/home/junseokp/workspaces/data/rTea-simul/ref/hg38/Homo_sapiens_assembly38.fasta : chr # 185  "chrUn_KI270753v1" chrStart: 3136028672
/home/junseokp/workspaces/data/rTea-simul/ref/hg38/Homo_sapiens_assembly38.fasta : chr # 186  "chrUn_KI270754v1" chrStart: 3136290816
/home/junseokp/workspaces/data/rTea-simul/ref/hg38/Homo_sapiens_assembly38.fasta : chr # 187  "chrUn_KI270755v1" chrStart: 3136552960
/home/junseokp/workspaces/data/rTea-simul/ref/hg38/Homo_sapiens_assembly38.fasta : chr # 188  "chrUn_KI270756v1" chrStart: 3136815104
/home/junseokp/workspaces/data/rTea-simul/ref/hg38/Homo_sapiens_assembly38.fasta : chr # 189  "chrUn_KI270757v1" chrStart: 3137077248
/home/junseokp/workspaces/data/rTea-simul/ref/hg38/Homo_sapiens_assembly38.fasta : chr # 190  "chrUn_GL000214v1" chrStart: 3137339392
/home/junseokp/workspaces/data/rTea-simul/ref/hg38/Homo_sapiens_assembly38.fasta : chr # 191  "chrUn_KI270742v1" chrStart: 3137601536
/home/junseokp/workspaces/data/rTea-simul/ref/hg38/Homo_sapiens_assembly38.fasta : chr # 192  "chrUn_GL000216v2" chrStart: 3137863680
/home/junseokp/workspaces/data/rTea-simul/ref/hg38/Homo_sapiens_assembly38.fasta : chr # 193  "chrUn_GL000218v1" chrStart: 3138125824
/home/junseokp/workspaces/data/rTea-simul/ref/hg38/Homo_sapiens_assembly38.fasta : chr # 194  "chr1_KI270762v1_alt" chrStart: 3138387968
/home/junseokp/workspaces/data/rTea-simul/ref/hg38/Homo_sapiens_assembly38.fasta : chr # 195  "chr1_KI270766v1_alt" chrStart: 3138912256
/home/junseokp/workspaces/data/rTea-simul/ref/hg38/Homo_sapiens_assembly38.fasta : chr # 196  "chr1_KI270760v1_alt" chrStart: 3139174400
/home/junseokp/workspaces/data/rTea-simul/ref/hg38/Homo_sapiens_assembly38.fasta : chr # 197  "chr1_KI270765v1_alt" chrStart: 3139436544
/home/junseokp/workspaces/data/rTea-simul/ref/hg38/Homo_sapiens_assembly38.fasta : chr # 198  "chr1_GL383518v1_alt" chrStart: 3139698688
/home/junseokp/workspaces/data/rTea-simul/ref/hg38/Homo_sapiens_assembly38.fasta : chr # 199  "chr1_GL383519v1_alt" chrStart: 3139960832
/home/junseokp/workspaces/data/rTea-simul/ref/hg38/Homo_sapiens_assembly38.fasta : chr # 200  "chr1_GL383520v2_alt" chrStart: 3140222976
/home/junseokp/workspaces/data/rTea-simul/ref/hg38/Homo_sapiens_assembly38.fasta : chr # 201  "chr1_KI270764v1_alt" chrStart: 3140747264
/home/junseokp/workspaces/data/rTea-simul/ref/hg38/Homo_sapiens_assembly38.fasta : chr # 202  "chr1_KI270763v1_alt" chrStart: 3141009408
/home/junseokp/workspaces/data/rTea-simul/ref/hg38/Homo_sapiens_assembly38.fasta : chr # 203  "chr1_KI270759v1_alt" chrStart: 3142057984
/home/junseokp/workspaces/data/rTea-simul/ref/hg38/Homo_sapiens_assembly38.fasta : chr # 204  "chr1_KI270761v1_alt" chrStart: 3142582272
/home/junseokp/workspaces/data/rTea-simul/ref/hg38/Homo_sapiens_assembly38.fasta : chr # 205  "chr2_KI270770v1_alt" chrStart: 3142844416
/home/junseokp/workspaces/data/rTea-simul/ref/hg38/Homo_sapiens_assembly38.fasta : chr # 206  "chr2_KI270773v1_alt" chrStart: 3143106560
/home/junseokp/workspaces/data/rTea-simul/ref/hg38/Homo_sapiens_assembly38.fasta : chr # 207  "chr2_KI270774v1_alt" chrStart: 3143368704
/home/junseokp/workspaces/data/rTea-simul/ref/hg38/Homo_sapiens_assembly38.fasta : chr # 208  "chr2_KI270769v1_alt" chrStart: 3143630848
/home/junseokp/workspaces/data/rTea-simul/ref/hg38/Homo_sapiens_assembly38.fasta : chr # 209  "chr2_GL383521v1_alt" chrStart: 3143892992
/home/junseokp/workspaces/data/rTea-simul/ref/hg38/Homo_sapiens_assembly38.fasta : chr # 210  "chr2_KI270772v1_alt" chrStart: 3144155136
/home/junseokp/workspaces/data/rTea-simul/ref/hg38/Homo_sapiens_assembly38.fasta : chr # 211  "chr2_KI270775v1_alt" chrStart: 3144417280
/home/junseokp/workspaces/data/rTea-simul/ref/hg38/Homo_sapiens_assembly38.fasta : chr # 212  "chr2_KI270771v1_alt" chrStart: 3144679424
/home/junseokp/workspaces/data/rTea-simul/ref/hg38/Homo_sapiens_assembly38.fasta : chr # 213  "chr2_KI270768v1_alt" chrStart: 3144941568
/home/junseokp/workspaces/data/rTea-simul/ref/hg38/Homo_sapiens_assembly38.fasta : chr # 214  "chr2_GL582966v2_alt" chrStart: 3145203712
/home/junseokp/workspaces/data/rTea-simul/ref/hg38/Homo_sapiens_assembly38.fasta : chr # 215  "chr2_GL383522v1_alt" chrStart: 3145465856
/home/junseokp/workspaces/data/rTea-simul/ref/hg38/Homo_sapiens_assembly38.fasta : chr # 216  "chr2_KI270776v1_alt" chrStart: 3145728000
/home/junseokp/workspaces/data/rTea-simul/ref/hg38/Homo_sapiens_assembly38.fasta : chr # 217  "chr2_KI270767v1_alt" chrStart: 3145990144
/home/junseokp/workspaces/data/rTea-simul/ref/hg38/Homo_sapiens_assembly38.fasta : chr # 218  "chr3_JH636055v2_alt" chrStart: 3146252288
/home/junseokp/workspaces/data/rTea-simul/ref/hg38/Homo_sapiens_assembly38.fasta : chr # 219  "chr3_KI270783v1_alt" chrStart: 3146514432
/home/junseokp/workspaces/data/rTea-simul/ref/hg38/Homo_sapiens_assembly38.fasta : chr # 220  "chr3_KI270780v1_alt" chrStart: 3146776576
/home/junseokp/workspaces/data/rTea-simul/ref/hg38/Homo_sapiens_assembly38.fasta : chr # 221  "chr3_GL383526v1_alt" chrStart: 3147038720
/home/junseokp/workspaces/data/rTea-simul/ref/hg38/Homo_sapiens_assembly38.fasta : chr # 222  "chr3_KI270777v1_alt" chrStart: 3147300864
/home/junseokp/workspaces/data/rTea-simul/ref/hg38/Homo_sapiens_assembly38.fasta : chr # 223  "chr3_KI270778v1_alt" chrStart: 3147563008
/home/junseokp/workspaces/data/rTea-simul/ref/hg38/Homo_sapiens_assembly38.fasta : chr # 224  "chr3_KI270781v1_alt" chrStart: 3147825152
/home/junseokp/workspaces/data/rTea-simul/ref/hg38/Homo_sapiens_assembly38.fasta : chr # 225  "chr3_KI270779v1_alt" chrStart: 3148087296
/home/junseokp/workspaces/data/rTea-simul/ref/hg38/Homo_sapiens_assembly38.fasta : chr # 226  "chr3_KI270782v1_alt" chrStart: 3148349440
/home/junseokp/workspaces/data/rTea-simul/ref/hg38/Homo_sapiens_assembly38.fasta : chr # 227  "chr3_KI270784v1_alt" chrStart: 3148611584
/home/junseokp/workspaces/data/rTea-simul/ref/hg38/Homo_sapiens_assembly38.fasta : chr # 228  "chr4_KI270790v1_alt" chrStart: 3148873728
/home/junseokp/workspaces/data/rTea-simul/ref/hg38/Homo_sapiens_assembly38.fasta : chr # 229  "chr4_GL383528v1_alt" chrStart: 3149135872
/home/junseokp/workspaces/data/rTea-simul/ref/hg38/Homo_sapiens_assembly38.fasta : chr # 230  "chr4_KI270787v1_alt" chrStart: 3149660160
/home/junseokp/workspaces/data/rTea-simul/ref/hg38/Homo_sapiens_assembly38.fasta : chr # 231  "chr4_GL000257v2_alt" chrStart: 3149922304
/home/junseokp/workspaces/data/rTea-simul/ref/hg38/Homo_sapiens_assembly38.fasta : chr # 232  "chr4_KI270788v1_alt" chrStart: 3150708736
/home/junseokp/workspaces/data/rTea-simul/ref/hg38/Homo_sapiens_assembly38.fasta : chr # 233  "chr4_GL383527v1_alt" chrStart: 3150970880
/home/junseokp/workspaces/data/rTea-simul/ref/hg38/Homo_sapiens_assembly38.fasta : chr # 234  "chr4_KI270785v1_alt" chrStart: 3151233024
/home/junseokp/workspaces/data/rTea-simul/ref/hg38/Homo_sapiens_assembly38.fasta : chr # 235  "chr4_KI270789v1_alt" chrStart: 3151495168
/home/junseokp/workspaces/data/rTea-simul/ref/hg38/Homo_sapiens_assembly38.fasta : chr # 236  "chr4_KI270786v1_alt" chrStart: 3151757312
/home/junseokp/workspaces/data/rTea-simul/ref/hg38/Homo_sapiens_assembly38.fasta : chr # 237  "chr5_KI270793v1_alt" chrStart: 3152019456
/home/junseokp/workspaces/data/rTea-simul/ref/hg38/Homo_sapiens_assembly38.fasta : chr # 238  "chr5_KI270792v1_alt" chrStart: 3152281600
/home/junseokp/workspaces/data/rTea-simul/ref/hg38/Homo_sapiens_assembly38.fasta : chr # 239  "chr5_KI270791v1_alt" chrStart: 3152543744
/home/junseokp/workspaces/data/rTea-simul/ref/hg38/Homo_sapiens_assembly38.fasta : chr # 240  "chr5_GL383532v1_alt" chrStart: 3152805888
/home/junseokp/workspaces/data/rTea-simul/ref/hg38/Homo_sapiens_assembly38.fasta : chr # 241  "chr5_GL949742v1_alt" chrStart: 3153068032
/home/junseokp/workspaces/data/rTea-simul/ref/hg38/Homo_sapiens_assembly38.fasta : chr # 242  "chr5_KI270794v1_alt" chrStart: 3153330176
/home/junseokp/workspaces/data/rTea-simul/ref/hg38/Homo_sapiens_assembly38.fasta : chr # 243  "chr5_GL339449v2_alt" chrStart: 3153592320
/home/junseokp/workspaces/data/rTea-simul/ref/hg38/Homo_sapiens_assembly38.fasta : chr # 244  "chr5_GL383530v1_alt" chrStart: 3155427328
/home/junseokp/workspaces/data/rTea-simul/ref/hg38/Homo_sapiens_assembly38.fasta : chr # 245  "chr5_KI270796v1_alt" chrStart: 3155689472
/home/junseokp/workspaces/data/rTea-simul/ref/hg38/Homo_sapiens_assembly38.fasta : chr # 246  "chr5_GL383531v1_alt" chrStart: 3155951616
/home/junseokp/workspaces/data/rTea-simul/ref/hg38/Homo_sapiens_assembly38.fasta : chr # 247  "chr5_KI270795v1_alt" chrStart: 3156213760
/home/junseokp/workspaces/data/rTea-simul/ref/hg38/Homo_sapiens_assembly38.fasta : chr # 248  "chr6_GL000250v2_alt" chrStart: 3156475904
/home/junseokp/workspaces/data/rTea-simul/ref/hg38/Homo_sapiens_assembly38.fasta : chr # 249  "chr6_KI270800v1_alt" chrStart: 3161194496
/home/junseokp/workspaces/data/rTea-simul/ref/hg38/Homo_sapiens_assembly38.fasta : chr # 250  "chr6_KI270799v1_alt" chrStart: 3161456640
/home/junseokp/workspaces/data/rTea-simul/ref/hg38/Homo_sapiens_assembly38.fasta : chr # 251  "chr6_GL383533v1_alt" chrStart: 3161718784
/home/junseokp/workspaces/data/rTea-simul/ref/hg38/Homo_sapiens_assembly38.fasta : chr # 252  "chr6_KI270801v1_alt" chrStart: 3161980928
/home/junseokp/workspaces/data/rTea-simul/ref/hg38/Homo_sapiens_assembly38.fasta : chr # 253  "chr6_KI270802v1_alt" chrStart: 3163029504
/home/junseokp/workspaces/data/rTea-simul/ref/hg38/Homo_sapiens_assembly38.fasta : chr # 254  "chr6_KB021644v2_alt" chrStart: 3163291648
/home/junseokp/workspaces/data/rTea-simul/ref/hg38/Homo_sapiens_assembly38.fasta : chr # 255  "chr6_KI270797v1_alt" chrStart: 3163553792
/home/junseokp/workspaces/data/rTea-simul/ref/hg38/Homo_sapiens_assembly38.fasta : chr # 256  "chr6_KI270798v1_alt" chrStart: 3163815936
/home/junseokp/workspaces/data/rTea-simul/ref/hg38/Homo_sapiens_assembly38.fasta : chr # 257  "chr7_KI270804v1_alt" chrStart: 3164340224
/home/junseokp/workspaces/data/rTea-simul/ref/hg38/Homo_sapiens_assembly38.fasta : chr # 258  "chr7_KI270809v1_alt" chrStart: 3164602368
/home/junseokp/workspaces/data/rTea-simul/ref/hg38/Homo_sapiens_assembly38.fasta : chr # 259  "chr7_KI270806v1_alt" chrStart: 3164864512
/home/junseokp/workspaces/data/rTea-simul/ref/hg38/Homo_sapiens_assembly38.fasta : chr # 260  "chr7_GL383534v2_alt" chrStart: 3165126656
/home/junseokp/workspaces/data/rTea-simul/ref/hg38/Homo_sapiens_assembly38.fasta : chr # 261  "chr7_KI270803v1_alt" chrStart: 3165388800
/home/junseokp/workspaces/data/rTea-simul/ref/hg38/Homo_sapiens_assembly38.fasta : chr # 262  "chr7_KI270808v1_alt" chrStart: 3166699520
/home/junseokp/workspaces/data/rTea-simul/ref/hg38/Homo_sapiens_assembly38.fasta : chr # 263  "chr7_KI270807v1_alt" chrStart: 3167223808
/home/junseokp/workspaces/data/rTea-simul/ref/hg38/Homo_sapiens_assembly38.fasta : chr # 264  "chr7_KI270805v1_alt" chrStart: 3167485952
/home/junseokp/workspaces/data/rTea-simul/ref/hg38/Homo_sapiens_assembly38.fasta : chr # 265  "chr8_KI270818v1_alt" chrStart: 3167748096
/home/junseokp/workspaces/data/rTea-simul/ref/hg38/Homo_sapiens_assembly38.fasta : chr # 266  "chr8_KI270812v1_alt" chrStart: 3168010240
/home/junseokp/workspaces/data/rTea-simul/ref/hg38/Homo_sapiens_assembly38.fasta : chr # 267  "chr8_KI270811v1_alt" chrStart: 3168534528
/home/junseokp/workspaces/data/rTea-simul/ref/hg38/Homo_sapiens_assembly38.fasta : chr # 268  "chr8_KI270821v1_alt" chrStart: 3169058816
/home/junseokp/workspaces/data/rTea-simul/ref/hg38/Homo_sapiens_assembly38.fasta : chr # 269  "chr8_KI270813v1_alt" chrStart: 3170107392
/home/junseokp/workspaces/data/rTea-simul/ref/hg38/Homo_sapiens_assembly38.fasta : chr # 270  "chr8_KI270822v1_alt" chrStart: 3170631680
/home/junseokp/workspaces/data/rTea-simul/ref/hg38/Homo_sapiens_assembly38.fasta : chr # 271  "chr8_KI270814v1_alt" chrStart: 3171418112
/home/junseokp/workspaces/data/rTea-simul/ref/hg38/Homo_sapiens_assembly38.fasta : chr # 272  "chr8_KI270810v1_alt" chrStart: 3171680256
/home/junseokp/workspaces/data/rTea-simul/ref/hg38/Homo_sapiens_assembly38.fasta : chr # 273  "chr8_KI270819v1_alt" chrStart: 3172204544
/home/junseokp/workspaces/data/rTea-simul/ref/hg38/Homo_sapiens_assembly38.fasta : chr # 274  "chr8_KI270820v1_alt" chrStart: 3172466688
/home/junseokp/workspaces/data/rTea-simul/ref/hg38/Homo_sapiens_assembly38.fasta : chr # 275  "chr8_KI270817v1_alt" chrStart: 3172728832
/home/junseokp/workspaces/data/rTea-simul/ref/hg38/Homo_sapiens_assembly38.fasta : chr # 276  "chr8_KI270816v1_alt" chrStart: 3172990976
/home/junseokp/workspaces/data/rTea-simul/ref/hg38/Homo_sapiens_assembly38.fasta : chr # 277  "chr8_KI270815v1_alt" chrStart: 3173515264
/home/junseokp/workspaces/data/rTea-simul/ref/hg38/Homo_sapiens_assembly38.fasta : chr # 278  "chr9_GL383539v1_alt" chrStart: 3173777408
/home/junseokp/workspaces/data/rTea-simul/ref/hg38/Homo_sapiens_assembly38.fasta : chr # 279  "chr9_GL383540v1_alt" chrStart: 3174039552
/home/junseokp/workspaces/data/rTea-simul/ref/hg38/Homo_sapiens_assembly38.fasta : chr # 280  "chr9_GL383541v1_alt" chrStart: 3174301696
/home/junseokp/workspaces/data/rTea-simul/ref/hg38/Homo_sapiens_assembly38.fasta : chr # 281  "chr9_GL383542v1_alt" chrStart: 3174563840
/home/junseokp/workspaces/data/rTea-simul/ref/hg38/Homo_sapiens_assembly38.fasta : chr # 282  "chr9_KI270823v1_alt" chrStart: 3174825984
/home/junseokp/workspaces/data/rTea-simul/ref/hg38/Homo_sapiens_assembly38.fasta : chr # 283  "chr10_GL383545v1_alt" chrStart: 3175350272
/home/junseokp/workspaces/data/rTea-simul/ref/hg38/Homo_sapiens_assembly38.fasta : chr # 284  "chr10_KI270824v1_alt" chrStart: 3175612416
/home/junseokp/workspaces/data/rTea-simul/ref/hg38/Homo_sapiens_assembly38.fasta : chr # 285  "chr10_GL383546v1_alt" chrStart: 3175874560
/home/junseokp/workspaces/data/rTea-simul/ref/hg38/Homo_sapiens_assembly38.fasta : chr # 286  "chr10_KI270825v1_alt" chrStart: 3176398848
/home/junseokp/workspaces/data/rTea-simul/ref/hg38/Homo_sapiens_assembly38.fasta : chr # 287  "chr11_KI270832v1_alt" chrStart: 3176660992
/home/junseokp/workspaces/data/rTea-simul/ref/hg38/Homo_sapiens_assembly38.fasta : chr # 288  "chr11_KI270830v1_alt" chrStart: 3176923136
/home/junseokp/workspaces/data/rTea-simul/ref/hg38/Homo_sapiens_assembly38.fasta : chr # 289  "chr11_KI270831v1_alt" chrStart: 3177185280
/home/junseokp/workspaces/data/rTea-simul/ref/hg38/Homo_sapiens_assembly38.fasta : chr # 290  "chr11_KI270829v1_alt" chrStart: 3177709568
/home/junseokp/workspaces/data/rTea-simul/ref/hg38/Homo_sapiens_assembly38.fasta : chr # 291  "chr11_GL383547v1_alt" chrStart: 3177971712
/home/junseokp/workspaces/data/rTea-simul/ref/hg38/Homo_sapiens_assembly38.fasta : chr # 292  "chr11_JH159136v1_alt" chrStart: 3178233856
/home/junseokp/workspaces/data/rTea-simul/ref/hg38/Homo_sapiens_assembly38.fasta : chr # 293  "chr11_JH159137v1_alt" chrStart: 3178496000
/home/junseokp/workspaces/data/rTea-simul/ref/hg38/Homo_sapiens_assembly38.fasta : chr # 294  "chr11_KI270827v1_alt" chrStart: 3178758144
/home/junseokp/workspaces/data/rTea-simul/ref/hg38/Homo_sapiens_assembly38.fasta : chr # 295  "chr11_KI270826v1_alt" chrStart: 3179020288
/home/junseokp/workspaces/data/rTea-simul/ref/hg38/Homo_sapiens_assembly38.fasta : chr # 296  "chr12_GL877875v1_alt" chrStart: 3179282432
/home/junseokp/workspaces/data/rTea-simul/ref/hg38/Homo_sapiens_assembly38.fasta : chr # 297  "chr12_GL877876v1_alt" chrStart: 3179544576
/home/junseokp/workspaces/data/rTea-simul/ref/hg38/Homo_sapiens_assembly38.fasta : chr # 298  "chr12_KI270837v1_alt" chrStart: 3180068864
/home/junseokp/workspaces/data/rTea-simul/ref/hg38/Homo_sapiens_assembly38.fasta : chr # 299  "chr12_GL383549v1_alt" chrStart: 3180331008
/home/junseokp/workspaces/data/rTea-simul/ref/hg38/Homo_sapiens_assembly38.fasta : chr # 300  "chr12_KI270835v1_alt" chrStart: 3180593152
/home/junseokp/workspaces/data/rTea-simul/ref/hg38/Homo_sapiens_assembly38.fasta : chr # 301  "chr12_GL383550v2_alt" chrStart: 3180855296
/home/junseokp/workspaces/data/rTea-simul/ref/hg38/Homo_sapiens_assembly38.fasta : chr # 302  "chr12_GL383552v1_alt" chrStart: 3181117440
/home/junseokp/workspaces/data/rTea-simul/ref/hg38/Homo_sapiens_assembly38.fasta : chr # 303  "chr12_GL383553v2_alt" chrStart: 3181379584
/home/junseokp/workspaces/data/rTea-simul/ref/hg38/Homo_sapiens_assembly38.fasta : chr # 304  "chr12_KI270834v1_alt" chrStart: 3181641728
/home/junseokp/workspaces/data/rTea-simul/ref/hg38/Homo_sapiens_assembly38.fasta : chr # 305  "chr12_GL383551v1_alt" chrStart: 3181903872
/home/junseokp/workspaces/data/rTea-simul/ref/hg38/Homo_sapiens_assembly38.fasta : chr # 306  "chr12_KI270833v1_alt" chrStart: 3182166016
/home/junseokp/workspaces/data/rTea-simul/ref/hg38/Homo_sapiens_assembly38.fasta : chr # 307  "chr12_KI270836v1_alt" chrStart: 3182428160
/home/junseokp/workspaces/data/rTea-simul/ref/hg38/Homo_sapiens_assembly38.fasta : chr # 308  "chr13_KI270840v1_alt" chrStart: 3182690304
/home/junseokp/workspaces/data/rTea-simul/ref/hg38/Homo_sapiens_assembly38.fasta : chr # 309  "chr13_KI270839v1_alt" chrStart: 3182952448
/home/junseokp/workspaces/data/rTea-simul/ref/hg38/Homo_sapiens_assembly38.fasta : chr # 310  "chr13_KI270843v1_alt" chrStart: 3183214592
/home/junseokp/workspaces/data/rTea-simul/ref/hg38/Homo_sapiens_assembly38.fasta : chr # 311  "chr13_KI270841v1_alt" chrStart: 3183476736
/home/junseokp/workspaces/data/rTea-simul/ref/hg38/Homo_sapiens_assembly38.fasta : chr # 312  "chr13_KI270838v1_alt" chrStart: 3183738880
/home/junseokp/workspaces/data/rTea-simul/ref/hg38/Homo_sapiens_assembly38.fasta : chr # 313  "chr13_KI270842v1_alt" chrStart: 3184263168
/home/junseokp/workspaces/data/rTea-simul/ref/hg38/Homo_sapiens_assembly38.fasta : chr # 314  "chr14_KI270844v1_alt" chrStart: 3184525312
/home/junseokp/workspaces/data/rTea-simul/ref/hg38/Homo_sapiens_assembly38.fasta : chr # 315  "chr14_KI270847v1_alt" chrStart: 3185049600
/home/junseokp/workspaces/data/rTea-simul/ref/hg38/Homo_sapiens_assembly38.fasta : chr # 316  "chr14_KI270845v1_alt" chrStart: 3186622464
/home/junseokp/workspaces/data/rTea-simul/ref/hg38/Homo_sapiens_assembly38.fasta : chr # 317  "chr14_KI270846v1_alt" chrStart: 3186884608
/home/junseokp/workspaces/data/rTea-simul/ref/hg38/Homo_sapiens_assembly38.fasta : chr # 318  "chr15_KI270852v1_alt" chrStart: 3188457472
/home/junseokp/workspaces/data/rTea-simul/ref/hg38/Homo_sapiens_assembly38.fasta : chr # 319  "chr15_KI270851v1_alt" chrStart: 3188981760
/home/junseokp/workspaces/data/rTea-simul/ref/hg38/Homo_sapiens_assembly38.fasta : chr # 320  "chr15_KI270848v1_alt" chrStart: 3189506048
/home/junseokp/workspaces/data/rTea-simul/ref/hg38/Homo_sapiens_assembly38.fasta : chr # 321  "chr15_GL383554v1_alt" chrStart: 3190030336
/home/junseokp/workspaces/data/rTea-simul/ref/hg38/Homo_sapiens_assembly38.fasta : chr # 322  "chr15_KI270849v1_alt" chrStart: 3190554624
/home/junseokp/workspaces/data/rTea-simul/ref/hg38/Homo_sapiens_assembly38.fasta : chr # 323  "chr15_GL383555v2_alt" chrStart: 3190816768
/home/junseokp/workspaces/data/rTea-simul/ref/hg38/Homo_sapiens_assembly38.fasta : chr # 324  "chr15_KI270850v1_alt" chrStart: 3191341056
/home/junseokp/workspaces/data/rTea-simul/ref/hg38/Homo_sapiens_assembly38.fasta : chr # 325  "chr16_KI270854v1_alt" chrStart: 3191865344
/home/junseokp/workspaces/data/rTea-simul/ref/hg38/Homo_sapiens_assembly38.fasta : chr # 326  "chr16_KI270856v1_alt" chrStart: 3192127488
/home/junseokp/workspaces/data/rTea-simul/ref/hg38/Homo_sapiens_assembly38.fasta : chr # 327  "chr16_KI270855v1_alt" chrStart: 3192389632
/home/junseokp/workspaces/data/rTea-simul/ref/hg38/Homo_sapiens_assembly38.fasta : chr # 328  "chr16_KI270853v1_alt" chrStart: 3192651776
/home/junseokp/workspaces/data/rTea-simul/ref/hg38/Homo_sapiens_assembly38.fasta : chr # 329  "chr16_GL383556v1_alt" chrStart: 3195535360
/home/junseokp/workspaces/data/rTea-simul/ref/hg38/Homo_sapiens_assembly38.fasta : chr # 330  "chr16_GL383557v1_alt" chrStart: 3195797504
/home/junseokp/workspaces/data/rTea-simul/ref/hg38/Homo_sapiens_assembly38.fasta : chr # 331  "chr17_GL383563v3_alt" chrStart: 3196059648
/home/junseokp/workspaces/data/rTea-simul/ref/hg38/Homo_sapiens_assembly38.fasta : chr # 332  "chr17_KI270862v1_alt" chrStart: 3196583936
/home/junseokp/workspaces/data/rTea-simul/ref/hg38/Homo_sapiens_assembly38.fasta : chr # 333  "chr17_KI270861v1_alt" chrStart: 3197108224
/home/junseokp/workspaces/data/rTea-simul/ref/hg38/Homo_sapiens_assembly38.fasta : chr # 334  "chr17_KI270857v1_alt" chrStart: 3197370368
/home/junseokp/workspaces/data/rTea-simul/ref/hg38/Homo_sapiens_assembly38.fasta : chr # 335  "chr17_JH159146v1_alt" chrStart: 3200253952
/home/junseokp/workspaces/data/rTea-simul/ref/hg38/Homo_sapiens_assembly38.fasta : chr # 336  "chr17_JH159147v1_alt" chrStart: 3200778240
/home/junseokp/workspaces/data/rTea-simul/ref/hg38/Homo_sapiens_assembly38.fasta : chr # 337  "chr17_GL383564v2_alt" chrStart: 3201040384
/home/junseokp/workspaces/data/rTea-simul/ref/hg38/Homo_sapiens_assembly38.fasta : chr # 338  "chr17_GL000258v2_alt" chrStart: 3201302528
/home/junseokp/workspaces/data/rTea-simul/ref/hg38/Homo_sapiens_assembly38.fasta : chr # 339  "chr17_GL383565v1_alt" chrStart: 3203137536
/home/junseokp/workspaces/data/rTea-simul/ref/hg38/Homo_sapiens_assembly38.fasta : chr # 340  "chr17_KI270858v1_alt" chrStart: 3203399680
/home/junseokp/workspaces/data/rTea-simul/ref/hg38/Homo_sapiens_assembly38.fasta : chr # 341  "chr17_KI270859v1_alt" chrStart: 3203661824
/home/junseokp/workspaces/data/rTea-simul/ref/hg38/Homo_sapiens_assembly38.fasta : chr # 342  "chr17_GL383566v1_alt" chrStart: 3203923968
/home/junseokp/workspaces/data/rTea-simul/ref/hg38/Homo_sapiens_assembly38.fasta : chr # 343  "chr17_KI270860v1_alt" chrStart: 3204186112
/home/junseokp/workspaces/data/rTea-simul/ref/hg38/Homo_sapiens_assembly38.fasta : chr # 344  "chr18_KI270864v1_alt" chrStart: 3204448256
/home/junseokp/workspaces/data/rTea-simul/ref/hg38/Homo_sapiens_assembly38.fasta : chr # 345  "chr18_GL383567v1_alt" chrStart: 3204710400
/home/junseokp/workspaces/data/rTea-simul/ref/hg38/Homo_sapiens_assembly38.fasta : chr # 346  "chr18_GL383570v1_alt" chrStart: 3205234688
/home/junseokp/workspaces/data/rTea-simul/ref/hg38/Homo_sapiens_assembly38.fasta : chr # 347  "chr18_GL383571v1_alt" chrStart: 3205496832
/home/junseokp/workspaces/data/rTea-simul/ref/hg38/Homo_sapiens_assembly38.fasta : chr # 348  "chr18_GL383568v1_alt" chrStart: 3205758976
/home/junseokp/workspaces/data/rTea-simul/ref/hg38/Homo_sapiens_assembly38.fasta : chr # 349  "chr18_GL383569v1_alt" chrStart: 3206021120
/home/junseokp/workspaces/data/rTea-simul/ref/hg38/Homo_sapiens_assembly38.fasta : chr # 350  "chr18_GL383572v1_alt" chrStart: 3206283264
/home/junseokp/workspaces/data/rTea-simul/ref/hg38/Homo_sapiens_assembly38.fasta : chr # 351  "chr18_KI270863v1_alt" chrStart: 3206545408
/home/junseokp/workspaces/data/rTea-simul/ref/hg38/Homo_sapiens_assembly38.fasta : chr # 352  "chr19_KI270868v1_alt" chrStart: 3206807552
/home/junseokp/workspaces/data/rTea-simul/ref/hg38/Homo_sapiens_assembly38.fasta : chr # 353  "chr19_KI270865v1_alt" chrStart: 3207069696
/home/junseokp/workspaces/data/rTea-simul/ref/hg38/Homo_sapiens_assembly38.fasta : chr # 354  "chr19_GL383573v1_alt" chrStart: 3207331840
/home/junseokp/workspaces/data/rTea-simul/ref/hg38/Homo_sapiens_assembly38.fasta : chr # 355  "chr19_GL383575v2_alt" chrStart: 3207856128
/home/junseokp/workspaces/data/rTea-simul/ref/hg38/Homo_sapiens_assembly38.fasta : chr # 356  "chr19_GL383576v1_alt" chrStart: 3208118272
/home/junseokp/workspaces/data/rTea-simul/ref/hg38/Homo_sapiens_assembly38.fasta : chr # 357  "chr19_GL383574v1_alt" chrStart: 3208380416
/home/junseokp/workspaces/data/rTea-simul/ref/hg38/Homo_sapiens_assembly38.fasta : chr # 358  "chr19_KI270866v1_alt" chrStart: 3208642560
/home/junseokp/workspaces/data/rTea-simul/ref/hg38/Homo_sapiens_assembly38.fasta : chr # 359  "chr19_KI270867v1_alt" chrStart: 3208904704
/home/junseokp/workspaces/data/rTea-simul/ref/hg38/Homo_sapiens_assembly38.fasta : chr # 360  "chr19_GL949746v1_alt" chrStart: 3209166848
/home/junseokp/workspaces/data/rTea-simul/ref/hg38/Homo_sapiens_assembly38.fasta : chr # 361  "chr20_GL383577v2_alt" chrStart: 3210215424
/home/junseokp/workspaces/data/rTea-simul/ref/hg38/Homo_sapiens_assembly38.fasta : chr # 362  "chr20_KI270869v1_alt" chrStart: 3210477568
/home/junseokp/workspaces/data/rTea-simul/ref/hg38/Homo_sapiens_assembly38.fasta : chr # 363  "chr20_KI270871v1_alt" chrStart: 3210739712
/home/junseokp/workspaces/data/rTea-simul/ref/hg38/Homo_sapiens_assembly38.fasta : chr # 364  "chr20_KI270870v1_alt" chrStart: 3211001856
/home/junseokp/workspaces/data/rTea-simul/ref/hg38/Homo_sapiens_assembly38.fasta : chr # 365  "chr21_GL383578v2_alt" chrStart: 3211264000
/home/junseokp/workspaces/data/rTea-simul/ref/hg38/Homo_sapiens_assembly38.fasta : chr # 366  "chr21_KI270874v1_alt" chrStart: 3211526144
/home/junseokp/workspaces/data/rTea-simul/ref/hg38/Homo_sapiens_assembly38.fasta : chr # 367  "chr21_KI270873v1_alt" chrStart: 3211788288
/home/junseokp/workspaces/data/rTea-simul/ref/hg38/Homo_sapiens_assembly38.fasta : chr # 368  "chr21_GL383579v2_alt" chrStart: 3212050432
/home/junseokp/workspaces/data/rTea-simul/ref/hg38/Homo_sapiens_assembly38.fasta : chr # 369  "chr21_GL383580v2_alt" chrStart: 3212312576
/home/junseokp/workspaces/data/rTea-simul/ref/hg38/Homo_sapiens_assembly38.fasta : chr # 370  "chr21_GL383581v2_alt" chrStart: 3212574720
/home/junseokp/workspaces/data/rTea-simul/ref/hg38/Homo_sapiens_assembly38.fasta : chr # 371  "chr21_KI270872v1_alt" chrStart: 3212836864
/home/junseokp/workspaces/data/rTea-simul/ref/hg38/Homo_sapiens_assembly38.fasta : chr # 372  "chr22_KI270875v1_alt" chrStart: 3213099008
/home/junseokp/workspaces/data/rTea-simul/ref/hg38/Homo_sapiens_assembly38.fasta : chr # 373  "chr22_KI270878v1_alt" chrStart: 3213361152
/home/junseokp/workspaces/data/rTea-simul/ref/hg38/Homo_sapiens_assembly38.fasta : chr # 374  "chr22_KI270879v1_alt" chrStart: 3213623296
/home/junseokp/workspaces/data/rTea-simul/ref/hg38/Homo_sapiens_assembly38.fasta : chr # 375  "chr22_KI270876v1_alt" chrStart: 3214147584
/home/junseokp/workspaces/data/rTea-simul/ref/hg38/Homo_sapiens_assembly38.fasta : chr # 376  "chr22_KI270877v1_alt" chrStart: 3214671872
/home/junseokp/workspaces/data/rTea-simul/ref/hg38/Homo_sapiens_assembly38.fasta : chr # 377  "chr22_GL383583v2_alt" chrStart: 3214934016
/home/junseokp/workspaces/data/rTea-simul/ref/hg38/Homo_sapiens_assembly38.fasta : chr # 378  "chr22_GL383582v2_alt" chrStart: 3215196160
/home/junseokp/workspaces/data/rTea-simul/ref/hg38/Homo_sapiens_assembly38.fasta : chr # 379  "chrX_KI270880v1_alt" chrStart: 3215458304
/home/junseokp/workspaces/data/rTea-simul/ref/hg38/Homo_sapiens_assembly38.fasta : chr # 380  "chrX_KI270881v1_alt" chrStart: 3215982592
/home/junseokp/workspaces/data/rTea-simul/ref/hg38/Homo_sapiens_assembly38.fasta : chr # 381  "chr19_KI270882v1_alt" chrStart: 3216244736
/home/junseokp/workspaces/data/rTea-simul/ref/hg38/Homo_sapiens_assembly38.fasta : chr # 382  "chr19_KI270883v1_alt" chrStart: 3216506880
/home/junseokp/workspaces/data/rTea-simul/ref/hg38/Homo_sapiens_assembly38.fasta : chr # 383  "chr19_KI270884v1_alt" chrStart: 3216769024
/home/junseokp/workspaces/data/rTea-simul/ref/hg38/Homo_sapiens_assembly38.fasta : chr # 384  "chr19_KI270885v1_alt" chrStart: 3217031168
/home/junseokp/workspaces/data/rTea-simul/ref/hg38/Homo_sapiens_assembly38.fasta : chr # 385  "chr19_KI270886v1_alt" chrStart: 3217293312
/home/junseokp/workspaces/data/rTea-simul/ref/hg38/Homo_sapiens_assembly38.fasta : chr # 386  "chr19_KI270887v1_alt" chrStart: 3217555456
/home/junseokp/workspaces/data/rTea-simul/ref/hg38/Homo_sapiens_assembly38.fasta : chr # 387  "chr19_KI270888v1_alt" chrStart: 3217817600
/home/junseokp/workspaces/data/rTea-simul/ref/hg38/Homo_sapiens_assembly38.fasta : chr # 388  "chr19_KI270889v1_alt" chrStart: 3218079744
/home/junseokp/workspaces/data/rTea-simul/ref/hg38/Homo_sapiens_assembly38.fasta : chr # 389  "chr19_KI270890v1_alt" chrStart: 3218341888
/home/junseokp/workspaces/data/rTea-simul/ref/hg38/Homo_sapiens_assembly38.fasta : chr # 390  "chr19_KI270891v1_alt" chrStart: 3218604032
/home/junseokp/workspaces/data/rTea-simul/ref/hg38/Homo_sapiens_assembly38.fasta : chr # 391  "chr1_KI270892v1_alt" chrStart: 3218866176
/home/junseokp/workspaces/data/rTea-simul/ref/hg38/Homo_sapiens_assembly38.fasta : chr # 392  "chr2_KI270894v1_alt" chrStart: 3219128320
/home/junseokp/workspaces/data/rTea-simul/ref/hg38/Homo_sapiens_assembly38.fasta : chr # 393  "chr2_KI270893v1_alt" chrStart: 3219390464
/home/junseokp/workspaces/data/rTea-simul/ref/hg38/Homo_sapiens_assembly38.fasta : chr # 394  "chr3_KI270895v1_alt" chrStart: 3219652608
/home/junseokp/workspaces/data/rTea-simul/ref/hg38/Homo_sapiens_assembly38.fasta : chr # 395  "chr4_KI270896v1_alt" chrStart: 3219914752
/home/junseokp/workspaces/data/rTea-simul/ref/hg38/Homo_sapiens_assembly38.fasta : chr # 396  "chr5_KI270897v1_alt" chrStart: 3220439040
/home/junseokp/workspaces/data/rTea-simul/ref/hg38/Homo_sapiens_assembly38.fasta : chr # 397  "chr5_KI270898v1_alt" chrStart: 3221749760
/home/junseokp/workspaces/data/rTea-simul/ref/hg38/Homo_sapiens_assembly38.fasta : chr # 398  "chr6_GL000251v2_alt" chrStart: 3222011904
/home/junseokp/workspaces/data/rTea-simul/ref/hg38/Homo_sapiens_assembly38.fasta : chr # 399  "chr7_KI270899v1_alt" chrStart: 3226992640
/home/junseokp/workspaces/data/rTea-simul/ref/hg38/Homo_sapiens_assembly38.fasta : chr # 400  "chr8_KI270901v1_alt" chrStart: 3227254784
/home/junseokp/workspaces/data/rTea-simul/ref/hg38/Homo_sapiens_assembly38.fasta : chr # 401  "chr8_KI270900v1_alt" chrStart: 3227516928
/home/junseokp/workspaces/data/rTea-simul/ref/hg38/Homo_sapiens_assembly38.fasta : chr # 402  "chr11_KI270902v1_alt" chrStart: 3228041216
/home/junseokp/workspaces/data/rTea-simul/ref/hg38/Homo_sapiens_assembly38.fasta : chr # 403  "chr11_KI270903v1_alt" chrStart: 3228303360
/home/junseokp/workspaces/data/rTea-simul/ref/hg38/Homo_sapiens_assembly38.fasta : chr # 404  "chr12_KI270904v1_alt" chrStart: 3228565504
/home/junseokp/workspaces/data/rTea-simul/ref/hg38/Homo_sapiens_assembly38.fasta : chr # 405  "chr15_KI270906v1_alt" chrStart: 3229351936
/home/junseokp/workspaces/data/rTea-simul/ref/hg38/Homo_sapiens_assembly38.fasta : chr # 406  "chr15_KI270905v1_alt" chrStart: 3229614080
/home/junseokp/workspaces/data/rTea-simul/ref/hg38/Homo_sapiens_assembly38.fasta : chr # 407  "chr17_KI270907v1_alt" chrStart: 3234856960
/home/junseokp/workspaces/data/rTea-simul/ref/hg38/Homo_sapiens_assembly38.fasta : chr # 408  "chr17_KI270910v1_alt" chrStart: 3235119104
/home/junseokp/workspaces/data/rTea-simul/ref/hg38/Homo_sapiens_assembly38.fasta : chr # 409  "chr17_KI270909v1_alt" chrStart: 3235381248
/home/junseokp/workspaces/data/rTea-simul/ref/hg38/Homo_sapiens_assembly38.fasta : chr # 410  "chr17_JH159148v1_alt" chrStart: 3235905536
/home/junseokp/workspaces/data/rTea-simul/ref/hg38/Homo_sapiens_assembly38.fasta : chr # 411  "chr17_KI270908v1_alt" chrStart: 3236167680
/home/junseokp/workspaces/data/rTea-simul/ref/hg38/Homo_sapiens_assembly38.fasta : chr # 412  "chr18_KI270912v1_alt" chrStart: 3237740544
/home/junseokp/workspaces/data/rTea-simul/ref/hg38/Homo_sapiens_assembly38.fasta : chr # 413  "chr18_KI270911v1_alt" chrStart: 3238002688
/home/junseokp/workspaces/data/rTea-simul/ref/hg38/Homo_sapiens_assembly38.fasta : chr # 414  "chr19_GL949747v2_alt" chrStart: 3238264832
/home/junseokp/workspaces/data/rTea-simul/ref/hg38/Homo_sapiens_assembly38.fasta : chr # 415  "chr22_KB663609v1_alt" chrStart: 3239051264
/home/junseokp/workspaces/data/rTea-simul/ref/hg38/Homo_sapiens_assembly38.fasta : chr # 416  "chrX_KI270913v1_alt" chrStart: 3239313408
/home/junseokp/workspaces/data/rTea-simul/ref/hg38/Homo_sapiens_assembly38.fasta : chr # 417  "chr19_KI270914v1_alt" chrStart: 3239837696
/home/junseokp/workspaces/data/rTea-simul/ref/hg38/Homo_sapiens_assembly38.fasta : chr # 418  "chr19_KI270915v1_alt" chrStart: 3240099840
/home/junseokp/workspaces/data/rTea-simul/ref/hg38/Homo_sapiens_assembly38.fasta : chr # 419  "chr19_KI270916v1_alt" chrStart: 3240361984
/home/junseokp/workspaces/data/rTea-simul/ref/hg38/Homo_sapiens_assembly38.fasta : chr # 420  "chr19_KI270917v1_alt" chrStart: 3240624128
/home/junseokp/workspaces/data/rTea-simul/ref/hg38/Homo_sapiens_assembly38.fasta : chr # 421  "chr19_KI270918v1_alt" chrStart: 3240886272
/home/junseokp/workspaces/data/rTea-simul/ref/hg38/Homo_sapiens_assembly38.fasta : chr # 422  "chr19_KI270919v1_alt" chrStart: 3241148416
/home/junseokp/workspaces/data/rTea-simul/ref/hg38/Homo_sapiens_assembly38.fasta : chr # 423  "chr19_KI270920v1_alt" chrStart: 3241410560
/home/junseokp/workspaces/data/rTea-simul/ref/hg38/Homo_sapiens_assembly38.fasta : chr # 424  "chr19_KI270921v1_alt" chrStart: 3241672704
/home/junseokp/workspaces/data/rTea-simul/ref/hg38/Homo_sapiens_assembly38.fasta : chr # 425  "chr19_KI270922v1_alt" chrStart: 3242196992
/home/junseokp/workspaces/data/rTea-simul/ref/hg38/Homo_sapiens_assembly38.fasta : chr # 426  "chr19_KI270923v1_alt" chrStart: 3242459136
/home/junseokp/workspaces/data/rTea-simul/ref/hg38/Homo_sapiens_assembly38.fasta : chr # 427  "chr3_KI270924v1_alt" chrStart: 3242721280
/home/junseokp/workspaces/data/rTea-simul/ref/hg38/Homo_sapiens_assembly38.fasta : chr # 428  "chr4_KI270925v1_alt" chrStart: 3242983424
/home/junseokp/workspaces/data/rTea-simul/ref/hg38/Homo_sapiens_assembly38.fasta : chr # 429  "chr6_GL000252v2_alt" chrStart: 3243769856
/home/junseokp/workspaces/data/rTea-simul/ref/hg38/Homo_sapiens_assembly38.fasta : chr # 430  "chr8_KI270926v1_alt" chrStart: 3248488448
/home/junseokp/workspaces/data/rTea-simul/ref/hg38/Homo_sapiens_assembly38.fasta : chr # 431  "chr11_KI270927v1_alt" chrStart: 3248750592
/home/junseokp/workspaces/data/rTea-simul/ref/hg38/Homo_sapiens_assembly38.fasta : chr # 432  "chr19_GL949748v2_alt" chrStart: 3249012736
/home/junseokp/workspaces/data/rTea-simul/ref/hg38/Homo_sapiens_assembly38.fasta : chr # 433  "chr22_KI270928v1_alt" chrStart: 3250323456
/home/junseokp/workspaces/data/rTea-simul/ref/hg38/Homo_sapiens_assembly38.fasta : chr # 434  "chr19_KI270929v1_alt" chrStart: 3250585600
/home/junseokp/workspaces/data/rTea-simul/ref/hg38/Homo_sapiens_assembly38.fasta : chr # 435  "chr19_KI270930v1_alt" chrStart: 3250847744
/home/junseokp/workspaces/data/rTea-simul/ref/hg38/Homo_sapiens_assembly38.fasta : chr # 436  "chr19_KI270931v1_alt" chrStart: 3251109888
/home/junseokp/workspaces/data/rTea-simul/ref/hg38/Homo_sapiens_assembly38.fasta : chr # 437  "chr19_KI270932v1_alt" chrStart: 3251372032
/home/junseokp/workspaces/data/rTea-simul/ref/hg38/Homo_sapiens_assembly38.fasta : chr # 438  "chr19_KI270933v1_alt" chrStart: 3251634176
/home/junseokp/workspaces/data/rTea-simul/ref/hg38/Homo_sapiens_assembly38.fasta : chr # 439  "chr19_GL000209v2_alt" chrStart: 3251896320
/home/junseokp/workspaces/data/rTea-simul/ref/hg38/Homo_sapiens_assembly38.fasta : chr # 440  "chr3_KI270934v1_alt" chrStart: 3252158464
/home/junseokp/workspaces/data/rTea-simul/ref/hg38/Homo_sapiens_assembly38.fasta : chr # 441  "chr6_GL000253v2_alt" chrStart: 3252420608
/home/junseokp/workspaces/data/rTea-simul/ref/hg38/Homo_sapiens_assembly38.fasta : chr # 442  "chr19_GL949749v2_alt" chrStart: 3257139200
/home/junseokp/workspaces/data/rTea-simul/ref/hg38/Homo_sapiens_assembly38.fasta : chr # 443  "chr3_KI270935v1_alt" chrStart: 3258449920
/home/junseokp/workspaces/data/rTea-simul/ref/hg38/Homo_sapiens_assembly38.fasta : chr # 444  "chr6_GL000254v2_alt" chrStart: 3258712064
/home/junseokp/workspaces/data/rTea-simul/ref/hg38/Homo_sapiens_assembly38.fasta : chr # 445  "chr19_GL949750v2_alt" chrStart: 3263692800
/home/junseokp/workspaces/data/rTea-simul/ref/hg38/Homo_sapiens_assembly38.fasta : chr # 446  "chr3_KI270936v1_alt" chrStart: 3265003520
/home/junseokp/workspaces/data/rTea-simul/ref/hg38/Homo_sapiens_assembly38.fasta : chr # 447  "chr6_GL000255v2_alt" chrStart: 3265265664
/home/junseokp/workspaces/data/rTea-simul/ref/hg38/Homo_sapiens_assembly38.fasta : chr # 448  "chr19_GL949751v2_alt" chrStart: 3269984256
/home/junseokp/workspaces/data/rTea-simul/ref/hg38/Homo_sapiens_assembly38.fasta : chr # 449  "chr3_KI270937v1_alt" chrStart: 3271032832
/home/junseokp/workspaces/data/rTea-simul/ref/hg38/Homo_sapiens_assembly38.fasta : chr # 450  "chr6_GL000256v2_alt" chrStart: 3271294976
/home/junseokp/workspaces/data/rTea-simul/ref/hg38/Homo_sapiens_assembly38.fasta : chr # 451  "chr19_GL949752v1_alt" chrStart: 3276275712
/home/junseokp/workspaces/data/rTea-simul/ref/hg38/Homo_sapiens_assembly38.fasta : chr # 452  "chr6_KI270758v1_alt" chrStart: 3277324288
/home/junseokp/workspaces/data/rTea-simul/ref/hg38/Homo_sapiens_assembly38.fasta : chr # 453  "chr19_GL949753v2_alt" chrStart: 3277586432
/home/junseokp/workspaces/data/rTea-simul/ref/hg38/Homo_sapiens_assembly38.fasta : chr # 454  "chr19_KI270938v1_alt" chrStart: 3278635008
/home/junseokp/workspaces/data/rTea-simul/ref/hg38/Homo_sapiens_assembly38.fasta : chr # 455  "chrEBV" chrStart: 3279945728
/home/junseokp/workspaces/data/rTea-simul/ref/hg38/Homo_sapiens_assembly38.fasta : chr # 456  "chrUn_KN707606v1_decoy" chrStart: 3280207872
/home/junseokp/workspaces/data/rTea-simul/ref/hg38/Homo_sapiens_assembly38.fasta : chr # 457  "chrUn_KN707607v1_decoy" chrStart: 3280470016
/home/junseokp/workspaces/data/rTea-simul/ref/hg38/Homo_sapiens_assembly38.fasta : chr # 458  "chrUn_KN707608v1_decoy" chrStart: 3280732160
/home/junseokp/workspaces/data/rTea-simul/ref/hg38/Homo_sapiens_assembly38.fasta : chr # 459  "chrUn_KN707609v1_decoy" chrStart: 3280994304
/home/junseokp/workspaces/data/rTea-simul/ref/hg38/Homo_sapiens_assembly38.fasta : chr # 460  "chrUn_KN707610v1_decoy" chrStart: 3281256448
/home/junseokp/workspaces/data/rTea-simul/ref/hg38/Homo_sapiens_assembly38.fasta : chr # 461  "chrUn_KN707611v1_decoy" chrStart: 3281518592
/home/junseokp/workspaces/data/rTea-simul/ref/hg38/Homo_sapiens_assembly38.fasta : chr # 462  "chrUn_KN707612v1_decoy" chrStart: 3281780736
/home/junseokp/workspaces/data/rTea-simul/ref/hg38/Homo_sapiens_assembly38.fasta : chr # 463  "chrUn_KN707613v1_decoy" chrStart: 3282042880
/home/junseokp/workspaces/data/rTea-simul/ref/hg38/Homo_sapiens_assembly38.fasta : chr # 464  "chrUn_KN707614v1_decoy" chrStart: 3282305024
/home/junseokp/workspaces/data/rTea-simul/ref/hg38/Homo_sapiens_assembly38.fasta : chr # 465  "chrUn_KN707615v1_decoy" chrStart: 3282567168
/home/junseokp/workspaces/data/rTea-simul/ref/hg38/Homo_sapiens_assembly38.fasta : chr # 466  "chrUn_KN707616v1_decoy" chrStart: 3282829312
/home/junseokp/workspaces/data/rTea-simul/ref/hg38/Homo_sapiens_assembly38.fasta : chr # 467  "chrUn_KN707617v1_decoy" chrStart: 3283091456
/home/junseokp/workspaces/data/rTea-simul/ref/hg38/Homo_sapiens_assembly38.fasta : chr # 468  "chrUn_KN707618v1_decoy" chrStart: 3283353600
/home/junseokp/workspaces/data/rTea-simul/ref/hg38/Homo_sapiens_assembly38.fasta : chr # 469  "chrUn_KN707619v1_decoy" chrStart: 3283615744
/home/junseokp/workspaces/data/rTea-simul/ref/hg38/Homo_sapiens_assembly38.fasta : chr # 470  "chrUn_KN707620v1_decoy" chrStart: 3283877888
/home/junseokp/workspaces/data/rTea-simul/ref/hg38/Homo_sapiens_assembly38.fasta : chr # 471  "chrUn_KN707621v1_decoy" chrStart: 3284140032
/home/junseokp/workspaces/data/rTea-simul/ref/hg38/Homo_sapiens_assembly38.fasta : chr # 472  "chrUn_KN707622v1_decoy" chrStart: 3284402176
/home/junseokp/workspaces/data/rTea-simul/ref/hg38/Homo_sapiens_assembly38.fasta : chr # 473  "chrUn_KN707623v1_decoy" chrStart: 3284664320
/home/junseokp/workspaces/data/rTea-simul/ref/hg38/Homo_sapiens_assembly38.fasta : chr # 474  "chrUn_KN707624v1_decoy" chrStart: 3284926464
/home/junseokp/workspaces/data/rTea-simul/ref/hg38/Homo_sapiens_assembly38.fasta : chr # 475  "chrUn_KN707625v1_decoy" chrStart: 3285188608
/home/junseokp/workspaces/data/rTea-simul/ref/hg38/Homo_sapiens_assembly38.fasta : chr # 476  "chrUn_KN707626v1_decoy" chrStart: 3285450752
/home/junseokp/workspaces/data/rTea-simul/ref/hg38/Homo_sapiens_assembly38.fasta : chr # 477  "chrUn_KN707627v1_decoy" chrStart: 3285712896
/home/junseokp/workspaces/data/rTea-simul/ref/hg38/Homo_sapiens_assembly38.fasta : chr # 478  "chrUn_KN707628v1_decoy" chrStart: 3285975040
/home/junseokp/workspaces/data/rTea-simul/ref/hg38/Homo_sapiens_assembly38.fasta : chr # 479  "chrUn_KN707629v1_decoy" chrStart: 3286237184
/home/junseokp/workspaces/data/rTea-simul/ref/hg38/Homo_sapiens_assembly38.fasta : chr # 480  "chrUn_KN707630v1_decoy" chrStart: 3286499328
/home/junseokp/workspaces/data/rTea-simul/ref/hg38/Homo_sapiens_assembly38.fasta : chr # 481  "chrUn_KN707631v1_decoy" chrStart: 3286761472
/home/junseokp/workspaces/data/rTea-simul/ref/hg38/Homo_sapiens_assembly38.fasta : chr # 482  "chrUn_KN707632v1_decoy" chrStart: 3287023616
/home/junseokp/workspaces/data/rTea-simul/ref/hg38/Homo_sapiens_assembly38.fasta : chr # 483  "chrUn_KN707633v1_decoy" chrStart: 3287285760
/home/junseokp/workspaces/data/rTea-simul/ref/hg38/Homo_sapiens_assembly38.fasta : chr # 484  "chrUn_KN707634v1_decoy" chrStart: 3287547904
/home/junseokp/workspaces/data/rTea-simul/ref/hg38/Homo_sapiens_assembly38.fasta : chr # 485  "chrUn_KN707635v1_decoy" chrStart: 3287810048
/home/junseokp/workspaces/data/rTea-simul/ref/hg38/Homo_sapiens_assembly38.fasta : chr # 486  "chrUn_KN707636v1_decoy" chrStart: 3288072192
/home/junseokp/workspaces/data/rTea-simul/ref/hg38/Homo_sapiens_assembly38.fasta : chr # 487  "chrUn_KN707637v1_decoy" chrStart: 3288334336
/home/junseokp/workspaces/data/rTea-simul/ref/hg38/Homo_sapiens_assembly38.fasta : chr # 488  "chrUn_KN707638v1_decoy" chrStart: 3288596480
/home/junseokp/workspaces/data/rTea-simul/ref/hg38/Homo_sapiens_assembly38.fasta : chr # 489  "chrUn_KN707639v1_decoy" chrStart: 3288858624
/home/junseokp/workspaces/data/rTea-simul/ref/hg38/Homo_sapiens_assembly38.fasta : chr # 490  "chrUn_KN707640v1_decoy" chrStart: 3289120768
/home/junseokp/workspaces/data/rTea-simul/ref/hg38/Homo_sapiens_assembly38.fasta : chr # 491  "chrUn_KN707641v1_decoy" chrStart: 3289382912
/home/junseokp/workspaces/data/rTea-simul/ref/hg38/Homo_sapiens_assembly38.fasta : chr # 492  "chrUn_KN707642v1_decoy" chrStart: 3289645056
/home/junseokp/workspaces/data/rTea-simul/ref/hg38/Homo_sapiens_assembly38.fasta : chr # 493  "chrUn_KN707643v1_decoy" chrStart: 3289907200
/home/junseokp/workspaces/data/rTea-simul/ref/hg38/Homo_sapiens_assembly38.fasta : chr # 494  "chrUn_KN707644v1_decoy" chrStart: 3290169344
/home/junseokp/workspaces/data/rTea-simul/ref/hg38/Homo_sapiens_assembly38.fasta : chr # 495  "chrUn_KN707645v1_decoy" chrStart: 3290431488
/home/junseokp/workspaces/data/rTea-simul/ref/hg38/Homo_sapiens_assembly38.fasta : chr # 496  "chrUn_KN707646v1_decoy" chrStart: 3290693632
/home/junseokp/workspaces/data/rTea-simul/ref/hg38/Homo_sapiens_assembly38.fasta : chr # 497  "chrUn_KN707647v1_decoy" chrStart: 3290955776
/home/junseokp/workspaces/data/rTea-simul/ref/hg38/Homo_sapiens_assembly38.fasta : chr # 498  "chrUn_KN707648v1_decoy" chrStart: 3291217920
/home/junseokp/workspaces/data/rTea-simul/ref/hg38/Homo_sapiens_assembly38.fasta : chr # 499  "chrUn_KN707649v1_decoy" chrStart: 3291480064
/home/junseokp/workspaces/data/rTea-simul/ref/hg38/Homo_sapiens_assembly38.fasta : chr # 500  "chrUn_KN707650v1_decoy" chrStart: 3291742208
/home/junseokp/workspaces/data/rTea-simul/ref/hg38/Homo_sapiens_assembly38.fasta : chr # 501  "chrUn_KN707651v1_decoy" chrStart: 3292004352
/home/junseokp/workspaces/data/rTea-simul/ref/hg38/Homo_sapiens_assembly38.fasta : chr # 502  "chrUn_KN707652v1_decoy" chrStart: 3292266496
/home/junseokp/workspaces/data/rTea-simul/ref/hg38/Homo_sapiens_assembly38.fasta : chr # 503  "chrUn_KN707653v1_decoy" chrStart: 3292528640
/home/junseokp/workspaces/data/rTea-simul/ref/hg38/Homo_sapiens_assembly38.fasta : chr # 504  "chrUn_KN707654v1_decoy" chrStart: 3292790784
/home/junseokp/workspaces/data/rTea-simul/ref/hg38/Homo_sapiens_assembly38.fasta : chr # 505  "chrUn_KN707655v1_decoy" chrStart: 3293052928
/home/junseokp/workspaces/data/rTea-simul/ref/hg38/Homo_sapiens_assembly38.fasta : chr # 506  "chrUn_KN707656v1_decoy" chrStart: 3293315072
/home/junseokp/workspaces/data/rTea-simul/ref/hg38/Homo_sapiens_assembly38.fasta : chr # 507  "chrUn_KN707657v1_decoy" chrStart: 3293577216
/home/junseokp/workspaces/data/rTea-simul/ref/hg38/Homo_sapiens_assembly38.fasta : chr # 508  "chrUn_KN707658v1_decoy" chrStart: 3293839360
/home/junseokp/workspaces/data/rTea-simul/ref/hg38/Homo_sapiens_assembly38.fasta : chr # 509  "chrUn_KN707659v1_decoy" chrStart: 3294101504
/home/junseokp/workspaces/data/rTea-simul/ref/hg38/Homo_sapiens_assembly38.fasta : chr # 510  "chrUn_KN707660v1_decoy" chrStart: 3294363648
/home/junseokp/workspaces/data/rTea-simul/ref/hg38/Homo_sapiens_assembly38.fasta : chr # 511  "chrUn_KN707661v1_decoy" chrStart: 3294625792
/home/junseokp/workspaces/data/rTea-simul/ref/hg38/Homo_sapiens_assembly38.fasta : chr # 512  "chrUn_KN707662v1_decoy" chrStart: 3294887936
/home/junseokp/workspaces/data/rTea-simul/ref/hg38/Homo_sapiens_assembly38.fasta : chr # 513  "chrUn_KN707663v1_decoy" chrStart: 3295150080
/home/junseokp/workspaces/data/rTea-simul/ref/hg38/Homo_sapiens_assembly38.fasta : chr # 514  "chrUn_KN707664v1_decoy" chrStart: 3295412224
/home/junseokp/workspaces/data/rTea-simul/ref/hg38/Homo_sapiens_assembly38.fasta : chr # 515  "chrUn_KN707665v1_decoy" chrStart: 3295674368
/home/junseokp/workspaces/data/rTea-simul/ref/hg38/Homo_sapiens_assembly38.fasta : chr # 516  "chrUn_KN707666v1_decoy" chrStart: 3295936512
/home/junseokp/workspaces/data/rTea-simul/ref/hg38/Homo_sapiens_assembly38.fasta : chr # 517  "chrUn_KN707667v1_decoy" chrStart: 3296198656
/home/junseokp/workspaces/data/rTea-simul/ref/hg38/Homo_sapiens_assembly38.fasta : chr # 518  "chrUn_KN707668v1_decoy" chrStart: 3296460800
/home/junseokp/workspaces/data/rTea-simul/ref/hg38/Homo_sapiens_assembly38.fasta : chr # 519  "chrUn_KN707669v1_decoy" chrStart: 3296722944
/home/junseokp/workspaces/data/rTea-simul/ref/hg38/Homo_sapiens_assembly38.fasta : chr # 520  "chrUn_KN707670v1_decoy" chrStart: 3296985088
/home/junseokp/workspaces/data/rTea-simul/ref/hg38/Homo_sapiens_assembly38.fasta : chr # 521  "chrUn_KN707671v1_decoy" chrStart: 3297247232
/home/junseokp/workspaces/data/rTea-simul/ref/hg38/Homo_sapiens_assembly38.fasta : chr # 522  "chrUn_KN707672v1_decoy" chrStart: 3297509376
/home/junseokp/workspaces/data/rTea-simul/ref/hg38/Homo_sapiens_assembly38.fasta : chr # 523  "chrUn_KN707673v1_decoy" chrStart: 3297771520
/home/junseokp/workspaces/data/rTea-simul/ref/hg38/Homo_sapiens_assembly38.fasta : chr # 524  "chrUn_KN707674v1_decoy" chrStart: 3298033664
/home/junseokp/workspaces/data/rTea-simul/ref/hg38/Homo_sapiens_assembly38.fasta : chr # 525  "chrUn_KN707675v1_decoy" chrStart: 3298295808
/home/junseokp/workspaces/data/rTea-simul/ref/hg38/Homo_sapiens_assembly38.fasta : chr # 526  "chrUn_KN707676v1_decoy" chrStart: 3298557952
/home/junseokp/workspaces/data/rTea-simul/ref/hg38/Homo_sapiens_assembly38.fasta : chr # 527  "chrUn_KN707677v1_decoy" chrStart: 3298820096
/home/junseokp/workspaces/data/rTea-simul/ref/hg38/Homo_sapiens_assembly38.fasta : chr # 528  "chrUn_KN707678v1_decoy" chrStart: 3299082240
/home/junseokp/workspaces/data/rTea-simul/ref/hg38/Homo_sapiens_assembly38.fasta : chr # 529  "chrUn_KN707679v1_decoy" chrStart: 3299344384
/home/junseokp/workspaces/data/rTea-simul/ref/hg38/Homo_sapiens_assembly38.fasta : chr # 530  "chrUn_KN707680v1_decoy" chrStart: 3299606528
/home/junseokp/workspaces/data/rTea-simul/ref/hg38/Homo_sapiens_assembly38.fasta : chr # 531  "chrUn_KN707681v1_decoy" chrStart: 3299868672
/home/junseokp/workspaces/data/rTea-simul/ref/hg38/Homo_sapiens_assembly38.fasta : chr # 532  "chrUn_KN707682v1_decoy" chrStart: 3300130816
/home/junseokp/workspaces/data/rTea-simul/ref/hg38/Homo_sapiens_assembly38.fasta : chr # 533  "chrUn_KN707683v1_decoy" chrStart: 3300392960
/home/junseokp/workspaces/data/rTea-simul/ref/hg38/Homo_sapiens_assembly38.fasta : chr # 534  "chrUn_KN707684v1_decoy" chrStart: 3300655104
/home/junseokp/workspaces/data/rTea-simul/ref/hg38/Homo_sapiens_assembly38.fasta : chr # 535  "chrUn_KN707685v1_decoy" chrStart: 3300917248
/home/junseokp/workspaces/data/rTea-simul/ref/hg38/Homo_sapiens_assembly38.fasta : chr # 536  "chrUn_KN707686v1_decoy" chrStart: 3301179392
/home/junseokp/workspaces/data/rTea-simul/ref/hg38/Homo_sapiens_assembly38.fasta : chr # 537  "chrUn_KN707687v1_decoy" chrStart: 3301441536
/home/junseokp/workspaces/data/rTea-simul/ref/hg38/Homo_sapiens_assembly38.fasta : chr # 538  "chrUn_KN707688v1_decoy" chrStart: 3301703680
/home/junseokp/workspaces/data/rTea-simul/ref/hg38/Homo_sapiens_assembly38.fasta : chr # 539  "chrUn_KN707689v1_decoy" chrStart: 3301965824
/home/junseokp/workspaces/data/rTea-simul/ref/hg38/Homo_sapiens_assembly38.fasta : chr # 540  "chrUn_KN707690v1_decoy" chrStart: 3302227968
/home/junseokp/workspaces/data/rTea-simul/ref/hg38/Homo_sapiens_assembly38.fasta : chr # 541  "chrUn_KN707691v1_decoy" chrStart: 3302490112
/home/junseokp/workspaces/data/rTea-simul/ref/hg38/Homo_sapiens_assembly38.fasta : chr # 542  "chrUn_KN707692v1_decoy" chrStart: 3302752256
/home/junseokp/workspaces/data/rTea-simul/ref/hg38/Homo_sapiens_assembly38.fasta : chr # 543  "chrUn_KN707693v1_decoy" chrStart: 3303014400
/home/junseokp/workspaces/data/rTea-simul/ref/hg38/Homo_sapiens_assembly38.fasta : chr # 544  "chrUn_KN707694v1_decoy" chrStart: 3303276544
/home/junseokp/workspaces/data/rTea-simul/ref/hg38/Homo_sapiens_assembly38.fasta : chr # 545  "chrUn_KN707695v1_decoy" chrStart: 3303538688
/home/junseokp/workspaces/data/rTea-simul/ref/hg38/Homo_sapiens_assembly38.fasta : chr # 546  "chrUn_KN707696v1_decoy" chrStart: 3303800832
/home/junseokp/workspaces/data/rTea-simul/ref/hg38/Homo_sapiens_assembly38.fasta : chr # 547  "chrUn_KN707697v1_decoy" chrStart: 3304062976
/home/junseokp/workspaces/data/rTea-simul/ref/hg38/Homo_sapiens_assembly38.fasta : chr # 548  "chrUn_KN707698v1_decoy" chrStart: 3304325120
/home/junseokp/workspaces/data/rTea-simul/ref/hg38/Homo_sapiens_assembly38.fasta : chr # 549  "chrUn_KN707699v1_decoy" chrStart: 3304587264
/home/junseokp/workspaces/data/rTea-simul/ref/hg38/Homo_sapiens_assembly38.fasta : chr # 550  "chrUn_KN707700v1_decoy" chrStart: 3304849408
/home/junseokp/workspaces/data/rTea-simul/ref/hg38/Homo_sapiens_assembly38.fasta : chr # 551  "chrUn_KN707701v1_decoy" chrStart: 3305111552
/home/junseokp/workspaces/data/rTea-simul/ref/hg38/Homo_sapiens_assembly38.fasta : chr # 552  "chrUn_KN707702v1_decoy" chrStart: 3305373696
/home/junseokp/workspaces/data/rTea-simul/ref/hg38/Homo_sapiens_assembly38.fasta : chr # 553  "chrUn_KN707703v1_decoy" chrStart: 3305635840
/home/junseokp/workspaces/data/rTea-simul/ref/hg38/Homo_sapiens_assembly38.fasta : chr # 554  "chrUn_KN707704v1_decoy" chrStart: 3305897984
/home/junseokp/workspaces/data/rTea-simul/ref/hg38/Homo_sapiens_assembly38.fasta : chr # 555  "chrUn_KN707705v1_decoy" chrStart: 3306160128
/home/junseokp/workspaces/data/rTea-simul/ref/hg38/Homo_sapiens_assembly38.fasta : chr # 556  "chrUn_KN707706v1_decoy" chrStart: 3306422272
/home/junseokp/workspaces/data/rTea-simul/ref/hg38/Homo_sapiens_assembly38.fasta : chr # 557  "chrUn_KN707707v1_decoy" chrStart: 3306684416
/home/junseokp/workspaces/data/rTea-simul/ref/hg38/Homo_sapiens_assembly38.fasta : chr # 558  "chrUn_KN707708v1_decoy" chrStart: 3306946560
/home/junseokp/workspaces/data/rTea-simul/ref/hg38/Homo_sapiens_assembly38.fasta : chr # 559  "chrUn_KN707709v1_decoy" chrStart: 3307208704
/home/junseokp/workspaces/data/rTea-simul/ref/hg38/Homo_sapiens_assembly38.fasta : chr # 560  "chrUn_KN707710v1_decoy" chrStart: 3307470848
/home/junseokp/workspaces/data/rTea-simul/ref/hg38/Homo_sapiens_assembly38.fasta : chr # 561  "chrUn_KN707711v1_decoy" chrStart: 3307732992
/home/junseokp/workspaces/data/rTea-simul/ref/hg38/Homo_sapiens_assembly38.fasta : chr # 562  "chrUn_KN707712v1_decoy" chrStart: 3307995136
/home/junseokp/workspaces/data/rTea-simul/ref/hg38/Homo_sapiens_assembly38.fasta : chr # 563  "chrUn_KN707713v1_decoy" chrStart: 3308257280
/home/junseokp/workspaces/data/rTea-simul/ref/hg38/Homo_sapiens_assembly38.fasta : chr # 564  "chrUn_KN707714v1_decoy" chrStart: 3308519424
/home/junseokp/workspaces/data/rTea-simul/ref/hg38/Homo_sapiens_assembly38.fasta : chr # 565  "chrUn_KN707715v1_decoy" chrStart: 3308781568
/home/junseokp/workspaces/data/rTea-simul/ref/hg38/Homo_sapiens_assembly38.fasta : chr # 566  "chrUn_KN707716v1_decoy" chrStart: 3309043712
/home/junseokp/workspaces/data/rTea-simul/ref/hg38/Homo_sapiens_assembly38.fasta : chr # 567  "chrUn_KN707717v1_decoy" chrStart: 3309305856
/home/junseokp/workspaces/data/rTea-simul/ref/hg38/Homo_sapiens_assembly38.fasta : chr # 568  "chrUn_KN707718v1_decoy" chrStart: 3309568000
/home/junseokp/workspaces/data/rTea-simul/ref/hg38/Homo_sapiens_assembly38.fasta : chr # 569  "chrUn_KN707719v1_decoy" chrStart: 3309830144
/home/junseokp/workspaces/data/rTea-simul/ref/hg38/Homo_sapiens_assembly38.fasta : chr # 570  "chrUn_KN707720v1_decoy" chrStart: 3310092288
/home/junseokp/workspaces/data/rTea-simul/ref/hg38/Homo_sapiens_assembly38.fasta : chr # 571  "chrUn_KN707721v1_decoy" chrStart: 3310354432
/home/junseokp/workspaces/data/rTea-simul/ref/hg38/Homo_sapiens_assembly38.fasta : chr # 572  "chrUn_KN707722v1_decoy" chrStart: 3310616576
/home/junseokp/workspaces/data/rTea-simul/ref/hg38/Homo_sapiens_assembly38.fasta : chr # 573  "chrUn_KN707723v1_decoy" chrStart: 3310878720
/home/junseokp/workspaces/data/rTea-simul/ref/hg38/Homo_sapiens_assembly38.fasta : chr # 574  "chrUn_KN707724v1_decoy" chrStart: 3311140864
/home/junseokp/workspaces/data/rTea-simul/ref/hg38/Homo_sapiens_assembly38.fasta : chr # 575  "chrUn_KN707725v1_decoy" chrStart: 3311403008
/home/junseokp/workspaces/data/rTea-simul/ref/hg38/Homo_sapiens_assembly38.fasta : chr # 576  "chrUn_KN707726v1_decoy" chrStart: 3311665152
/home/junseokp/workspaces/data/rTea-simul/ref/hg38/Homo_sapiens_assembly38.fasta : chr # 577  "chrUn_KN707727v1_decoy" chrStart: 3311927296
/home/junseokp/workspaces/data/rTea-simul/ref/hg38/Homo_sapiens_assembly38.fasta : chr # 578  "chrUn_KN707728v1_decoy" chrStart: 3312189440
/home/junseokp/workspaces/data/rTea-simul/ref/hg38/Homo_sapiens_assembly38.fasta : chr # 579  "chrUn_KN707729v1_decoy" chrStart: 3312451584
/home/junseokp/workspaces/data/rTea-simul/ref/hg38/Homo_sapiens_assembly38.fasta : chr # 580  "chrUn_KN707730v1_decoy" chrStart: 3312713728
/home/junseokp/workspaces/data/rTea-simul/ref/hg38/Homo_sapiens_assembly38.fasta : chr # 581  "chrUn_KN707731v1_decoy" chrStart: 3312975872
/home/junseokp/workspaces/data/rTea-simul/ref/hg38/Homo_sapiens_assembly38.fasta : chr # 582  "chrUn_KN707732v1_decoy" chrStart: 3313238016
/home/junseokp/workspaces/data/rTea-simul/ref/hg38/Homo_sapiens_assembly38.fasta : chr # 583  "chrUn_KN707733v1_decoy" chrStart: 3313500160
/home/junseokp/workspaces/data/rTea-simul/ref/hg38/Homo_sapiens_assembly38.fasta : chr # 584  "chrUn_KN707734v1_decoy" chrStart: 3313762304
/home/junseokp/workspaces/data/rTea-simul/ref/hg38/Homo_sapiens_assembly38.fasta : chr # 585  "chrUn_KN707735v1_decoy" chrStart: 3314024448
/home/junseokp/workspaces/data/rTea-simul/ref/hg38/Homo_sapiens_assembly38.fasta : chr # 586  "chrUn_KN707736v1_decoy" chrStart: 3314286592
/home/junseokp/workspaces/data/rTea-simul/ref/hg38/Homo_sapiens_assembly38.fasta : chr # 587  "chrUn_KN707737v1_decoy" chrStart: 3314548736
/home/junseokp/workspaces/data/rTea-simul/ref/hg38/Homo_sapiens_assembly38.fasta : chr # 588  "chrUn_KN707738v1_decoy" chrStart: 3314810880
/home/junseokp/workspaces/data/rTea-simul/ref/hg38/Homo_sapiens_assembly38.fasta : chr # 589  "chrUn_KN707739v1_decoy" chrStart: 3315073024
/home/junseokp/workspaces/data/rTea-simul/ref/hg38/Homo_sapiens_assembly38.fasta : chr # 590  "chrUn_KN707740v1_decoy" chrStart: 3315335168
/home/junseokp/workspaces/data/rTea-simul/ref/hg38/Homo_sapiens_assembly38.fasta : chr # 591  "chrUn_KN707741v1_decoy" chrStart: 3315597312
/home/junseokp/workspaces/data/rTea-simul/ref/hg38/Homo_sapiens_assembly38.fasta : chr # 592  "chrUn_KN707742v1_decoy" chrStart: 3315859456
/home/junseokp/workspaces/data/rTea-simul/ref/hg38/Homo_sapiens_assembly38.fasta : chr # 593  "chrUn_KN707743v1_decoy" chrStart: 3316121600
/home/junseokp/workspaces/data/rTea-simul/ref/hg38/Homo_sapiens_assembly38.fasta : chr # 594  "chrUn_KN707744v1_decoy" chrStart: 3316383744
/home/junseokp/workspaces/data/rTea-simul/ref/hg38/Homo_sapiens_assembly38.fasta : chr # 595  "chrUn_KN707745v1_decoy" chrStart: 3316645888
/home/junseokp/workspaces/data/rTea-simul/ref/hg38/Homo_sapiens_assembly38.fasta : chr # 596  "chrUn_KN707746v1_decoy" chrStart: 3316908032
/home/junseokp/workspaces/data/rTea-simul/ref/hg38/Homo_sapiens_assembly38.fasta : chr # 597  "chrUn_KN707747v1_decoy" chrStart: 3317170176
/home/junseokp/workspaces/data/rTea-simul/ref/hg38/Homo_sapiens_assembly38.fasta : chr # 598  "chrUn_KN707748v1_decoy" chrStart: 3317432320
/home/junseokp/workspaces/data/rTea-simul/ref/hg38/Homo_sapiens_assembly38.fasta : chr # 599  "chrUn_KN707749v1_decoy" chrStart: 3317694464
/home/junseokp/workspaces/data/rTea-simul/ref/hg38/Homo_sapiens_assembly38.fasta : chr # 600  "chrUn_KN707750v1_decoy" chrStart: 3317956608
/home/junseokp/workspaces/data/rTea-simul/ref/hg38/Homo_sapiens_assembly38.fasta : chr # 601  "chrUn_KN707751v1_decoy" chrStart: 3318218752
/home/junseokp/workspaces/data/rTea-simul/ref/hg38/Homo_sapiens_assembly38.fasta : chr # 602  "chrUn_KN707752v1_decoy" chrStart: 3318480896
/home/junseokp/workspaces/data/rTea-simul/ref/hg38/Homo_sapiens_assembly38.fasta : chr # 603  "chrUn_KN707753v1_decoy" chrStart: 3318743040
/home/junseokp/workspaces/data/rTea-simul/ref/hg38/Homo_sapiens_assembly38.fasta : chr # 604  "chrUn_KN707754v1_decoy" chrStart: 3319005184
/home/junseokp/workspaces/data/rTea-simul/ref/hg38/Homo_sapiens_assembly38.fasta : chr # 605  "chrUn_KN707755v1_decoy" chrStart: 3319267328
/home/junseokp/workspaces/data/rTea-simul/ref/hg38/Homo_sapiens_assembly38.fasta : chr # 606  "chrUn_KN707756v1_decoy" chrStart: 3319529472
/home/junseokp/workspaces/data/rTea-simul/ref/hg38/Homo_sapiens_assembly38.fasta : chr # 607  "chrUn_KN707757v1_decoy" chrStart: 3319791616
/home/junseokp/workspaces/data/rTea-simul/ref/hg38/Homo_sapiens_assembly38.fasta : chr # 608  "chrUn_KN707758v1_decoy" chrStart: 3320053760
/home/junseokp/workspaces/data/rTea-simul/ref/hg38/Homo_sapiens_assembly38.fasta : chr # 609  "chrUn_KN707759v1_decoy" chrStart: 3320315904
/home/junseokp/workspaces/data/rTea-simul/ref/hg38/Homo_sapiens_assembly38.fasta : chr # 610  "chrUn_KN707760v1_decoy" chrStart: 3320578048
/home/junseokp/workspaces/data/rTea-simul/ref/hg38/Homo_sapiens_assembly38.fasta : chr # 611  "chrUn_KN707761v1_decoy" chrStart: 3320840192
/home/junseokp/workspaces/data/rTea-simul/ref/hg38/Homo_sapiens_assembly38.fasta : chr # 612  "chrUn_KN707762v1_decoy" chrStart: 3321102336
/home/junseokp/workspaces/data/rTea-simul/ref/hg38/Homo_sapiens_assembly38.fasta : chr # 613  "chrUn_KN707763v1_decoy" chrStart: 3321364480
/home/junseokp/workspaces/data/rTea-simul/ref/hg38/Homo_sapiens_assembly38.fasta : chr # 614  "chrUn_KN707764v1_decoy" chrStart: 3321626624
/home/junseokp/workspaces/data/rTea-simul/ref/hg38/Homo_sapiens_assembly38.fasta : chr # 615  "chrUn_KN707765v1_decoy" chrStart: 3321888768
/home/junseokp/workspaces/data/rTea-simul/ref/hg38/Homo_sapiens_assembly38.fasta : chr # 616  "chrUn_KN707766v1_decoy" chrStart: 3322150912
/home/junseokp/workspaces/data/rTea-simul/ref/hg38/Homo_sapiens_assembly38.fasta : chr # 617  "chrUn_KN707767v1_decoy" chrStart: 3322413056
/home/junseokp/workspaces/data/rTea-simul/ref/hg38/Homo_sapiens_assembly38.fasta : chr # 618  "chrUn_KN707768v1_decoy" chrStart: 3322675200
/home/junseokp/workspaces/data/rTea-simul/ref/hg38/Homo_sapiens_assembly38.fasta : chr # 619  "chrUn_KN707769v1_decoy" chrStart: 3322937344
/home/junseokp/workspaces/data/rTea-simul/ref/hg38/Homo_sapiens_assembly38.fasta : chr # 620  "chrUn_KN707770v1_decoy" chrStart: 3323199488
/home/junseokp/workspaces/data/rTea-simul/ref/hg38/Homo_sapiens_assembly38.fasta : chr # 621  "chrUn_KN707771v1_decoy" chrStart: 3323461632
/home/junseokp/workspaces/data/rTea-simul/ref/hg38/Homo_sapiens_assembly38.fasta : chr # 622  "chrUn_KN707772v1_decoy" chrStart: 3323723776
/home/junseokp/workspaces/data/rTea-simul/ref/hg38/Homo_sapiens_assembly38.fasta : chr # 623  "chrUn_KN707773v1_decoy" chrStart: 3323985920
/home/junseokp/workspaces/data/rTea-simul/ref/hg38/Homo_sapiens_assembly38.fasta : chr # 624  "chrUn_KN707774v1_decoy" chrStart: 3324248064
/home/junseokp/workspaces/data/rTea-simul/ref/hg38/Homo_sapiens_assembly38.fasta : chr # 625  "chrUn_KN707775v1_decoy" chrStart: 3324510208
/home/junseokp/workspaces/data/rTea-simul/ref/hg38/Homo_sapiens_assembly38.fasta : chr # 626  "chrUn_KN707776v1_decoy" chrStart: 3324772352
/home/junseokp/workspaces/data/rTea-simul/ref/hg38/Homo_sapiens_assembly38.fasta : chr # 627  "chrUn_KN707777v1_decoy" chrStart: 3325034496
/home/junseokp/workspaces/data/rTea-simul/ref/hg38/Homo_sapiens_assembly38.fasta : chr # 628  "chrUn_KN707778v1_decoy" chrStart: 3325296640
/home/junseokp/workspaces/data/rTea-simul/ref/hg38/Homo_sapiens_assembly38.fasta : chr # 629  "chrUn_KN707779v1_decoy" chrStart: 3325558784
/home/junseokp/workspaces/data/rTea-simul/ref/hg38/Homo_sapiens_assembly38.fasta : chr # 630  "chrUn_KN707780v1_decoy" chrStart: 3325820928
/home/junseokp/workspaces/data/rTea-simul/ref/hg38/Homo_sapiens_assembly38.fasta : chr # 631  "chrUn_KN707781v1_decoy" chrStart: 3326083072
/home/junseokp/workspaces/data/rTea-simul/ref/hg38/Homo_sapiens_assembly38.fasta : chr # 632  "chrUn_KN707782v1_decoy" chrStart: 3326345216
/home/junseokp/workspaces/data/rTea-simul/ref/hg38/Homo_sapiens_assembly38.fasta : chr # 633  "chrUn_KN707783v1_decoy" chrStart: 3326607360
/home/junseokp/workspaces/data/rTea-simul/ref/hg38/Homo_sapiens_assembly38.fasta : chr # 634  "chrUn_KN707784v1_decoy" chrStart: 3326869504
/home/junseokp/workspaces/data/rTea-simul/ref/hg38/Homo_sapiens_assembly38.fasta : chr # 635  "chrUn_KN707785v1_decoy" chrStart: 3327131648
/home/junseokp/workspaces/data/rTea-simul/ref/hg38/Homo_sapiens_assembly38.fasta : chr # 636  "chrUn_KN707786v1_decoy" chrStart: 3327393792
/home/junseokp/workspaces/data/rTea-simul/ref/hg38/Homo_sapiens_assembly38.fasta : chr # 637  "chrUn_KN707787v1_decoy" chrStart: 3327655936
/home/junseokp/workspaces/data/rTea-simul/ref/hg38/Homo_sapiens_assembly38.fasta : chr # 638  "chrUn_KN707788v1_decoy" chrStart: 3327918080
/home/junseokp/workspaces/data/rTea-simul/ref/hg38/Homo_sapiens_assembly38.fasta : chr # 639  "chrUn_KN707789v1_decoy" chrStart: 3328180224
/home/junseokp/workspaces/data/rTea-simul/ref/hg38/Homo_sapiens_assembly38.fasta : chr # 640  "chrUn_KN707790v1_decoy" chrStart: 3328442368
/home/junseokp/workspaces/data/rTea-simul/ref/hg38/Homo_sapiens_assembly38.fasta : chr # 641  "chrUn_KN707791v1_decoy" chrStart: 3328704512
/home/junseokp/workspaces/data/rTea-simul/ref/hg38/Homo_sapiens_assembly38.fasta : chr # 642  "chrUn_KN707792v1_decoy" chrStart: 3328966656
/home/junseokp/workspaces/data/rTea-simul/ref/hg38/Homo_sapiens_assembly38.fasta : chr # 643  "chrUn_KN707793v1_decoy" chrStart: 3329228800
/home/junseokp/workspaces/data/rTea-simul/ref/hg38/Homo_sapiens_assembly38.fasta : chr # 644  "chrUn_KN707794v1_decoy" chrStart: 3329490944
/home/junseokp/workspaces/data/rTea-simul/ref/hg38/Homo_sapiens_assembly38.fasta : chr # 645  "chrUn_KN707795v1_decoy" chrStart: 3329753088
/home/junseokp/workspaces/data/rTea-simul/ref/hg38/Homo_sapiens_assembly38.fasta : chr # 646  "chrUn_KN707796v1_decoy" chrStart: 3330015232
/home/junseokp/workspaces/data/rTea-simul/ref/hg38/Homo_sapiens_assembly38.fasta : chr # 647  "chrUn_KN707797v1_decoy" chrStart: 3330277376
/home/junseokp/workspaces/data/rTea-simul/ref/hg38/Homo_sapiens_assembly38.fasta : chr # 648  "chrUn_KN707798v1_decoy" chrStart: 3330539520
/home/junseokp/workspaces/data/rTea-simul/ref/hg38/Homo_sapiens_assembly38.fasta : chr # 649  "chrUn_KN707799v1_decoy" chrStart: 3330801664
/home/junseokp/workspaces/data/rTea-simul/ref/hg38/Homo_sapiens_assembly38.fasta : chr # 650  "chrUn_KN707800v1_decoy" chrStart: 3331063808
/home/junseokp/workspaces/data/rTea-simul/ref/hg38/Homo_sapiens_assembly38.fasta : chr # 651  "chrUn_KN707801v1_decoy" chrStart: 3331325952
/home/junseokp/workspaces/data/rTea-simul/ref/hg38/Homo_sapiens_assembly38.fasta : chr # 652  "chrUn_KN707802v1_decoy" chrStart: 3331588096
/home/junseokp/workspaces/data/rTea-simul/ref/hg38/Homo_sapiens_assembly38.fasta : chr # 653  "chrUn_KN707803v1_decoy" chrStart: 3331850240
/home/junseokp/workspaces/data/rTea-simul/ref/hg38/Homo_sapiens_assembly38.fasta : chr # 654  "chrUn_KN707804v1_decoy" chrStart: 3332112384
/home/junseokp/workspaces/data/rTea-simul/ref/hg38/Homo_sapiens_assembly38.fasta : chr # 655  "chrUn_KN707805v1_decoy" chrStart: 3332374528
/home/junseokp/workspaces/data/rTea-simul/ref/hg38/Homo_sapiens_assembly38.fasta : chr # 656  "chrUn_KN707806v1_decoy" chrStart: 3332636672
/home/junseokp/workspaces/data/rTea-simul/ref/hg38/Homo_sapiens_assembly38.fasta : chr # 657  "chrUn_KN707807v1_decoy" chrStart: 3332898816
/home/junseokp/workspaces/data/rTea-simul/ref/hg38/Homo_sapiens_assembly38.fasta : chr # 658  "chrUn_KN707808v1_decoy" chrStart: 3333160960
/home/junseokp/workspaces/data/rTea-simul/ref/hg38/Homo_sapiens_assembly38.fasta : chr # 659  "chrUn_KN707809v1_decoy" chrStart: 3333423104
/home/junseokp/workspaces/data/rTea-simul/ref/hg38/Homo_sapiens_assembly38.fasta : chr # 660  "chrUn_KN707810v1_decoy" chrStart: 3333685248
/home/junseokp/workspaces/data/rTea-simul/ref/hg38/Homo_sapiens_assembly38.fasta : chr # 661  "chrUn_KN707811v1_decoy" chrStart: 3333947392
/home/junseokp/workspaces/data/rTea-simul/ref/hg38/Homo_sapiens_assembly38.fasta : chr # 662  "chrUn_KN707812v1_decoy" chrStart: 3334209536
/home/junseokp/workspaces/data/rTea-simul/ref/hg38/Homo_sapiens_assembly38.fasta : chr # 663  "chrUn_KN707813v1_decoy" chrStart: 3334471680
/home/junseokp/workspaces/data/rTea-simul/ref/hg38/Homo_sapiens_assembly38.fasta : chr # 664  "chrUn_KN707814v1_decoy" chrStart: 3334733824
/home/junseokp/workspaces/data/rTea-simul/ref/hg38/Homo_sapiens_assembly38.fasta : chr # 665  "chrUn_KN707815v1_decoy" chrStart: 3334995968
/home/junseokp/workspaces/data/rTea-simul/ref/hg38/Homo_sapiens_assembly38.fasta : chr # 666  "chrUn_KN707816v1_decoy" chrStart: 3335258112
/home/junseokp/workspaces/data/rTea-simul/ref/hg38/Homo_sapiens_assembly38.fasta : chr # 667  "chrUn_KN707817v1_decoy" chrStart: 3335520256
/home/junseokp/workspaces/data/rTea-simul/ref/hg38/Homo_sapiens_assembly38.fasta : chr # 668  "chrUn_KN707818v1_decoy" chrStart: 3335782400
/home/junseokp/workspaces/data/rTea-simul/ref/hg38/Homo_sapiens_assembly38.fasta : chr # 669  "chrUn_KN707819v1_decoy" chrStart: 3336044544
/home/junseokp/workspaces/data/rTea-simul/ref/hg38/Homo_sapiens_assembly38.fasta : chr # 670  "chrUn_KN707820v1_decoy" chrStart: 3336306688
/home/junseokp/workspaces/data/rTea-simul/ref/hg38/Homo_sapiens_assembly38.fasta : chr # 671  "chrUn_KN707821v1_decoy" chrStart: 3336568832
/home/junseokp/workspaces/data/rTea-simul/ref/hg38/Homo_sapiens_assembly38.fasta : chr # 672  "chrUn_KN707822v1_decoy" chrStart: 3336830976
/home/junseokp/workspaces/data/rTea-simul/ref/hg38/Homo_sapiens_assembly38.fasta : chr # 673  "chrUn_KN707823v1_decoy" chrStart: 3337093120
/home/junseokp/workspaces/data/rTea-simul/ref/hg38/Homo_sapiens_assembly38.fasta : chr # 674  "chrUn_KN707824v1_decoy" chrStart: 3337355264
/home/junseokp/workspaces/data/rTea-simul/ref/hg38/Homo_sapiens_assembly38.fasta : chr # 675  "chrUn_KN707825v1_decoy" chrStart: 3337617408
/home/junseokp/workspaces/data/rTea-simul/ref/hg38/Homo_sapiens_assembly38.fasta : chr # 676  "chrUn_KN707826v1_decoy" chrStart: 3337879552
/home/junseokp/workspaces/data/rTea-simul/ref/hg38/Homo_sapiens_assembly38.fasta : chr # 677  "chrUn_KN707827v1_decoy" chrStart: 3338141696
/home/junseokp/workspaces/data/rTea-simul/ref/hg38/Homo_sapiens_assembly38.fasta : chr # 678  "chrUn_KN707828v1_decoy" chrStart: 3338403840
/home/junseokp/workspaces/data/rTea-simul/ref/hg38/Homo_sapiens_assembly38.fasta : chr # 679  "chrUn_KN707829v1_decoy" chrStart: 3338665984
/home/junseokp/workspaces/data/rTea-simul/ref/hg38/Homo_sapiens_assembly38.fasta : chr # 680  "chrUn_KN707830v1_decoy" chrStart: 3338928128
/home/junseokp/workspaces/data/rTea-simul/ref/hg38/Homo_sapiens_assembly38.fasta : chr # 681  "chrUn_KN707831v1_decoy" chrStart: 3339190272
/home/junseokp/workspaces/data/rTea-simul/ref/hg38/Homo_sapiens_assembly38.fasta : chr # 682  "chrUn_KN707832v1_decoy" chrStart: 3339452416
/home/junseokp/workspaces/data/rTea-simul/ref/hg38/Homo_sapiens_assembly38.fasta : chr # 683  "chrUn_KN707833v1_decoy" chrStart: 3339714560
/home/junseokp/workspaces/data/rTea-simul/ref/hg38/Homo_sapiens_assembly38.fasta : chr # 684  "chrUn_KN707834v1_decoy" chrStart: 3339976704
/home/junseokp/workspaces/data/rTea-simul/ref/hg38/Homo_sapiens_assembly38.fasta : chr # 685  "chrUn_KN707835v1_decoy" chrStart: 3340238848
/home/junseokp/workspaces/data/rTea-simul/ref/hg38/Homo_sapiens_assembly38.fasta : chr # 686  "chrUn_KN707836v1_decoy" chrStart: 3340500992
/home/junseokp/workspaces/data/rTea-simul/ref/hg38/Homo_sapiens_assembly38.fasta : chr # 687  "chrUn_KN707837v1_decoy" chrStart: 3340763136
/home/junseokp/workspaces/data/rTea-simul/ref/hg38/Homo_sapiens_assembly38.fasta : chr # 688  "chrUn_KN707838v1_decoy" chrStart: 3341025280
/home/junseokp/workspaces/data/rTea-simul/ref/hg38/Homo_sapiens_assembly38.fasta : chr # 689  "chrUn_KN707839v1_decoy" chrStart: 3341287424
/home/junseokp/workspaces/data/rTea-simul/ref/hg38/Homo_sapiens_assembly38.fasta : chr # 690  "chrUn_KN707840v1_decoy" chrStart: 3341549568
/home/junseokp/workspaces/data/rTea-simul/ref/hg38/Homo_sapiens_assembly38.fasta : chr # 691  "chrUn_KN707841v1_decoy" chrStart: 3341811712
/home/junseokp/workspaces/data/rTea-simul/ref/hg38/Homo_sapiens_assembly38.fasta : chr # 692  "chrUn_KN707842v1_decoy" chrStart: 3342073856
/home/junseokp/workspaces/data/rTea-simul/ref/hg38/Homo_sapiens_assembly38.fasta : chr # 693  "chrUn_KN707843v1_decoy" chrStart: 3342336000
/home/junseokp/workspaces/data/rTea-simul/ref/hg38/Homo_sapiens_assembly38.fasta : chr # 694  "chrUn_KN707844v1_decoy" chrStart: 3342598144
/home/junseokp/workspaces/data/rTea-simul/ref/hg38/Homo_sapiens_assembly38.fasta : chr # 695  "chrUn_KN707845v1_decoy" chrStart: 3342860288
/home/junseokp/workspaces/data/rTea-simul/ref/hg38/Homo_sapiens_assembly38.fasta : chr # 696  "chrUn_KN707846v1_decoy" chrStart: 3343122432
/home/junseokp/workspaces/data/rTea-simul/ref/hg38/Homo_sapiens_assembly38.fasta : chr # 697  "chrUn_KN707847v1_decoy" chrStart: 3343384576
/home/junseokp/workspaces/data/rTea-simul/ref/hg38/Homo_sapiens_assembly38.fasta : chr # 698  "chrUn_KN707848v1_decoy" chrStart: 3343646720
/home/junseokp/workspaces/data/rTea-simul/ref/hg38/Homo_sapiens_assembly38.fasta : chr # 699  "chrUn_KN707849v1_decoy" chrStart: 3343908864
/home/junseokp/workspaces/data/rTea-simul/ref/hg38/Homo_sapiens_assembly38.fasta : chr # 700  "chrUn_KN707850v1_decoy" chrStart: 3344171008
/home/junseokp/workspaces/data/rTea-simul/ref/hg38/Homo_sapiens_assembly38.fasta : chr # 701  "chrUn_KN707851v1_decoy" chrStart: 3344433152
/home/junseokp/workspaces/data/rTea-simul/ref/hg38/Homo_sapiens_assembly38.fasta : chr # 702  "chrUn_KN707852v1_decoy" chrStart: 3344695296
/home/junseokp/workspaces/data/rTea-simul/ref/hg38/Homo_sapiens_assembly38.fasta : chr # 703  "chrUn_KN707853v1_decoy" chrStart: 3344957440
/home/junseokp/workspaces/data/rTea-simul/ref/hg38/Homo_sapiens_assembly38.fasta : chr # 704  "chrUn_KN707854v1_decoy" chrStart: 3345219584
/home/junseokp/workspaces/data/rTea-simul/ref/hg38/Homo_sapiens_assembly38.fasta : chr # 705  "chrUn_KN707855v1_decoy" chrStart: 3345481728
/home/junseokp/workspaces/data/rTea-simul/ref/hg38/Homo_sapiens_assembly38.fasta : chr # 706  "chrUn_KN707856v1_decoy" chrStart: 3345743872
/home/junseokp/workspaces/data/rTea-simul/ref/hg38/Homo_sapiens_assembly38.fasta : chr # 707  "chrUn_KN707857v1_decoy" chrStart: 3346006016
/home/junseokp/workspaces/data/rTea-simul/ref/hg38/Homo_sapiens_assembly38.fasta : chr # 708  "chrUn_KN707858v1_decoy" chrStart: 3346268160
/home/junseokp/workspaces/data/rTea-simul/ref/hg38/Homo_sapiens_assembly38.fasta : chr # 709  "chrUn_KN707859v1_decoy" chrStart: 3346530304
/home/junseokp/workspaces/data/rTea-simul/ref/hg38/Homo_sapiens_assembly38.fasta : chr # 710  "chrUn_KN707860v1_decoy" chrStart: 3346792448
/home/junseokp/workspaces/data/rTea-simul/ref/hg38/Homo_sapiens_assembly38.fasta : chr # 711  "chrUn_KN707861v1_decoy" chrStart: 3347054592
/home/junseokp/workspaces/data/rTea-simul/ref/hg38/Homo_sapiens_assembly38.fasta : chr # 712  "chrUn_KN707862v1_decoy" chrStart: 3347316736
/home/junseokp/workspaces/data/rTea-simul/ref/hg38/Homo_sapiens_assembly38.fasta : chr # 713  "chrUn_KN707863v1_decoy" chrStart: 3347578880
/home/junseokp/workspaces/data/rTea-simul/ref/hg38/Homo_sapiens_assembly38.fasta : chr # 714  "chrUn_KN707864v1_decoy" chrStart: 3347841024
/home/junseokp/workspaces/data/rTea-simul/ref/hg38/Homo_sapiens_assembly38.fasta : chr # 715  "chrUn_KN707865v1_decoy" chrStart: 3348103168
/home/junseokp/workspaces/data/rTea-simul/ref/hg38/Homo_sapiens_assembly38.fasta : chr # 716  "chrUn_KN707866v1_decoy" chrStart: 3348365312
/home/junseokp/workspaces/data/rTea-simul/ref/hg38/Homo_sapiens_assembly38.fasta : chr # 717  "chrUn_KN707867v1_decoy" chrStart: 3348627456
/home/junseokp/workspaces/data/rTea-simul/ref/hg38/Homo_sapiens_assembly38.fasta : chr # 718  "chrUn_KN707868v1_decoy" chrStart: 3348889600
/home/junseokp/workspaces/data/rTea-simul/ref/hg38/Homo_sapiens_assembly38.fasta : chr # 719  "chrUn_KN707869v1_decoy" chrStart: 3349151744
/home/junseokp/workspaces/data/rTea-simul/ref/hg38/Homo_sapiens_assembly38.fasta : chr # 720  "chrUn_KN707870v1_decoy" chrStart: 3349413888
/home/junseokp/workspaces/data/rTea-simul/ref/hg38/Homo_sapiens_assembly38.fasta : chr # 721  "chrUn_KN707871v1_decoy" chrStart: 3349676032
/home/junseokp/workspaces/data/rTea-simul/ref/hg38/Homo_sapiens_assembly38.fasta : chr # 722  "chrUn_KN707872v1_decoy" chrStart: 3349938176
/home/junseokp/workspaces/data/rTea-simul/ref/hg38/Homo_sapiens_assembly38.fasta : chr # 723  "chrUn_KN707873v1_decoy" chrStart: 3350200320
/home/junseokp/workspaces/data/rTea-simul/ref/hg38/Homo_sapiens_assembly38.fasta : chr # 724  "chrUn_KN707874v1_decoy" chrStart: 3350462464
/home/junseokp/workspaces/data/rTea-simul/ref/hg38/Homo_sapiens_assembly38.fasta : chr # 725  "chrUn_KN707875v1_decoy" chrStart: 3350724608
/home/junseokp/workspaces/data/rTea-simul/ref/hg38/Homo_sapiens_assembly38.fasta : chr # 726  "chrUn_KN707876v1_decoy" chrStart: 3350986752
/home/junseokp/workspaces/data/rTea-simul/ref/hg38/Homo_sapiens_assembly38.fasta : chr # 727  "chrUn_KN707877v1_decoy" chrStart: 3351248896
/home/junseokp/workspaces/data/rTea-simul/ref/hg38/Homo_sapiens_assembly38.fasta : chr # 728  "chrUn_KN707878v1_decoy" chrStart: 3351511040
/home/junseokp/workspaces/data/rTea-simul/ref/hg38/Homo_sapiens_assembly38.fasta : chr # 729  "chrUn_KN707879v1_decoy" chrStart: 3351773184
/home/junseokp/workspaces/data/rTea-simul/ref/hg38/Homo_sapiens_assembly38.fasta : chr # 730  "chrUn_KN707880v1_decoy" chrStart: 3352035328
/home/junseokp/workspaces/data/rTea-simul/ref/hg38/Homo_sapiens_assembly38.fasta : chr # 731  "chrUn_KN707881v1_decoy" chrStart: 3352297472
/home/junseokp/workspaces/data/rTea-simul/ref/hg38/Homo_sapiens_assembly38.fasta : chr # 732  "chrUn_KN707882v1_decoy" chrStart: 3352559616
/home/junseokp/workspaces/data/rTea-simul/ref/hg38/Homo_sapiens_assembly38.fasta : chr # 733  "chrUn_KN707883v1_decoy" chrStart: 3352821760
/home/junseokp/workspaces/data/rTea-simul/ref/hg38/Homo_sapiens_assembly38.fasta : chr # 734  "chrUn_KN707884v1_decoy" chrStart: 3353083904
/home/junseokp/workspaces/data/rTea-simul/ref/hg38/Homo_sapiens_assembly38.fasta : chr # 735  "chrUn_KN707885v1_decoy" chrStart: 3353346048
/home/junseokp/workspaces/data/rTea-simul/ref/hg38/Homo_sapiens_assembly38.fasta : chr # 736  "chrUn_KN707886v1_decoy" chrStart: 3353608192
/home/junseokp/workspaces/data/rTea-simul/ref/hg38/Homo_sapiens_assembly38.fasta : chr # 737  "chrUn_KN707887v1_decoy" chrStart: 3353870336
/home/junseokp/workspaces/data/rTea-simul/ref/hg38/Homo_sapiens_assembly38.fasta : chr # 738  "chrUn_KN707888v1_decoy" chrStart: 3354132480
/home/junseokp/workspaces/data/rTea-simul/ref/hg38/Homo_sapiens_assembly38.fasta : chr # 739  "chrUn_KN707889v1_decoy" chrStart: 3354394624
/home/junseokp/workspaces/data/rTea-simul/ref/hg38/Homo_sapiens_assembly38.fasta : chr # 740  "chrUn_KN707890v1_decoy" chrStart: 3354656768
/home/junseokp/workspaces/data/rTea-simul/ref/hg38/Homo_sapiens_assembly38.fasta : chr # 741  "chrUn_KN707891v1_decoy" chrStart: 3354918912
/home/junseokp/workspaces/data/rTea-simul/ref/hg38/Homo_sapiens_assembly38.fasta : chr # 742  "chrUn_KN707892v1_decoy" chrStart: 3355181056
/home/junseokp/workspaces/data/rTea-simul/ref/hg38/Homo_sapiens_assembly38.fasta : chr # 743  "chrUn_KN707893v1_decoy" chrStart: 3355443200
/home/junseokp/workspaces/data/rTea-simul/ref/hg38/Homo_sapiens_assembly38.fasta : chr # 744  "chrUn_KN707894v1_decoy" chrStart: 3355705344
/home/junseokp/workspaces/data/rTea-simul/ref/hg38/Homo_sapiens_assembly38.fasta : chr # 745  "chrUn_KN707895v1_decoy" chrStart: 3355967488
/home/junseokp/workspaces/data/rTea-simul/ref/hg38/Homo_sapiens_assembly38.fasta : chr # 746  "chrUn_KN707896v1_decoy" chrStart: 3356229632
/home/junseokp/workspaces/data/rTea-simul/ref/hg38/Homo_sapiens_assembly38.fasta : chr # 747  "chrUn_KN707897v1_decoy" chrStart: 3356491776
/home/junseokp/workspaces/data/rTea-simul/ref/hg38/Homo_sapiens_assembly38.fasta : chr # 748  "chrUn_KN707898v1_decoy" chrStart: 3356753920
/home/junseokp/workspaces/data/rTea-simul/ref/hg38/Homo_sapiens_assembly38.fasta : chr # 749  "chrUn_KN707899v1_decoy" chrStart: 3357016064
/home/junseokp/workspaces/data/rTea-simul/ref/hg38/Homo_sapiens_assembly38.fasta : chr # 750  "chrUn_KN707900v1_decoy" chrStart: 3357278208
/home/junseokp/workspaces/data/rTea-simul/ref/hg38/Homo_sapiens_assembly38.fasta : chr # 751  "chrUn_KN707901v1_decoy" chrStart: 3357540352
/home/junseokp/workspaces/data/rTea-simul/ref/hg38/Homo_sapiens_assembly38.fasta : chr # 752  "chrUn_KN707902v1_decoy" chrStart: 3357802496
/home/junseokp/workspaces/data/rTea-simul/ref/hg38/Homo_sapiens_assembly38.fasta : chr # 753  "chrUn_KN707903v1_decoy" chrStart: 3358064640
/home/junseokp/workspaces/data/rTea-simul/ref/hg38/Homo_sapiens_assembly38.fasta : chr # 754  "chrUn_KN707904v1_decoy" chrStart: 3358326784
/home/junseokp/workspaces/data/rTea-simul/ref/hg38/Homo_sapiens_assembly38.fasta : chr # 755  "chrUn_KN707905v1_decoy" chrStart: 3358588928
/home/junseokp/workspaces/data/rTea-simul/ref/hg38/Homo_sapiens_assembly38.fasta : chr # 756  "chrUn_KN707906v1_decoy" chrStart: 3358851072
/home/junseokp/workspaces/data/rTea-simul/ref/hg38/Homo_sapiens_assembly38.fasta : chr # 757  "chrUn_KN707907v1_decoy" chrStart: 3359113216
/home/junseokp/workspaces/data/rTea-simul/ref/hg38/Homo_sapiens_assembly38.fasta : chr # 758  "chrUn_KN707908v1_decoy" chrStart: 3359375360
/home/junseokp/workspaces/data/rTea-simul/ref/hg38/Homo_sapiens_assembly38.fasta : chr # 759  "chrUn_KN707909v1_decoy" chrStart: 3359637504
/home/junseokp/workspaces/data/rTea-simul/ref/hg38/Homo_sapiens_assembly38.fasta : chr # 760  "chrUn_KN707910v1_decoy" chrStart: 3359899648
/home/junseokp/workspaces/data/rTea-simul/ref/hg38/Homo_sapiens_assembly38.fasta : chr # 761  "chrUn_KN707911v1_decoy" chrStart: 3360161792
/home/junseokp/workspaces/data/rTea-simul/ref/hg38/Homo_sapiens_assembly38.fasta : chr # 762  "chrUn_KN707912v1_decoy" chrStart: 3360423936
/home/junseokp/workspaces/data/rTea-simul/ref/hg38/Homo_sapiens_assembly38.fasta : chr # 763  "chrUn_KN707913v1_decoy" chrStart: 3360686080
/home/junseokp/workspaces/data/rTea-simul/ref/hg38/Homo_sapiens_assembly38.fasta : chr # 764  "chrUn_KN707914v1_decoy" chrStart: 3360948224
/home/junseokp/workspaces/data/rTea-simul/ref/hg38/Homo_sapiens_assembly38.fasta : chr # 765  "chrUn_KN707915v1_decoy" chrStart: 3361210368
/home/junseokp/workspaces/data/rTea-simul/ref/hg38/Homo_sapiens_assembly38.fasta : chr # 766  "chrUn_KN707916v1_decoy" chrStart: 3361472512
/home/junseokp/workspaces/data/rTea-simul/ref/hg38/Homo_sapiens_assembly38.fasta : chr # 767  "chrUn_KN707917v1_decoy" chrStart: 3361734656
/home/junseokp/workspaces/data/rTea-simul/ref/hg38/Homo_sapiens_assembly38.fasta : chr # 768  "chrUn_KN707918v1_decoy" chrStart: 3361996800
/home/junseokp/workspaces/data/rTea-simul/ref/hg38/Homo_sapiens_assembly38.fasta : chr # 769  "chrUn_KN707919v1_decoy" chrStart: 3362258944
/home/junseokp/workspaces/data/rTea-simul/ref/hg38/Homo_sapiens_assembly38.fasta : chr # 770  "chrUn_KN707920v1_decoy" chrStart: 3362521088
/home/junseokp/workspaces/data/rTea-simul/ref/hg38/Homo_sapiens_assembly38.fasta : chr # 771  "chrUn_KN707921v1_decoy" chrStart: 3362783232
/home/junseokp/workspaces/data/rTea-simul/ref/hg38/Homo_sapiens_assembly38.fasta : chr # 772  "chrUn_KN707922v1_decoy" chrStart: 3363045376
/home/junseokp/workspaces/data/rTea-simul/ref/hg38/Homo_sapiens_assembly38.fasta : chr # 773  "chrUn_KN707923v1_decoy" chrStart: 3363307520
/home/junseokp/workspaces/data/rTea-simul/ref/hg38/Homo_sapiens_assembly38.fasta : chr # 774  "chrUn_KN707924v1_decoy" chrStart: 3363569664
/home/junseokp/workspaces/data/rTea-simul/ref/hg38/Homo_sapiens_assembly38.fasta : chr # 775  "chrUn_KN707925v1_decoy" chrStart: 3363831808
/home/junseokp/workspaces/data/rTea-simul/ref/hg38/Homo_sapiens_assembly38.fasta : chr # 776  "chrUn_KN707926v1_decoy" chrStart: 3364093952
/home/junseokp/workspaces/data/rTea-simul/ref/hg38/Homo_sapiens_assembly38.fasta : chr # 777  "chrUn_KN707927v1_decoy" chrStart: 3364356096
/home/junseokp/workspaces/data/rTea-simul/ref/hg38/Homo_sapiens_assembly38.fasta : chr # 778  "chrUn_KN707928v1_decoy" chrStart: 3364618240
/home/junseokp/workspaces/data/rTea-simul/ref/hg38/Homo_sapiens_assembly38.fasta : chr # 779  "chrUn_KN707929v1_decoy" chrStart: 3364880384
/home/junseokp/workspaces/data/rTea-simul/ref/hg38/Homo_sapiens_assembly38.fasta : chr # 780  "chrUn_KN707930v1_decoy" chrStart: 3365142528
/home/junseokp/workspaces/data/rTea-simul/ref/hg38/Homo_sapiens_assembly38.fasta : chr # 781  "chrUn_KN707931v1_decoy" chrStart: 3365404672
/home/junseokp/workspaces/data/rTea-simul/ref/hg38/Homo_sapiens_assembly38.fasta : chr # 782  "chrUn_KN707932v1_decoy" chrStart: 3365666816
/home/junseokp/workspaces/data/rTea-simul/ref/hg38/Homo_sapiens_assembly38.fasta : chr # 783  "chrUn_KN707933v1_decoy" chrStart: 3365928960
/home/junseokp/workspaces/data/rTea-simul/ref/hg38/Homo_sapiens_assembly38.fasta : chr # 784  "chrUn_KN707934v1_decoy" chrStart: 3366191104
/home/junseokp/workspaces/data/rTea-simul/ref/hg38/Homo_sapiens_assembly38.fasta : chr # 785  "chrUn_KN707935v1_decoy" chrStart: 3366453248
/home/junseokp/workspaces/data/rTea-simul/ref/hg38/Homo_sapiens_assembly38.fasta : chr # 786  "chrUn_KN707936v1_decoy" chrStart: 3366715392
/home/junseokp/workspaces/data/rTea-simul/ref/hg38/Homo_sapiens_assembly38.fasta : chr # 787  "chrUn_KN707937v1_decoy" chrStart: 3366977536
/home/junseokp/workspaces/data/rTea-simul/ref/hg38/Homo_sapiens_assembly38.fasta : chr # 788  "chrUn_KN707938v1_decoy" chrStart: 3367239680
/home/junseokp/workspaces/data/rTea-simul/ref/hg38/Homo_sapiens_assembly38.fasta : chr # 789  "chrUn_KN707939v1_decoy" chrStart: 3367501824
/home/junseokp/workspaces/data/rTea-simul/ref/hg38/Homo_sapiens_assembly38.fasta : chr # 790  "chrUn_KN707940v1_decoy" chrStart: 3367763968
/home/junseokp/workspaces/data/rTea-simul/ref/hg38/Homo_sapiens_assembly38.fasta : chr # 791  "chrUn_KN707941v1_decoy" chrStart: 3368026112
/home/junseokp/workspaces/data/rTea-simul/ref/hg38/Homo_sapiens_assembly38.fasta : chr # 792  "chrUn_KN707942v1_decoy" chrStart: 3368288256
/home/junseokp/workspaces/data/rTea-simul/ref/hg38/Homo_sapiens_assembly38.fasta : chr # 793  "chrUn_KN707943v1_decoy" chrStart: 3368550400
/home/junseokp/workspaces/data/rTea-simul/ref/hg38/Homo_sapiens_assembly38.fasta : chr # 794  "chrUn_KN707944v1_decoy" chrStart: 3368812544
/home/junseokp/workspaces/data/rTea-simul/ref/hg38/Homo_sapiens_assembly38.fasta : chr # 795  "chrUn_KN707945v1_decoy" chrStart: 3369074688
/home/junseokp/workspaces/data/rTea-simul/ref/hg38/Homo_sapiens_assembly38.fasta : chr # 796  "chrUn_KN707946v1_decoy" chrStart: 3369336832
/home/junseokp/workspaces/data/rTea-simul/ref/hg38/Homo_sapiens_assembly38.fasta : chr # 797  "chrUn_KN707947v1_decoy" chrStart: 3369598976
/home/junseokp/workspaces/data/rTea-simul/ref/hg38/Homo_sapiens_assembly38.fasta : chr # 798  "chrUn_KN707948v1_decoy" chrStart: 3369861120
/home/junseokp/workspaces/data/rTea-simul/ref/hg38/Homo_sapiens_assembly38.fasta : chr # 799  "chrUn_KN707949v1_decoy" chrStart: 3370123264
/home/junseokp/workspaces/data/rTea-simul/ref/hg38/Homo_sapiens_assembly38.fasta : chr # 800  "chrUn_KN707950v1_decoy" chrStart: 3370385408
/home/junseokp/workspaces/data/rTea-simul/ref/hg38/Homo_sapiens_assembly38.fasta : chr # 801  "chrUn_KN707951v1_decoy" chrStart: 3370647552
/home/junseokp/workspaces/data/rTea-simul/ref/hg38/Homo_sapiens_assembly38.fasta : chr # 802  "chrUn_KN707952v1_decoy" chrStart: 3370909696
/home/junseokp/workspaces/data/rTea-simul/ref/hg38/Homo_sapiens_assembly38.fasta : chr # 803  "chrUn_KN707953v1_decoy" chrStart: 3371171840
/home/junseokp/workspaces/data/rTea-simul/ref/hg38/Homo_sapiens_assembly38.fasta : chr # 804  "chrUn_KN707954v1_decoy" chrStart: 3371433984
/home/junseokp/workspaces/data/rTea-simul/ref/hg38/Homo_sapiens_assembly38.fasta : chr # 805  "chrUn_KN707955v1_decoy" chrStart: 3371696128
/home/junseokp/workspaces/data/rTea-simul/ref/hg38/Homo_sapiens_assembly38.fasta : chr # 806  "chrUn_KN707956v1_decoy" chrStart: 3371958272
/home/junseokp/workspaces/data/rTea-simul/ref/hg38/Homo_sapiens_assembly38.fasta : chr # 807  "chrUn_KN707957v1_decoy" chrStart: 3372220416
/home/junseokp/workspaces/data/rTea-simul/ref/hg38/Homo_sapiens_assembly38.fasta : chr # 808  "chrUn_KN707958v1_decoy" chrStart: 3372482560
/home/junseokp/workspaces/data/rTea-simul/ref/hg38/Homo_sapiens_assembly38.fasta : chr # 809  "chrUn_KN707959v1_decoy" chrStart: 3372744704
/home/junseokp/workspaces/data/rTea-simul/ref/hg38/Homo_sapiens_assembly38.fasta : chr # 810  "chrUn_KN707960v1_decoy" chrStart: 3373006848
/home/junseokp/workspaces/data/rTea-simul/ref/hg38/Homo_sapiens_assembly38.fasta : chr # 811  "chrUn_KN707961v1_decoy" chrStart: 3373268992
/home/junseokp/workspaces/data/rTea-simul/ref/hg38/Homo_sapiens_assembly38.fasta : chr # 812  "chrUn_KN707962v1_decoy" chrStart: 3373531136
/home/junseokp/workspaces/data/rTea-simul/ref/hg38/Homo_sapiens_assembly38.fasta : chr # 813  "chrUn_KN707963v1_decoy" chrStart: 3373793280
/home/junseokp/workspaces/data/rTea-simul/ref/hg38/Homo_sapiens_assembly38.fasta : chr # 814  "chrUn_KN707964v1_decoy" chrStart: 3374055424
/home/junseokp/workspaces/data/rTea-simul/ref/hg38/Homo_sapiens_assembly38.fasta : chr # 815  "chrUn_KN707965v1_decoy" chrStart: 3374317568
/home/junseokp/workspaces/data/rTea-simul/ref/hg38/Homo_sapiens_assembly38.fasta : chr # 816  "chrUn_KN707966v1_decoy" chrStart: 3374579712
/home/junseokp/workspaces/data/rTea-simul/ref/hg38/Homo_sapiens_assembly38.fasta : chr # 817  "chrUn_KN707967v1_decoy" chrStart: 3374841856
/home/junseokp/workspaces/data/rTea-simul/ref/hg38/Homo_sapiens_assembly38.fasta : chr # 818  "chrUn_KN707968v1_decoy" chrStart: 3375104000
/home/junseokp/workspaces/data/rTea-simul/ref/hg38/Homo_sapiens_assembly38.fasta : chr # 819  "chrUn_KN707969v1_decoy" chrStart: 3375366144
/home/junseokp/workspaces/data/rTea-simul/ref/hg38/Homo_sapiens_assembly38.fasta : chr # 820  "chrUn_KN707970v1_decoy" chrStart: 3375628288
/home/junseokp/workspaces/data/rTea-simul/ref/hg38/Homo_sapiens_assembly38.fasta : chr # 821  "chrUn_KN707971v1_decoy" chrStart: 3375890432
/home/junseokp/workspaces/data/rTea-simul/ref/hg38/Homo_sapiens_assembly38.fasta : chr # 822  "chrUn_KN707972v1_decoy" chrStart: 3376152576
/home/junseokp/workspaces/data/rTea-simul/ref/hg38/Homo_sapiens_assembly38.fasta : chr # 823  "chrUn_KN707973v1_decoy" chrStart: 3376414720
/home/junseokp/workspaces/data/rTea-simul/ref/hg38/Homo_sapiens_assembly38.fasta : chr # 824  "chrUn_KN707974v1_decoy" chrStart: 3376676864
/home/junseokp/workspaces/data/rTea-simul/ref/hg38/Homo_sapiens_assembly38.fasta : chr # 825  "chrUn_KN707975v1_decoy" chrStart: 3376939008
/home/junseokp/workspaces/data/rTea-simul/ref/hg38/Homo_sapiens_assembly38.fasta : chr # 826  "chrUn_KN707976v1_decoy" chrStart: 3377201152
/home/junseokp/workspaces/data/rTea-simul/ref/hg38/Homo_sapiens_assembly38.fasta : chr # 827  "chrUn_KN707977v1_decoy" chrStart: 3377463296
/home/junseokp/workspaces/data/rTea-simul/ref/hg38/Homo_sapiens_assembly38.fasta : chr # 828  "chrUn_KN707978v1_decoy" chrStart: 3377725440
/home/junseokp/workspaces/data/rTea-simul/ref/hg38/Homo_sapiens_assembly38.fasta : chr # 829  "chrUn_KN707979v1_decoy" chrStart: 3377987584
/home/junseokp/workspaces/data/rTea-simul/ref/hg38/Homo_sapiens_assembly38.fasta : chr # 830  "chrUn_KN707980v1_decoy" chrStart: 3378249728
/home/junseokp/workspaces/data/rTea-simul/ref/hg38/Homo_sapiens_assembly38.fasta : chr # 831  "chrUn_KN707981v1_decoy" chrStart: 3378511872
/home/junseokp/workspaces/data/rTea-simul/ref/hg38/Homo_sapiens_assembly38.fasta : chr # 832  "chrUn_KN707982v1_decoy" chrStart: 3378774016
/home/junseokp/workspaces/data/rTea-simul/ref/hg38/Homo_sapiens_assembly38.fasta : chr # 833  "chrUn_KN707983v1_decoy" chrStart: 3379036160
/home/junseokp/workspaces/data/rTea-simul/ref/hg38/Homo_sapiens_assembly38.fasta : chr # 834  "chrUn_KN707984v1_decoy" chrStart: 3379298304
/home/junseokp/workspaces/data/rTea-simul/ref/hg38/Homo_sapiens_assembly38.fasta : chr # 835  "chrUn_KN707985v1_decoy" chrStart: 3379560448
/home/junseokp/workspaces/data/rTea-simul/ref/hg38/Homo_sapiens_assembly38.fasta : chr # 836  "chrUn_KN707986v1_decoy" chrStart: 3379822592
/home/junseokp/workspaces/data/rTea-simul/ref/hg38/Homo_sapiens_assembly38.fasta : chr # 837  "chrUn_KN707987v1_decoy" chrStart: 3380084736
/home/junseokp/workspaces/data/rTea-simul/ref/hg38/Homo_sapiens_assembly38.fasta : chr # 838  "chrUn_KN707988v1_decoy" chrStart: 3380346880
/home/junseokp/workspaces/data/rTea-simul/ref/hg38/Homo_sapiens_assembly38.fasta : chr # 839  "chrUn_KN707989v1_decoy" chrStart: 3380609024
/home/junseokp/workspaces/data/rTea-simul/ref/hg38/Homo_sapiens_assembly38.fasta : chr # 840  "chrUn_KN707990v1_decoy" chrStart: 3380871168
/home/junseokp/workspaces/data/rTea-simul/ref/hg38/Homo_sapiens_assembly38.fasta : chr # 841  "chrUn_KN707991v1_decoy" chrStart: 3381133312
/home/junseokp/workspaces/data/rTea-simul/ref/hg38/Homo_sapiens_assembly38.fasta : chr # 842  "chrUn_KN707992v1_decoy" chrStart: 3381395456
/home/junseokp/workspaces/data/rTea-simul/ref/hg38/Homo_sapiens_assembly38.fasta : chr # 843  "chrUn_JTFH01000001v1_decoy" chrStart: 3381657600
/home/junseokp/workspaces/data/rTea-simul/ref/hg38/Homo_sapiens_assembly38.fasta : chr # 844  "chrUn_JTFH01000002v1_decoy" chrStart: 3381919744
/home/junseokp/workspaces/data/rTea-simul/ref/hg38/Homo_sapiens_assembly38.fasta : chr # 845  "chrUn_JTFH01000003v1_decoy" chrStart: 3382181888
/home/junseokp/workspaces/data/rTea-simul/ref/hg38/Homo_sapiens_assembly38.fasta : chr # 846  "chrUn_JTFH01000004v1_decoy" chrStart: 3382444032
/home/junseokp/workspaces/data/rTea-simul/ref/hg38/Homo_sapiens_assembly38.fasta : chr # 847  "chrUn_JTFH01000005v1_decoy" chrStart: 3382706176
/home/junseokp/workspaces/data/rTea-simul/ref/hg38/Homo_sapiens_assembly38.fasta : chr # 848  "chrUn_JTFH01000006v1_decoy" chrStart: 3382968320
/home/junseokp/workspaces/data/rTea-simul/ref/hg38/Homo_sapiens_assembly38.fasta : chr # 849  "chrUn_JTFH01000007v1_decoy" chrStart: 3383230464
/home/junseokp/workspaces/data/rTea-simul/ref/hg38/Homo_sapiens_assembly38.fasta : chr # 850  "chrUn_JTFH01000008v1_decoy" chrStart: 3383492608
/home/junseokp/workspaces/data/rTea-simul/ref/hg38/Homo_sapiens_assembly38.fasta : chr # 851  "chrUn_JTFH01000009v1_decoy" chrStart: 3383754752
/home/junseokp/workspaces/data/rTea-simul/ref/hg38/Homo_sapiens_assembly38.fasta : chr # 852  "chrUn_JTFH01000010v1_decoy" chrStart: 3384016896
/home/junseokp/workspaces/data/rTea-simul/ref/hg38/Homo_sapiens_assembly38.fasta : chr # 853  "chrUn_JTFH01000011v1_decoy" chrStart: 3384279040
/home/junseokp/workspaces/data/rTea-simul/ref/hg38/Homo_sapiens_assembly38.fasta : chr # 854  "chrUn_JTFH01000012v1_decoy" chrStart: 3384541184
/home/junseokp/workspaces/data/rTea-simul/ref/hg38/Homo_sapiens_assembly38.fasta : chr # 855  "chrUn_JTFH01000013v1_decoy" chrStart: 3384803328
/home/junseokp/workspaces/data/rTea-simul/ref/hg38/Homo_sapiens_assembly38.fasta : chr # 856  "chrUn_JTFH01000014v1_decoy" chrStart: 3385065472
/home/junseokp/workspaces/data/rTea-simul/ref/hg38/Homo_sapiens_assembly38.fasta : chr # 857  "chrUn_JTFH01000015v1_decoy" chrStart: 3385327616
/home/junseokp/workspaces/data/rTea-simul/ref/hg38/Homo_sapiens_assembly38.fasta : chr # 858  "chrUn_JTFH01000016v1_decoy" chrStart: 3385589760
/home/junseokp/workspaces/data/rTea-simul/ref/hg38/Homo_sapiens_assembly38.fasta : chr # 859  "chrUn_JTFH01000017v1_decoy" chrStart: 3385851904
/home/junseokp/workspaces/data/rTea-simul/ref/hg38/Homo_sapiens_assembly38.fasta : chr # 860  "chrUn_JTFH01000018v1_decoy" chrStart: 3386114048
/home/junseokp/workspaces/data/rTea-simul/ref/hg38/Homo_sapiens_assembly38.fasta : chr # 861  "chrUn_JTFH01000019v1_decoy" chrStart: 3386376192
/home/junseokp/workspaces/data/rTea-simul/ref/hg38/Homo_sapiens_assembly38.fasta : chr # 862  "chrUn_JTFH01000020v1_decoy" chrStart: 3386638336
/home/junseokp/workspaces/data/rTea-simul/ref/hg38/Homo_sapiens_assembly38.fasta : chr # 863  "chrUn_JTFH01000021v1_decoy" chrStart: 3386900480
/home/junseokp/workspaces/data/rTea-simul/ref/hg38/Homo_sapiens_assembly38.fasta : chr # 864  "chrUn_JTFH01000022v1_decoy" chrStart: 3387162624
/home/junseokp/workspaces/data/rTea-simul/ref/hg38/Homo_sapiens_assembly38.fasta : chr # 865  "chrUn_JTFH01000023v1_decoy" chrStart: 3387424768
/home/junseokp/workspaces/data/rTea-simul/ref/hg38/Homo_sapiens_assembly38.fasta : chr # 866  "chrUn_JTFH01000024v1_decoy" chrStart: 3387686912
/home/junseokp/workspaces/data/rTea-simul/ref/hg38/Homo_sapiens_assembly38.fasta : chr # 867  "chrUn_JTFH01000025v1_decoy" chrStart: 3387949056
/home/junseokp/workspaces/data/rTea-simul/ref/hg38/Homo_sapiens_assembly38.fasta : chr # 868  "chrUn_JTFH01000026v1_decoy" chrStart: 3388211200
/home/junseokp/workspaces/data/rTea-simul/ref/hg38/Homo_sapiens_assembly38.fasta : chr # 869  "chrUn_JTFH01000027v1_decoy" chrStart: 3388473344
/home/junseokp/workspaces/data/rTea-simul/ref/hg38/Homo_sapiens_assembly38.fasta : chr # 870  "chrUn_JTFH01000028v1_decoy" chrStart: 3388735488
/home/junseokp/workspaces/data/rTea-simul/ref/hg38/Homo_sapiens_assembly38.fasta : chr # 871  "chrUn_JTFH01000029v1_decoy" chrStart: 3388997632
/home/junseokp/workspaces/data/rTea-simul/ref/hg38/Homo_sapiens_assembly38.fasta : chr # 872  "chrUn_JTFH01000030v1_decoy" chrStart: 3389259776
/home/junseokp/workspaces/data/rTea-simul/ref/hg38/Homo_sapiens_assembly38.fasta : chr # 873  "chrUn_JTFH01000031v1_decoy" chrStart: 3389521920
/home/junseokp/workspaces/data/rTea-simul/ref/hg38/Homo_sapiens_assembly38.fasta : chr # 874  "chrUn_JTFH01000032v1_decoy" chrStart: 3389784064
/home/junseokp/workspaces/data/rTea-simul/ref/hg38/Homo_sapiens_assembly38.fasta : chr # 875  "chrUn_JTFH01000033v1_decoy" chrStart: 3390046208
/home/junseokp/workspaces/data/rTea-simul/ref/hg38/Homo_sapiens_assembly38.fasta : chr # 876  "chrUn_JTFH01000034v1_decoy" chrStart: 3390308352
/home/junseokp/workspaces/data/rTea-simul/ref/hg38/Homo_sapiens_assembly38.fasta : chr # 877  "chrUn_JTFH01000035v1_decoy" chrStart: 3390570496
/home/junseokp/workspaces/data/rTea-simul/ref/hg38/Homo_sapiens_assembly38.fasta : chr # 878  "chrUn_JTFH01000036v1_decoy" chrStart: 3390832640
/home/junseokp/workspaces/data/rTea-simul/ref/hg38/Homo_sapiens_assembly38.fasta : chr # 879  "chrUn_JTFH01000037v1_decoy" chrStart: 3391094784
/home/junseokp/workspaces/data/rTea-simul/ref/hg38/Homo_sapiens_assembly38.fasta : chr # 880  "chrUn_JTFH01000038v1_decoy" chrStart: 3391356928
/home/junseokp/workspaces/data/rTea-simul/ref/hg38/Homo_sapiens_assembly38.fasta : chr # 881  "chrUn_JTFH01000039v1_decoy" chrStart: 3391619072
/home/junseokp/workspaces/data/rTea-simul/ref/hg38/Homo_sapiens_assembly38.fasta : chr # 882  "chrUn_JTFH01000040v1_decoy" chrStart: 3391881216
/home/junseokp/workspaces/data/rTea-simul/ref/hg38/Homo_sapiens_assembly38.fasta : chr # 883  "chrUn_JTFH01000041v1_decoy" chrStart: 3392143360
/home/junseokp/workspaces/data/rTea-simul/ref/hg38/Homo_sapiens_assembly38.fasta : chr # 884  "chrUn_JTFH01000042v1_decoy" chrStart: 3392405504
/home/junseokp/workspaces/data/rTea-simul/ref/hg38/Homo_sapiens_assembly38.fasta : chr # 885  "chrUn_JTFH01000043v1_decoy" chrStart: 3392667648
/home/junseokp/workspaces/data/rTea-simul/ref/hg38/Homo_sapiens_assembly38.fasta : chr # 886  "chrUn_JTFH01000044v1_decoy" chrStart: 3392929792
/home/junseokp/workspaces/data/rTea-simul/ref/hg38/Homo_sapiens_assembly38.fasta : chr # 887  "chrUn_JTFH01000045v1_decoy" chrStart: 3393191936
/home/junseokp/workspaces/data/rTea-simul/ref/hg38/Homo_sapiens_assembly38.fasta : chr # 888  "chrUn_JTFH01000046v1_decoy" chrStart: 3393454080
/home/junseokp/workspaces/data/rTea-simul/ref/hg38/Homo_sapiens_assembly38.fasta : chr # 889  "chrUn_JTFH01000047v1_decoy" chrStart: 3393716224
/home/junseokp/workspaces/data/rTea-simul/ref/hg38/Homo_sapiens_assembly38.fasta : chr # 890  "chrUn_JTFH01000048v1_decoy" chrStart: 3393978368
/home/junseokp/workspaces/data/rTea-simul/ref/hg38/Homo_sapiens_assembly38.fasta : chr # 891  "chrUn_JTFH01000049v1_decoy" chrStart: 3394240512
/home/junseokp/workspaces/data/rTea-simul/ref/hg38/Homo_sapiens_assembly38.fasta : chr # 892  "chrUn_JTFH01000050v1_decoy" chrStart: 3394502656
/home/junseokp/workspaces/data/rTea-simul/ref/hg38/Homo_sapiens_assembly38.fasta : chr # 893  "chrUn_JTFH01000051v1_decoy" chrStart: 3394764800
/home/junseokp/workspaces/data/rTea-simul/ref/hg38/Homo_sapiens_assembly38.fasta : chr # 894  "chrUn_JTFH01000052v1_decoy" chrStart: 3395026944
/home/junseokp/workspaces/data/rTea-simul/ref/hg38/Homo_sapiens_assembly38.fasta : chr # 895  "chrUn_JTFH01000053v1_decoy" chrStart: 3395289088
/home/junseokp/workspaces/data/rTea-simul/ref/hg38/Homo_sapiens_assembly38.fasta : chr # 896  "chrUn_JTFH01000054v1_decoy" chrStart: 3395551232
/home/junseokp/workspaces/data/rTea-simul/ref/hg38/Homo_sapiens_assembly38.fasta : chr # 897  "chrUn_JTFH01000055v1_decoy" chrStart: 3395813376
/home/junseokp/workspaces/data/rTea-simul/ref/hg38/Homo_sapiens_assembly38.fasta : chr # 898  "chrUn_JTFH01000056v1_decoy" chrStart: 3396075520
/home/junseokp/workspaces/data/rTea-simul/ref/hg38/Homo_sapiens_assembly38.fasta : chr # 899  "chrUn_JTFH01000057v1_decoy" chrStart: 3396337664
/home/junseokp/workspaces/data/rTea-simul/ref/hg38/Homo_sapiens_assembly38.fasta : chr # 900  "chrUn_JTFH01000058v1_decoy" chrStart: 3396599808
/home/junseokp/workspaces/data/rTea-simul/ref/hg38/Homo_sapiens_assembly38.fasta : chr # 901  "chrUn_JTFH01000059v1_decoy" chrStart: 3396861952
/home/junseokp/workspaces/data/rTea-simul/ref/hg38/Homo_sapiens_assembly38.fasta : chr # 902  "chrUn_JTFH01000060v1_decoy" chrStart: 3397124096
/home/junseokp/workspaces/data/rTea-simul/ref/hg38/Homo_sapiens_assembly38.fasta : chr # 903  "chrUn_JTFH01000061v1_decoy" chrStart: 3397386240
/home/junseokp/workspaces/data/rTea-simul/ref/hg38/Homo_sapiens_assembly38.fasta : chr # 904  "chrUn_JTFH01000062v1_decoy" chrStart: 3397648384
/home/junseokp/workspaces/data/rTea-simul/ref/hg38/Homo_sapiens_assembly38.fasta : chr # 905  "chrUn_JTFH01000063v1_decoy" chrStart: 3397910528
/home/junseokp/workspaces/data/rTea-simul/ref/hg38/Homo_sapiens_assembly38.fasta : chr # 906  "chrUn_JTFH01000064v1_decoy" chrStart: 3398172672
/home/junseokp/workspaces/data/rTea-simul/ref/hg38/Homo_sapiens_assembly38.fasta : chr # 907  "chrUn_JTFH01000065v1_decoy" chrStart: 3398434816
/home/junseokp/workspaces/data/rTea-simul/ref/hg38/Homo_sapiens_assembly38.fasta : chr # 908  "chrUn_JTFH01000066v1_decoy" chrStart: 3398696960
/home/junseokp/workspaces/data/rTea-simul/ref/hg38/Homo_sapiens_assembly38.fasta : chr # 909  "chrUn_JTFH01000067v1_decoy" chrStart: 3398959104
/home/junseokp/workspaces/data/rTea-simul/ref/hg38/Homo_sapiens_assembly38.fasta : chr # 910  "chrUn_JTFH01000068v1_decoy" chrStart: 3399221248
/home/junseokp/workspaces/data/rTea-simul/ref/hg38/Homo_sapiens_assembly38.fasta : chr # 911  "chrUn_JTFH01000069v1_decoy" chrStart: 3399483392
/home/junseokp/workspaces/data/rTea-simul/ref/hg38/Homo_sapiens_assembly38.fasta : chr # 912  "chrUn_JTFH01000070v1_decoy" chrStart: 3399745536
/home/junseokp/workspaces/data/rTea-simul/ref/hg38/Homo_sapiens_assembly38.fasta : chr # 913  "chrUn_JTFH01000071v1_decoy" chrStart: 3400007680
/home/junseokp/workspaces/data/rTea-simul/ref/hg38/Homo_sapiens_assembly38.fasta : chr # 914  "chrUn_JTFH01000072v1_decoy" chrStart: 3400269824
/home/junseokp/workspaces/data/rTea-simul/ref/hg38/Homo_sapiens_assembly38.fasta : chr # 915  "chrUn_JTFH01000073v1_decoy" chrStart: 3400531968
/home/junseokp/workspaces/data/rTea-simul/ref/hg38/Homo_sapiens_assembly38.fasta : chr # 916  "chrUn_JTFH01000074v1_decoy" chrStart: 3400794112
/home/junseokp/workspaces/data/rTea-simul/ref/hg38/Homo_sapiens_assembly38.fasta : chr # 917  "chrUn_JTFH01000075v1_decoy" chrStart: 3401056256
/home/junseokp/workspaces/data/rTea-simul/ref/hg38/Homo_sapiens_assembly38.fasta : chr # 918  "chrUn_JTFH01000076v1_decoy" chrStart: 3401318400
/home/junseokp/workspaces/data/rTea-simul/ref/hg38/Homo_sapiens_assembly38.fasta : chr # 919  "chrUn_JTFH01000077v1_decoy" chrStart: 3401580544
/home/junseokp/workspaces/data/rTea-simul/ref/hg38/Homo_sapiens_assembly38.fasta : chr # 920  "chrUn_JTFH01000078v1_decoy" chrStart: 3401842688
/home/junseokp/workspaces/data/rTea-simul/ref/hg38/Homo_sapiens_assembly38.fasta : chr # 921  "chrUn_JTFH01000079v1_decoy" chrStart: 3402104832
/home/junseokp/workspaces/data/rTea-simul/ref/hg38/Homo_sapiens_assembly38.fasta : chr # 922  "chrUn_JTFH01000080v1_decoy" chrStart: 3402366976
/home/junseokp/workspaces/data/rTea-simul/ref/hg38/Homo_sapiens_assembly38.fasta : chr # 923  "chrUn_JTFH01000081v1_decoy" chrStart: 3402629120
/home/junseokp/workspaces/data/rTea-simul/ref/hg38/Homo_sapiens_assembly38.fasta : chr # 924  "chrUn_JTFH01000082v1_decoy" chrStart: 3402891264
/home/junseokp/workspaces/data/rTea-simul/ref/hg38/Homo_sapiens_assembly38.fasta : chr # 925  "chrUn_JTFH01000083v1_decoy" chrStart: 3403153408
/home/junseokp/workspaces/data/rTea-simul/ref/hg38/Homo_sapiens_assembly38.fasta : chr # 926  "chrUn_JTFH01000084v1_decoy" chrStart: 3403415552
/home/junseokp/workspaces/data/rTea-simul/ref/hg38/Homo_sapiens_assembly38.fasta : chr # 927  "chrUn_JTFH01000085v1_decoy" chrStart: 3403677696
/home/junseokp/workspaces/data/rTea-simul/ref/hg38/Homo_sapiens_assembly38.fasta : chr # 928  "chrUn_JTFH01000086v1_decoy" chrStart: 3403939840
/home/junseokp/workspaces/data/rTea-simul/ref/hg38/Homo_sapiens_assembly38.fasta : chr # 929  "chrUn_JTFH01000087v1_decoy" chrStart: 3404201984
/home/junseokp/workspaces/data/rTea-simul/ref/hg38/Homo_sapiens_assembly38.fasta : chr # 930  "chrUn_JTFH01000088v1_decoy" chrStart: 3404464128
/home/junseokp/workspaces/data/rTea-simul/ref/hg38/Homo_sapiens_assembly38.fasta : chr # 931  "chrUn_JTFH01000089v1_decoy" chrStart: 3404726272
/home/junseokp/workspaces/data/rTea-simul/ref/hg38/Homo_sapiens_assembly38.fasta : chr # 932  "chrUn_JTFH01000090v1_decoy" chrStart: 3404988416
/home/junseokp/workspaces/data/rTea-simul/ref/hg38/Homo_sapiens_assembly38.fasta : chr # 933  "chrUn_JTFH01000091v1_decoy" chrStart: 3405250560
/home/junseokp/workspaces/data/rTea-simul/ref/hg38/Homo_sapiens_assembly38.fasta : chr # 934  "chrUn_JTFH01000092v1_decoy" chrStart: 3405512704
/home/junseokp/workspaces/data/rTea-simul/ref/hg38/Homo_sapiens_assembly38.fasta : chr # 935  "chrUn_JTFH01000093v1_decoy" chrStart: 3405774848
/home/junseokp/workspaces/data/rTea-simul/ref/hg38/Homo_sapiens_assembly38.fasta : chr # 936  "chrUn_JTFH01000094v1_decoy" chrStart: 3406036992
/home/junseokp/workspaces/data/rTea-simul/ref/hg38/Homo_sapiens_assembly38.fasta : chr # 937  "chrUn_JTFH01000095v1_decoy" chrStart: 3406299136
/home/junseokp/workspaces/data/rTea-simul/ref/hg38/Homo_sapiens_assembly38.fasta : chr # 938  "chrUn_JTFH01000096v1_decoy" chrStart: 3406561280
/home/junseokp/workspaces/data/rTea-simul/ref/hg38/Homo_sapiens_assembly38.fasta : chr # 939  "chrUn_JTFH01000097v1_decoy" chrStart: 3406823424
/home/junseokp/workspaces/data/rTea-simul/ref/hg38/Homo_sapiens_assembly38.fasta : chr # 940  "chrUn_JTFH01000098v1_decoy" chrStart: 3407085568
/home/junseokp/workspaces/data/rTea-simul/ref/hg38/Homo_sapiens_assembly38.fasta : chr # 941  "chrUn_JTFH01000099v1_decoy" chrStart: 3407347712
/home/junseokp/workspaces/data/rTea-simul/ref/hg38/Homo_sapiens_assembly38.fasta : chr # 942  "chrUn_JTFH01000100v1_decoy" chrStart: 3407609856
/home/junseokp/workspaces/data/rTea-simul/ref/hg38/Homo_sapiens_assembly38.fasta : chr # 943  "chrUn_JTFH01000101v1_decoy" chrStart: 3407872000
/home/junseokp/workspaces/data/rTea-simul/ref/hg38/Homo_sapiens_assembly38.fasta : chr # 944  "chrUn_JTFH01000102v1_decoy" chrStart: 3408134144
/home/junseokp/workspaces/data/rTea-simul/ref/hg38/Homo_sapiens_assembly38.fasta : chr # 945  "chrUn_JTFH01000103v1_decoy" chrStart: 3408396288
/home/junseokp/workspaces/data/rTea-simul/ref/hg38/Homo_sapiens_assembly38.fasta : chr # 946  "chrUn_JTFH01000104v1_decoy" chrStart: 3408658432
/home/junseokp/workspaces/data/rTea-simul/ref/hg38/Homo_sapiens_assembly38.fasta : chr # 947  "chrUn_JTFH01000105v1_decoy" chrStart: 3408920576
/home/junseokp/workspaces/data/rTea-simul/ref/hg38/Homo_sapiens_assembly38.fasta : chr # 948  "chrUn_JTFH01000106v1_decoy" chrStart: 3409182720
/home/junseokp/workspaces/data/rTea-simul/ref/hg38/Homo_sapiens_assembly38.fasta : chr # 949  "chrUn_JTFH01000107v1_decoy" chrStart: 3409444864
/home/junseokp/workspaces/data/rTea-simul/ref/hg38/Homo_sapiens_assembly38.fasta : chr # 950  "chrUn_JTFH01000108v1_decoy" chrStart: 3409707008
/home/junseokp/workspaces/data/rTea-simul/ref/hg38/Homo_sapiens_assembly38.fasta : chr # 951  "chrUn_JTFH01000109v1_decoy" chrStart: 3409969152
/home/junseokp/workspaces/data/rTea-simul/ref/hg38/Homo_sapiens_assembly38.fasta : chr # 952  "chrUn_JTFH01000110v1_decoy" chrStart: 3410231296
/home/junseokp/workspaces/data/rTea-simul/ref/hg38/Homo_sapiens_assembly38.fasta : chr # 953  "chrUn_JTFH01000111v1_decoy" chrStart: 3410493440
/home/junseokp/workspaces/data/rTea-simul/ref/hg38/Homo_sapiens_assembly38.fasta : chr # 954  "chrUn_JTFH01000112v1_decoy" chrStart: 3410755584
/home/junseokp/workspaces/data/rTea-simul/ref/hg38/Homo_sapiens_assembly38.fasta : chr # 955  "chrUn_JTFH01000113v1_decoy" chrStart: 3411017728
/home/junseokp/workspaces/data/rTea-simul/ref/hg38/Homo_sapiens_assembly38.fasta : chr # 956  "chrUn_JTFH01000114v1_decoy" chrStart: 3411279872
/home/junseokp/workspaces/data/rTea-simul/ref/hg38/Homo_sapiens_assembly38.fasta : chr # 957  "chrUn_JTFH01000115v1_decoy" chrStart: 3411542016
/home/junseokp/workspaces/data/rTea-simul/ref/hg38/Homo_sapiens_assembly38.fasta : chr # 958  "chrUn_JTFH01000116v1_decoy" chrStart: 3411804160
/home/junseokp/workspaces/data/rTea-simul/ref/hg38/Homo_sapiens_assembly38.fasta : chr # 959  "chrUn_JTFH01000117v1_decoy" chrStart: 3412066304
/home/junseokp/workspaces/data/rTea-simul/ref/hg38/Homo_sapiens_assembly38.fasta : chr # 960  "chrUn_JTFH01000118v1_decoy" chrStart: 3412328448
/home/junseokp/workspaces/data/rTea-simul/ref/hg38/Homo_sapiens_assembly38.fasta : chr # 961  "chrUn_JTFH01000119v1_decoy" chrStart: 3412590592
/home/junseokp/workspaces/data/rTea-simul/ref/hg38/Homo_sapiens_assembly38.fasta : chr # 962  "chrUn_JTFH01000120v1_decoy" chrStart: 3412852736
/home/junseokp/workspaces/data/rTea-simul/ref/hg38/Homo_sapiens_assembly38.fasta : chr # 963  "chrUn_JTFH01000121v1_decoy" chrStart: 3413114880
/home/junseokp/workspaces/data/rTea-simul/ref/hg38/Homo_sapiens_assembly38.fasta : chr # 964  "chrUn_JTFH01000122v1_decoy" chrStart: 3413377024
/home/junseokp/workspaces/data/rTea-simul/ref/hg38/Homo_sapiens_assembly38.fasta : chr # 965  "chrUn_JTFH01000123v1_decoy" chrStart: 3413639168
/home/junseokp/workspaces/data/rTea-simul/ref/hg38/Homo_sapiens_assembly38.fasta : chr # 966  "chrUn_JTFH01000124v1_decoy" chrStart: 3413901312
/home/junseokp/workspaces/data/rTea-simul/ref/hg38/Homo_sapiens_assembly38.fasta : chr # 967  "chrUn_JTFH01000125v1_decoy" chrStart: 3414163456
/home/junseokp/workspaces/data/rTea-simul/ref/hg38/Homo_sapiens_assembly38.fasta : chr # 968  "chrUn_JTFH01000126v1_decoy" chrStart: 3414425600
/home/junseokp/workspaces/data/rTea-simul/ref/hg38/Homo_sapiens_assembly38.fasta : chr # 969  "chrUn_JTFH01000127v1_decoy" chrStart: 3414687744
/home/junseokp/workspaces/data/rTea-simul/ref/hg38/Homo_sapiens_assembly38.fasta : chr # 970  "chrUn_JTFH01000128v1_decoy" chrStart: 3414949888
/home/junseokp/workspaces/data/rTea-simul/ref/hg38/Homo_sapiens_assembly38.fasta : chr # 971  "chrUn_JTFH01000129v1_decoy" chrStart: 3415212032
/home/junseokp/workspaces/data/rTea-simul/ref/hg38/Homo_sapiens_assembly38.fasta : chr # 972  "chrUn_JTFH01000130v1_decoy" chrStart: 3415474176
/home/junseokp/workspaces/data/rTea-simul/ref/hg38/Homo_sapiens_assembly38.fasta : chr # 973  "chrUn_JTFH01000131v1_decoy" chrStart: 3415736320
/home/junseokp/workspaces/data/rTea-simul/ref/hg38/Homo_sapiens_assembly38.fasta : chr # 974  "chrUn_JTFH01000132v1_decoy" chrStart: 3415998464
/home/junseokp/workspaces/data/rTea-simul/ref/hg38/Homo_sapiens_assembly38.fasta : chr # 975  "chrUn_JTFH01000133v1_decoy" chrStart: 3416260608
/home/junseokp/workspaces/data/rTea-simul/ref/hg38/Homo_sapiens_assembly38.fasta : chr # 976  "chrUn_JTFH01000134v1_decoy" chrStart: 3416522752
/home/junseokp/workspaces/data/rTea-simul/ref/hg38/Homo_sapiens_assembly38.fasta : chr # 977  "chrUn_JTFH01000135v1_decoy" chrStart: 3416784896
/home/junseokp/workspaces/data/rTea-simul/ref/hg38/Homo_sapiens_assembly38.fasta : chr # 978  "chrUn_JTFH01000136v1_decoy" chrStart: 3417047040
/home/junseokp/workspaces/data/rTea-simul/ref/hg38/Homo_sapiens_assembly38.fasta : chr # 979  "chrUn_JTFH01000137v1_decoy" chrStart: 3417309184
/home/junseokp/workspaces/data/rTea-simul/ref/hg38/Homo_sapiens_assembly38.fasta : chr # 980  "chrUn_JTFH01000138v1_decoy" chrStart: 3417571328
/home/junseokp/workspaces/data/rTea-simul/ref/hg38/Homo_sapiens_assembly38.fasta : chr # 981  "chrUn_JTFH01000139v1_decoy" chrStart: 3417833472
/home/junseokp/workspaces/data/rTea-simul/ref/hg38/Homo_sapiens_assembly38.fasta : chr # 982  "chrUn_JTFH01000140v1_decoy" chrStart: 3418095616
/home/junseokp/workspaces/data/rTea-simul/ref/hg38/Homo_sapiens_assembly38.fasta : chr # 983  "chrUn_JTFH01000141v1_decoy" chrStart: 3418357760
/home/junseokp/workspaces/data/rTea-simul/ref/hg38/Homo_sapiens_assembly38.fasta : chr # 984  "chrUn_JTFH01000142v1_decoy" chrStart: 3418619904
/home/junseokp/workspaces/data/rTea-simul/ref/hg38/Homo_sapiens_assembly38.fasta : chr # 985  "chrUn_JTFH01000143v1_decoy" chrStart: 3418882048
/home/junseokp/workspaces/data/rTea-simul/ref/hg38/Homo_sapiens_assembly38.fasta : chr # 986  "chrUn_JTFH01000144v1_decoy" chrStart: 3419144192
/home/junseokp/workspaces/data/rTea-simul/ref/hg38/Homo_sapiens_assembly38.fasta : chr # 987  "chrUn_JTFH01000145v1_decoy" chrStart: 3419406336
/home/junseokp/workspaces/data/rTea-simul/ref/hg38/Homo_sapiens_assembly38.fasta : chr # 988  "chrUn_JTFH01000146v1_decoy" chrStart: 3419668480
/home/junseokp/workspaces/data/rTea-simul/ref/hg38/Homo_sapiens_assembly38.fasta : chr # 989  "chrUn_JTFH01000147v1_decoy" chrStart: 3419930624
/home/junseokp/workspaces/data/rTea-simul/ref/hg38/Homo_sapiens_assembly38.fasta : chr # 990  "chrUn_JTFH01000148v1_decoy" chrStart: 3420192768
/home/junseokp/workspaces/data/rTea-simul/ref/hg38/Homo_sapiens_assembly38.fasta : chr # 991  "chrUn_JTFH01000149v1_decoy" chrStart: 3420454912
/home/junseokp/workspaces/data/rTea-simul/ref/hg38/Homo_sapiens_assembly38.fasta : chr # 992  "chrUn_JTFH01000150v1_decoy" chrStart: 3420717056
/home/junseokp/workspaces/data/rTea-simul/ref/hg38/Homo_sapiens_assembly38.fasta : chr # 993  "chrUn_JTFH01000151v1_decoy" chrStart: 3420979200
/home/junseokp/workspaces/data/rTea-simul/ref/hg38/Homo_sapiens_assembly38.fasta : chr # 994  "chrUn_JTFH01000152v1_decoy" chrStart: 3421241344
/home/junseokp/workspaces/data/rTea-simul/ref/hg38/Homo_sapiens_assembly38.fasta : chr # 995  "chrUn_JTFH01000153v1_decoy" chrStart: 3421503488
/home/junseokp/workspaces/data/rTea-simul/ref/hg38/Homo_sapiens_assembly38.fasta : chr # 996  "chrUn_JTFH01000154v1_decoy" chrStart: 3421765632
/home/junseokp/workspaces/data/rTea-simul/ref/hg38/Homo_sapiens_assembly38.fasta : chr # 997  "chrUn_JTFH01000155v1_decoy" chrStart: 3422027776
/home/junseokp/workspaces/data/rTea-simul/ref/hg38/Homo_sapiens_assembly38.fasta : chr # 998  "chrUn_JTFH01000156v1_decoy" chrStart: 3422289920
/home/junseokp/workspaces/data/rTea-simul/ref/hg38/Homo_sapiens_assembly38.fasta : chr # 999  "chrUn_JTFH01000157v1_decoy" chrStart: 3422552064
/home/junseokp/workspaces/data/rTea-simul/ref/hg38/Homo_sapiens_assembly38.fasta : chr # 1000  "chrUn_JTFH01000158v1_decoy" chrStart: 3422814208
/home/junseokp/workspaces/data/rTea-simul/ref/hg38/Homo_sapiens_assembly38.fasta : chr # 1001  "chrUn_JTFH01000159v1_decoy" chrStart: 3423076352
/home/junseokp/workspaces/data/rTea-simul/ref/hg38/Homo_sapiens_assembly38.fasta : chr # 1002  "chrUn_JTFH01000160v1_decoy" chrStart: 3423338496
/home/junseokp/workspaces/data/rTea-simul/ref/hg38/Homo_sapiens_assembly38.fasta : chr # 1003  "chrUn_JTFH01000161v1_decoy" chrStart: 3423600640
/home/junseokp/workspaces/data/rTea-simul/ref/hg38/Homo_sapiens_assembly38.fasta : chr # 1004  "chrUn_JTFH01000162v1_decoy" chrStart: 3423862784
/home/junseokp/workspaces/data/rTea-simul/ref/hg38/Homo_sapiens_assembly38.fasta : chr # 1005  "chrUn_JTFH01000163v1_decoy" chrStart: 3424124928
/home/junseokp/workspaces/data/rTea-simul/ref/hg38/Homo_sapiens_assembly38.fasta : chr # 1006  "chrUn_JTFH01000164v1_decoy" chrStart: 3424387072
/home/junseokp/workspaces/data/rTea-simul/ref/hg38/Homo_sapiens_assembly38.fasta : chr # 1007  "chrUn_JTFH01000165v1_decoy" chrStart: 3424649216
/home/junseokp/workspaces/data/rTea-simul/ref/hg38/Homo_sapiens_assembly38.fasta : chr # 1008  "chrUn_JTFH01000166v1_decoy" chrStart: 3424911360
/home/junseokp/workspaces/data/rTea-simul/ref/hg38/Homo_sapiens_assembly38.fasta : chr # 1009  "chrUn_JTFH01000167v1_decoy" chrStart: 3425173504
/home/junseokp/workspaces/data/rTea-simul/ref/hg38/Homo_sapiens_assembly38.fasta : chr # 1010  "chrUn_JTFH01000168v1_decoy" chrStart: 3425435648
/home/junseokp/workspaces/data/rTea-simul/ref/hg38/Homo_sapiens_assembly38.fasta : chr # 1011  "chrUn_JTFH01000169v1_decoy" chrStart: 3425697792
/home/junseokp/workspaces/data/rTea-simul/ref/hg38/Homo_sapiens_assembly38.fasta : chr # 1012  "chrUn_JTFH01000170v1_decoy" chrStart: 3425959936
/home/junseokp/workspaces/data/rTea-simul/ref/hg38/Homo_sapiens_assembly38.fasta : chr # 1013  "chrUn_JTFH01000171v1_decoy" chrStart: 3426222080
/home/junseokp/workspaces/data/rTea-simul/ref/hg38/Homo_sapiens_assembly38.fasta : chr # 1014  "chrUn_JTFH01000172v1_decoy" chrStart: 3426484224
/home/junseokp/workspaces/data/rTea-simul/ref/hg38/Homo_sapiens_assembly38.fasta : chr # 1015  "chrUn_JTFH01000173v1_decoy" chrStart: 3426746368
/home/junseokp/workspaces/data/rTea-simul/ref/hg38/Homo_sapiens_assembly38.fasta : chr # 1016  "chrUn_JTFH01000174v1_decoy" chrStart: 3427008512
/home/junseokp/workspaces/data/rTea-simul/ref/hg38/Homo_sapiens_assembly38.fasta : chr # 1017  "chrUn_JTFH01000175v1_decoy" chrStart: 3427270656
/home/junseokp/workspaces/data/rTea-simul/ref/hg38/Homo_sapiens_assembly38.fasta : chr # 1018  "chrUn_JTFH01000176v1_decoy" chrStart: 3427532800
/home/junseokp/workspaces/data/rTea-simul/ref/hg38/Homo_sapiens_assembly38.fasta : chr # 1019  "chrUn_JTFH01000177v1_decoy" chrStart: 3427794944
/home/junseokp/workspaces/data/rTea-simul/ref/hg38/Homo_sapiens_assembly38.fasta : chr # 1020  "chrUn_JTFH01000178v1_decoy" chrStart: 3428057088
/home/junseokp/workspaces/data/rTea-simul/ref/hg38/Homo_sapiens_assembly38.fasta : chr # 1021  "chrUn_JTFH01000179v1_decoy" chrStart: 3428319232
/home/junseokp/workspaces/data/rTea-simul/ref/hg38/Homo_sapiens_assembly38.fasta : chr # 1022  "chrUn_JTFH01000180v1_decoy" chrStart: 3428581376
/home/junseokp/workspaces/data/rTea-simul/ref/hg38/Homo_sapiens_assembly38.fasta : chr # 1023  "chrUn_JTFH01000181v1_decoy" chrStart: 3428843520
/home/junseokp/workspaces/data/rTea-simul/ref/hg38/Homo_sapiens_assembly38.fasta : chr # 1024  "chrUn_JTFH01000182v1_decoy" chrStart: 3429105664
/home/junseokp/workspaces/data/rTea-simul/ref/hg38/Homo_sapiens_assembly38.fasta : chr # 1025  "chrUn_JTFH01000183v1_decoy" chrStart: 3429367808
/home/junseokp/workspaces/data/rTea-simul/ref/hg38/Homo_sapiens_assembly38.fasta : chr # 1026  "chrUn_JTFH01000184v1_decoy" chrStart: 3429629952
/home/junseokp/workspaces/data/rTea-simul/ref/hg38/Homo_sapiens_assembly38.fasta : chr # 1027  "chrUn_JTFH01000185v1_decoy" chrStart: 3429892096
/home/junseokp/workspaces/data/rTea-simul/ref/hg38/Homo_sapiens_assembly38.fasta : chr # 1028  "chrUn_JTFH01000186v1_decoy" chrStart: 3430154240
/home/junseokp/workspaces/data/rTea-simul/ref/hg38/Homo_sapiens_assembly38.fasta : chr # 1029  "chrUn_JTFH01000187v1_decoy" chrStart: 3430416384
/home/junseokp/workspaces/data/rTea-simul/ref/hg38/Homo_sapiens_assembly38.fasta : chr # 1030  "chrUn_JTFH01000188v1_decoy" chrStart: 3430678528
/home/junseokp/workspaces/data/rTea-simul/ref/hg38/Homo_sapiens_assembly38.fasta : chr # 1031  "chrUn_JTFH01000189v1_decoy" chrStart: 3430940672
/home/junseokp/workspaces/data/rTea-simul/ref/hg38/Homo_sapiens_assembly38.fasta : chr # 1032  "chrUn_JTFH01000190v1_decoy" chrStart: 3431202816
/home/junseokp/workspaces/data/rTea-simul/ref/hg38/Homo_sapiens_assembly38.fasta : chr # 1033  "chrUn_JTFH01000191v1_decoy" chrStart: 3431464960
/home/junseokp/workspaces/data/rTea-simul/ref/hg38/Homo_sapiens_assembly38.fasta : chr # 1034  "chrUn_JTFH01000192v1_decoy" chrStart: 3431727104
/home/junseokp/workspaces/data/rTea-simul/ref/hg38/Homo_sapiens_assembly38.fasta : chr # 1035  "chrUn_JTFH01000193v1_decoy" chrStart: 3431989248
/home/junseokp/workspaces/data/rTea-simul/ref/hg38/Homo_sapiens_assembly38.fasta : chr # 1036  "chrUn_JTFH01000194v1_decoy" chrStart: 3432251392
/home/junseokp/workspaces/data/rTea-simul/ref/hg38/Homo_sapiens_assembly38.fasta : chr # 1037  "chrUn_JTFH01000195v1_decoy" chrStart: 3432513536
/home/junseokp/workspaces/data/rTea-simul/ref/hg38/Homo_sapiens_assembly38.fasta : chr # 1038  "chrUn_JTFH01000196v1_decoy" chrStart: 3432775680
/home/junseokp/workspaces/data/rTea-simul/ref/hg38/Homo_sapiens_assembly38.fasta : chr # 1039  "chrUn_JTFH01000197v1_decoy" chrStart: 3433037824
/home/junseokp/workspaces/data/rTea-simul/ref/hg38/Homo_sapiens_assembly38.fasta : chr # 1040  "chrUn_JTFH01000198v1_decoy" chrStart: 3433299968
/home/junseokp/workspaces/data/rTea-simul/ref/hg38/Homo_sapiens_assembly38.fasta : chr # 1041  "chrUn_JTFH01000199v1_decoy" chrStart: 3433562112
/home/junseokp/workspaces/data/rTea-simul/ref/hg38/Homo_sapiens_assembly38.fasta : chr # 1042  "chrUn_JTFH01000200v1_decoy" chrStart: 3433824256
/home/junseokp/workspaces/data/rTea-simul/ref/hg38/Homo_sapiens_assembly38.fasta : chr # 1043  "chrUn_JTFH01000201v1_decoy" chrStart: 3434086400
/home/junseokp/workspaces/data/rTea-simul/ref/hg38/Homo_sapiens_assembly38.fasta : chr # 1044  "chrUn_JTFH01000202v1_decoy" chrStart: 3434348544
/home/junseokp/workspaces/data/rTea-simul/ref/hg38/Homo_sapiens_assembly38.fasta : chr # 1045  "chrUn_JTFH01000203v1_decoy" chrStart: 3434610688
/home/junseokp/workspaces/data/rTea-simul/ref/hg38/Homo_sapiens_assembly38.fasta : chr # 1046  "chrUn_JTFH01000204v1_decoy" chrStart: 3434872832
/home/junseokp/workspaces/data/rTea-simul/ref/hg38/Homo_sapiens_assembly38.fasta : chr # 1047  "chrUn_JTFH01000205v1_decoy" chrStart: 3435134976
/home/junseokp/workspaces/data/rTea-simul/ref/hg38/Homo_sapiens_assembly38.fasta : chr # 1048  "chrUn_JTFH01000206v1_decoy" chrStart: 3435397120
/home/junseokp/workspaces/data/rTea-simul/ref/hg38/Homo_sapiens_assembly38.fasta : chr # 1049  "chrUn_JTFH01000207v1_decoy" chrStart: 3435659264
/home/junseokp/workspaces/data/rTea-simul/ref/hg38/Homo_sapiens_assembly38.fasta : chr # 1050  "chrUn_JTFH01000208v1_decoy" chrStart: 3435921408
/home/junseokp/workspaces/data/rTea-simul/ref/hg38/Homo_sapiens_assembly38.fasta : chr # 1051  "chrUn_JTFH01000209v1_decoy" chrStart: 3436183552
/home/junseokp/workspaces/data/rTea-simul/ref/hg38/Homo_sapiens_assembly38.fasta : chr # 1052  "chrUn_JTFH01000210v1_decoy" chrStart: 3436445696
/home/junseokp/workspaces/data/rTea-simul/ref/hg38/Homo_sapiens_assembly38.fasta : chr # 1053  "chrUn_JTFH01000211v1_decoy" chrStart: 3436707840
/home/junseokp/workspaces/data/rTea-simul/ref/hg38/Homo_sapiens_assembly38.fasta : chr # 1054  "chrUn_JTFH01000212v1_decoy" chrStart: 3436969984
/home/junseokp/workspaces/data/rTea-simul/ref/hg38/Homo_sapiens_assembly38.fasta : chr # 1055  "chrUn_JTFH01000213v1_decoy" chrStart: 3437232128
/home/junseokp/workspaces/data/rTea-simul/ref/hg38/Homo_sapiens_assembly38.fasta : chr # 1056  "chrUn_JTFH01000214v1_decoy" chrStart: 3437494272
/home/junseokp/workspaces/data/rTea-simul/ref/hg38/Homo_sapiens_assembly38.fasta : chr # 1057  "chrUn_JTFH01000215v1_decoy" chrStart: 3437756416
/home/junseokp/workspaces/data/rTea-simul/ref/hg38/Homo_sapiens_assembly38.fasta : chr # 1058  "chrUn_JTFH01000216v1_decoy" chrStart: 3438018560
/home/junseokp/workspaces/data/rTea-simul/ref/hg38/Homo_sapiens_assembly38.fasta : chr # 1059  "chrUn_JTFH01000217v1_decoy" chrStart: 3438280704
/home/junseokp/workspaces/data/rTea-simul/ref/hg38/Homo_sapiens_assembly38.fasta : chr # 1060  "chrUn_JTFH01000218v1_decoy" chrStart: 3438542848
/home/junseokp/workspaces/data/rTea-simul/ref/hg38/Homo_sapiens_assembly38.fasta : chr # 1061  "chrUn_JTFH01000219v1_decoy" chrStart: 3438804992
/home/junseokp/workspaces/data/rTea-simul/ref/hg38/Homo_sapiens_assembly38.fasta : chr # 1062  "chrUn_JTFH01000220v1_decoy" chrStart: 3439067136
/home/junseokp/workspaces/data/rTea-simul/ref/hg38/Homo_sapiens_assembly38.fasta : chr # 1063  "chrUn_JTFH01000221v1_decoy" chrStart: 3439329280
/home/junseokp/workspaces/data/rTea-simul/ref/hg38/Homo_sapiens_assembly38.fasta : chr # 1064  "chrUn_JTFH01000222v1_decoy" chrStart: 3439591424
/home/junseokp/workspaces/data/rTea-simul/ref/hg38/Homo_sapiens_assembly38.fasta : chr # 1065  "chrUn_JTFH01000223v1_decoy" chrStart: 3439853568
/home/junseokp/workspaces/data/rTea-simul/ref/hg38/Homo_sapiens_assembly38.fasta : chr # 1066  "chrUn_JTFH01000224v1_decoy" chrStart: 3440115712
/home/junseokp/workspaces/data/rTea-simul/ref/hg38/Homo_sapiens_assembly38.fasta : chr # 1067  "chrUn_JTFH01000225v1_decoy" chrStart: 3440377856
/home/junseokp/workspaces/data/rTea-simul/ref/hg38/Homo_sapiens_assembly38.fasta : chr # 1068  "chrUn_JTFH01000226v1_decoy" chrStart: 3440640000
/home/junseokp/workspaces/data/rTea-simul/ref/hg38/Homo_sapiens_assembly38.fasta : chr # 1069  "chrUn_JTFH01000227v1_decoy" chrStart: 3440902144
/home/junseokp/workspaces/data/rTea-simul/ref/hg38/Homo_sapiens_assembly38.fasta : chr # 1070  "chrUn_JTFH01000228v1_decoy" chrStart: 3441164288
/home/junseokp/workspaces/data/rTea-simul/ref/hg38/Homo_sapiens_assembly38.fasta : chr # 1071  "chrUn_JTFH01000229v1_decoy" chrStart: 3441426432
/home/junseokp/workspaces/data/rTea-simul/ref/hg38/Homo_sapiens_assembly38.fasta : chr # 1072  "chrUn_JTFH01000230v1_decoy" chrStart: 3441688576
/home/junseokp/workspaces/data/rTea-simul/ref/hg38/Homo_sapiens_assembly38.fasta : chr # 1073  "chrUn_JTFH01000231v1_decoy" chrStart: 3441950720
/home/junseokp/workspaces/data/rTea-simul/ref/hg38/Homo_sapiens_assembly38.fasta : chr # 1074  "chrUn_JTFH01000232v1_decoy" chrStart: 3442212864
/home/junseokp/workspaces/data/rTea-simul/ref/hg38/Homo_sapiens_assembly38.fasta : chr # 1075  "chrUn_JTFH01000233v1_decoy" chrStart: 3442475008
/home/junseokp/workspaces/data/rTea-simul/ref/hg38/Homo_sapiens_assembly38.fasta : chr # 1076  "chrUn_JTFH01000234v1_decoy" chrStart: 3442737152
/home/junseokp/workspaces/data/rTea-simul/ref/hg38/Homo_sapiens_assembly38.fasta : chr # 1077  "chrUn_JTFH01000235v1_decoy" chrStart: 3442999296
/home/junseokp/workspaces/data/rTea-simul/ref/hg38/Homo_sapiens_assembly38.fasta : chr # 1078  "chrUn_JTFH01000236v1_decoy" chrStart: 3443261440
/home/junseokp/workspaces/data/rTea-simul/ref/hg38/Homo_sapiens_assembly38.fasta : chr # 1079  "chrUn_JTFH01000237v1_decoy" chrStart: 3443523584
/home/junseokp/workspaces/data/rTea-simul/ref/hg38/Homo_sapiens_assembly38.fasta : chr # 1080  "chrUn_JTFH01000238v1_decoy" chrStart: 3443785728
/home/junseokp/workspaces/data/rTea-simul/ref/hg38/Homo_sapiens_assembly38.fasta : chr # 1081  "chrUn_JTFH01000239v1_decoy" chrStart: 3444047872
/home/junseokp/workspaces/data/rTea-simul/ref/hg38/Homo_sapiens_assembly38.fasta : chr # 1082  "chrUn_JTFH01000240v1_decoy" chrStart: 3444310016
/home/junseokp/workspaces/data/rTea-simul/ref/hg38/Homo_sapiens_assembly38.fasta : chr # 1083  "chrUn_JTFH01000241v1_decoy" chrStart: 3444572160
/home/junseokp/workspaces/data/rTea-simul/ref/hg38/Homo_sapiens_assembly38.fasta : chr # 1084  "chrUn_JTFH01000242v1_decoy" chrStart: 3444834304
/home/junseokp/workspaces/data/rTea-simul/ref/hg38/Homo_sapiens_assembly38.fasta : chr # 1085  "chrUn_JTFH01000243v1_decoy" chrStart: 3445096448
/home/junseokp/workspaces/data/rTea-simul/ref/hg38/Homo_sapiens_assembly38.fasta : chr # 1086  "chrUn_JTFH01000244v1_decoy" chrStart: 3445358592
/home/junseokp/workspaces/data/rTea-simul/ref/hg38/Homo_sapiens_assembly38.fasta : chr # 1087  "chrUn_JTFH01000245v1_decoy" chrStart: 3445620736
/home/junseokp/workspaces/data/rTea-simul/ref/hg38/Homo_sapiens_assembly38.fasta : chr # 1088  "chrUn_JTFH01000246v1_decoy" chrStart: 3445882880
/home/junseokp/workspaces/data/rTea-simul/ref/hg38/Homo_sapiens_assembly38.fasta : chr # 1089  "chrUn_JTFH01000247v1_decoy" chrStart: 3446145024
/home/junseokp/workspaces/data/rTea-simul/ref/hg38/Homo_sapiens_assembly38.fasta : chr # 1090  "chrUn_JTFH01000248v1_decoy" chrStart: 3446407168
/home/junseokp/workspaces/data/rTea-simul/ref/hg38/Homo_sapiens_assembly38.fasta : chr # 1091  "chrUn_JTFH01000249v1_decoy" chrStart: 3446669312
/home/junseokp/workspaces/data/rTea-simul/ref/hg38/Homo_sapiens_assembly38.fasta : chr # 1092  "chrUn_JTFH01000250v1_decoy" chrStart: 3446931456
/home/junseokp/workspaces/data/rTea-simul/ref/hg38/Homo_sapiens_assembly38.fasta : chr # 1093  "chrUn_JTFH01000251v1_decoy" chrStart: 3447193600
/home/junseokp/workspaces/data/rTea-simul/ref/hg38/Homo_sapiens_assembly38.fasta : chr # 1094  "chrUn_JTFH01000252v1_decoy" chrStart: 3447455744
/home/junseokp/workspaces/data/rTea-simul/ref/hg38/Homo_sapiens_assembly38.fasta : chr # 1095  "chrUn_JTFH01000253v1_decoy" chrStart: 3447717888
/home/junseokp/workspaces/data/rTea-simul/ref/hg38/Homo_sapiens_assembly38.fasta : chr # 1096  "chrUn_JTFH01000254v1_decoy" chrStart: 3447980032
/home/junseokp/workspaces/data/rTea-simul/ref/hg38/Homo_sapiens_assembly38.fasta : chr # 1097  "chrUn_JTFH01000255v1_decoy" chrStart: 3448242176
/home/junseokp/workspaces/data/rTea-simul/ref/hg38/Homo_sapiens_assembly38.fasta : chr # 1098  "chrUn_JTFH01000256v1_decoy" chrStart: 3448504320
/home/junseokp/workspaces/data/rTea-simul/ref/hg38/Homo_sapiens_assembly38.fasta : chr # 1099  "chrUn_JTFH01000257v1_decoy" chrStart: 3448766464
/home/junseokp/workspaces/data/rTea-simul/ref/hg38/Homo_sapiens_assembly38.fasta : chr # 1100  "chrUn_JTFH01000258v1_decoy" chrStart: 3449028608
/home/junseokp/workspaces/data/rTea-simul/ref/hg38/Homo_sapiens_assembly38.fasta : chr # 1101  "chrUn_JTFH01000259v1_decoy" chrStart: 3449290752
/home/junseokp/workspaces/data/rTea-simul/ref/hg38/Homo_sapiens_assembly38.fasta : chr # 1102  "chrUn_JTFH01000260v1_decoy" chrStart: 3449552896
/home/junseokp/workspaces/data/rTea-simul/ref/hg38/Homo_sapiens_assembly38.fasta : chr # 1103  "chrUn_JTFH01000261v1_decoy" chrStart: 3449815040
/home/junseokp/workspaces/data/rTea-simul/ref/hg38/Homo_sapiens_assembly38.fasta : chr # 1104  "chrUn_JTFH01000262v1_decoy" chrStart: 3450077184
/home/junseokp/workspaces/data/rTea-simul/ref/hg38/Homo_sapiens_assembly38.fasta : chr # 1105  "chrUn_JTFH01000263v1_decoy" chrStart: 3450339328
/home/junseokp/workspaces/data/rTea-simul/ref/hg38/Homo_sapiens_assembly38.fasta : chr # 1106  "chrUn_JTFH01000264v1_decoy" chrStart: 3450601472
/home/junseokp/workspaces/data/rTea-simul/ref/hg38/Homo_sapiens_assembly38.fasta : chr # 1107  "chrUn_JTFH01000265v1_decoy" chrStart: 3450863616
/home/junseokp/workspaces/data/rTea-simul/ref/hg38/Homo_sapiens_assembly38.fasta : chr # 1108  "chrUn_JTFH01000266v1_decoy" chrStart: 3451125760
/home/junseokp/workspaces/data/rTea-simul/ref/hg38/Homo_sapiens_assembly38.fasta : chr # 1109  "chrUn_JTFH01000267v1_decoy" chrStart: 3451387904
/home/junseokp/workspaces/data/rTea-simul/ref/hg38/Homo_sapiens_assembly38.fasta : chr # 1110  "chrUn_JTFH01000268v1_decoy" chrStart: 3451650048
/home/junseokp/workspaces/data/rTea-simul/ref/hg38/Homo_sapiens_assembly38.fasta : chr # 1111  "chrUn_JTFH01000269v1_decoy" chrStart: 3451912192
/home/junseokp/workspaces/data/rTea-simul/ref/hg38/Homo_sapiens_assembly38.fasta : chr # 1112  "chrUn_JTFH01000270v1_decoy" chrStart: 3452174336
/home/junseokp/workspaces/data/rTea-simul/ref/hg38/Homo_sapiens_assembly38.fasta : chr # 1113  "chrUn_JTFH01000271v1_decoy" chrStart: 3452436480
/home/junseokp/workspaces/data/rTea-simul/ref/hg38/Homo_sapiens_assembly38.fasta : chr # 1114  "chrUn_JTFH01000272v1_decoy" chrStart: 3452698624
/home/junseokp/workspaces/data/rTea-simul/ref/hg38/Homo_sapiens_assembly38.fasta : chr # 1115  "chrUn_JTFH01000273v1_decoy" chrStart: 3452960768
/home/junseokp/workspaces/data/rTea-simul/ref/hg38/Homo_sapiens_assembly38.fasta : chr # 1116  "chrUn_JTFH01000274v1_decoy" chrStart: 3453222912
/home/junseokp/workspaces/data/rTea-simul/ref/hg38/Homo_sapiens_assembly38.fasta : chr # 1117  "chrUn_JTFH01000275v1_decoy" chrStart: 3453485056
/home/junseokp/workspaces/data/rTea-simul/ref/hg38/Homo_sapiens_assembly38.fasta : chr # 1118  "chrUn_JTFH01000276v1_decoy" chrStart: 3453747200
/home/junseokp/workspaces/data/rTea-simul/ref/hg38/Homo_sapiens_assembly38.fasta : chr # 1119  "chrUn_JTFH01000277v1_decoy" chrStart: 3454009344
/home/junseokp/workspaces/data/rTea-simul/ref/hg38/Homo_sapiens_assembly38.fasta : chr # 1120  "chrUn_JTFH01000278v1_decoy" chrStart: 3454271488
/home/junseokp/workspaces/data/rTea-simul/ref/hg38/Homo_sapiens_assembly38.fasta : chr # 1121  "chrUn_JTFH01000279v1_decoy" chrStart: 3454533632
/home/junseokp/workspaces/data/rTea-simul/ref/hg38/Homo_sapiens_assembly38.fasta : chr # 1122  "chrUn_JTFH01000280v1_decoy" chrStart: 3454795776
/home/junseokp/workspaces/data/rTea-simul/ref/hg38/Homo_sapiens_assembly38.fasta : chr # 1123  "chrUn_JTFH01000281v1_decoy" chrStart: 3455057920
/home/junseokp/workspaces/data/rTea-simul/ref/hg38/Homo_sapiens_assembly38.fasta : chr # 1124  "chrUn_JTFH01000282v1_decoy" chrStart: 3455320064
/home/junseokp/workspaces/data/rTea-simul/ref/hg38/Homo_sapiens_assembly38.fasta : chr # 1125  "chrUn_JTFH01000283v1_decoy" chrStart: 3455582208
/home/junseokp/workspaces/data/rTea-simul/ref/hg38/Homo_sapiens_assembly38.fasta : chr # 1126  "chrUn_JTFH01000284v1_decoy" chrStart: 3455844352
/home/junseokp/workspaces/data/rTea-simul/ref/hg38/Homo_sapiens_assembly38.fasta : chr # 1127  "chrUn_JTFH01000285v1_decoy" chrStart: 3456106496
/home/junseokp/workspaces/data/rTea-simul/ref/hg38/Homo_sapiens_assembly38.fasta : chr # 1128  "chrUn_JTFH01000286v1_decoy" chrStart: 3456368640
/home/junseokp/workspaces/data/rTea-simul/ref/hg38/Homo_sapiens_assembly38.fasta : chr # 1129  "chrUn_JTFH01000287v1_decoy" chrStart: 3456630784
/home/junseokp/workspaces/data/rTea-simul/ref/hg38/Homo_sapiens_assembly38.fasta : chr # 1130  "chrUn_JTFH01000288v1_decoy" chrStart: 3456892928
/home/junseokp/workspaces/data/rTea-simul/ref/hg38/Homo_sapiens_assembly38.fasta : chr # 1131  "chrUn_JTFH01000289v1_decoy" chrStart: 3457155072
/home/junseokp/workspaces/data/rTea-simul/ref/hg38/Homo_sapiens_assembly38.fasta : chr # 1132  "chrUn_JTFH01000290v1_decoy" chrStart: 3457417216
/home/junseokp/workspaces/data/rTea-simul/ref/hg38/Homo_sapiens_assembly38.fasta : chr # 1133  "chrUn_JTFH01000291v1_decoy" chrStart: 3457679360
/home/junseokp/workspaces/data/rTea-simul/ref/hg38/Homo_sapiens_assembly38.fasta : chr # 1134  "chrUn_JTFH01000292v1_decoy" chrStart: 3457941504
/home/junseokp/workspaces/data/rTea-simul/ref/hg38/Homo_sapiens_assembly38.fasta : chr # 1135  "chrUn_JTFH01000293v1_decoy" chrStart: 3458203648
/home/junseokp/workspaces/data/rTea-simul/ref/hg38/Homo_sapiens_assembly38.fasta : chr # 1136  "chrUn_JTFH01000294v1_decoy" chrStart: 3458465792
/home/junseokp/workspaces/data/rTea-simul/ref/hg38/Homo_sapiens_assembly38.fasta : chr # 1137  "chrUn_JTFH01000295v1_decoy" chrStart: 3458727936
/home/junseokp/workspaces/data/rTea-simul/ref/hg38/Homo_sapiens_assembly38.fasta : chr # 1138  "chrUn_JTFH01000296v1_decoy" chrStart: 3458990080
/home/junseokp/workspaces/data/rTea-simul/ref/hg38/Homo_sapiens_assembly38.fasta : chr # 1139  "chrUn_JTFH01000297v1_decoy" chrStart: 3459252224
/home/junseokp/workspaces/data/rTea-simul/ref/hg38/Homo_sapiens_assembly38.fasta : chr # 1140  "chrUn_JTFH01000298v1_decoy" chrStart: 3459514368
/home/junseokp/workspaces/data/rTea-simul/ref/hg38/Homo_sapiens_assembly38.fasta : chr # 1141  "chrUn_JTFH01000299v1_decoy" chrStart: 3459776512
/home/junseokp/workspaces/data/rTea-simul/ref/hg38/Homo_sapiens_assembly38.fasta : chr # 1142  "chrUn_JTFH01000300v1_decoy" chrStart: 3460038656
/home/junseokp/workspaces/data/rTea-simul/ref/hg38/Homo_sapiens_assembly38.fasta : chr # 1143  "chrUn_JTFH01000301v1_decoy" chrStart: 3460300800
/home/junseokp/workspaces/data/rTea-simul/ref/hg38/Homo_sapiens_assembly38.fasta : chr # 1144  "chrUn_JTFH01000302v1_decoy" chrStart: 3460562944
/home/junseokp/workspaces/data/rTea-simul/ref/hg38/Homo_sapiens_assembly38.fasta : chr # 1145  "chrUn_JTFH01000303v1_decoy" chrStart: 3460825088
/home/junseokp/workspaces/data/rTea-simul/ref/hg38/Homo_sapiens_assembly38.fasta : chr # 1146  "chrUn_JTFH01000304v1_decoy" chrStart: 3461087232
/home/junseokp/workspaces/data/rTea-simul/ref/hg38/Homo_sapiens_assembly38.fasta : chr # 1147  "chrUn_JTFH01000305v1_decoy" chrStart: 3461349376
/home/junseokp/workspaces/data/rTea-simul/ref/hg38/Homo_sapiens_assembly38.fasta : chr # 1148  "chrUn_JTFH01000306v1_decoy" chrStart: 3461611520
/home/junseokp/workspaces/data/rTea-simul/ref/hg38/Homo_sapiens_assembly38.fasta : chr # 1149  "chrUn_JTFH01000307v1_decoy" chrStart: 3461873664
/home/junseokp/workspaces/data/rTea-simul/ref/hg38/Homo_sapiens_assembly38.fasta : chr # 1150  "chrUn_JTFH01000308v1_decoy" chrStart: 3462135808
/home/junseokp/workspaces/data/rTea-simul/ref/hg38/Homo_sapiens_assembly38.fasta : chr # 1151  "chrUn_JTFH01000309v1_decoy" chrStart: 3462397952
/home/junseokp/workspaces/data/rTea-simul/ref/hg38/Homo_sapiens_assembly38.fasta : chr # 1152  "chrUn_JTFH01000310v1_decoy" chrStart: 3462660096
/home/junseokp/workspaces/data/rTea-simul/ref/hg38/Homo_sapiens_assembly38.fasta : chr # 1153  "chrUn_JTFH01000311v1_decoy" chrStart: 3462922240
/home/junseokp/workspaces/data/rTea-simul/ref/hg38/Homo_sapiens_assembly38.fasta : chr # 1154  "chrUn_JTFH01000312v1_decoy" chrStart: 3463184384
/home/junseokp/workspaces/data/rTea-simul/ref/hg38/Homo_sapiens_assembly38.fasta : chr # 1155  "chrUn_JTFH01000313v1_decoy" chrStart: 3463446528
/home/junseokp/workspaces/data/rTea-simul/ref/hg38/Homo_sapiens_assembly38.fasta : chr # 1156  "chrUn_JTFH01000314v1_decoy" chrStart: 3463708672
/home/junseokp/workspaces/data/rTea-simul/ref/hg38/Homo_sapiens_assembly38.fasta : chr # 1157  "chrUn_JTFH01000315v1_decoy" chrStart: 3463970816
/home/junseokp/workspaces/data/rTea-simul/ref/hg38/Homo_sapiens_assembly38.fasta : chr # 1158  "chrUn_JTFH01000316v1_decoy" chrStart: 3464232960
/home/junseokp/workspaces/data/rTea-simul/ref/hg38/Homo_sapiens_assembly38.fasta : chr # 1159  "chrUn_JTFH01000317v1_decoy" chrStart: 3464495104
/home/junseokp/workspaces/data/rTea-simul/ref/hg38/Homo_sapiens_assembly38.fasta : chr # 1160  "chrUn_JTFH01000318v1_decoy" chrStart: 3464757248
/home/junseokp/workspaces/data/rTea-simul/ref/hg38/Homo_sapiens_assembly38.fasta : chr # 1161  "chrUn_JTFH01000319v1_decoy" chrStart: 3465019392
/home/junseokp/workspaces/data/rTea-simul/ref/hg38/Homo_sapiens_assembly38.fasta : chr # 1162  "chrUn_JTFH01000320v1_decoy" chrStart: 3465281536
/home/junseokp/workspaces/data/rTea-simul/ref/hg38/Homo_sapiens_assembly38.fasta : chr # 1163  "chrUn_JTFH01000321v1_decoy" chrStart: 3465543680
/home/junseokp/workspaces/data/rTea-simul/ref/hg38/Homo_sapiens_assembly38.fasta : chr # 1164  "chrUn_JTFH01000322v1_decoy" chrStart: 3465805824
/home/junseokp/workspaces/data/rTea-simul/ref/hg38/Homo_sapiens_assembly38.fasta : chr # 1165  "chrUn_JTFH01000323v1_decoy" chrStart: 3466067968
/home/junseokp/workspaces/data/rTea-simul/ref/hg38/Homo_sapiens_assembly38.fasta : chr # 1166  "chrUn_JTFH01000324v1_decoy" chrStart: 3466330112
/home/junseokp/workspaces/data/rTea-simul/ref/hg38/Homo_sapiens_assembly38.fasta : chr # 1167  "chrUn_JTFH01000325v1_decoy" chrStart: 3466592256
/home/junseokp/workspaces/data/rTea-simul/ref/hg38/Homo_sapiens_assembly38.fasta : chr # 1168  "chrUn_JTFH01000326v1_decoy" chrStart: 3466854400
/home/junseokp/workspaces/data/rTea-simul/ref/hg38/Homo_sapiens_assembly38.fasta : chr # 1169  "chrUn_JTFH01000327v1_decoy" chrStart: 3467116544
/home/junseokp/workspaces/data/rTea-simul/ref/hg38/Homo_sapiens_assembly38.fasta : chr # 1170  "chrUn_JTFH01000328v1_decoy" chrStart: 3467378688
/home/junseokp/workspaces/data/rTea-simul/ref/hg38/Homo_sapiens_assembly38.fasta : chr # 1171  "chrUn_JTFH01000329v1_decoy" chrStart: 3467640832
/home/junseokp/workspaces/data/rTea-simul/ref/hg38/Homo_sapiens_assembly38.fasta : chr # 1172  "chrUn_JTFH01000330v1_decoy" chrStart: 3467902976
/home/junseokp/workspaces/data/rTea-simul/ref/hg38/Homo_sapiens_assembly38.fasta : chr # 1173  "chrUn_JTFH01000331v1_decoy" chrStart: 3468165120
/home/junseokp/workspaces/data/rTea-simul/ref/hg38/Homo_sapiens_assembly38.fasta : chr # 1174  "chrUn_JTFH01000332v1_decoy" chrStart: 3468427264
/home/junseokp/workspaces/data/rTea-simul/ref/hg38/Homo_sapiens_assembly38.fasta : chr # 1175  "chrUn_JTFH01000333v1_decoy" chrStart: 3468689408
/home/junseokp/workspaces/data/rTea-simul/ref/hg38/Homo_sapiens_assembly38.fasta : chr # 1176  "chrUn_JTFH01000334v1_decoy" chrStart: 3468951552
/home/junseokp/workspaces/data/rTea-simul/ref/hg38/Homo_sapiens_assembly38.fasta : chr # 1177  "chrUn_JTFH01000335v1_decoy" chrStart: 3469213696
/home/junseokp/workspaces/data/rTea-simul/ref/hg38/Homo_sapiens_assembly38.fasta : chr # 1178  "chrUn_JTFH01000336v1_decoy" chrStart: 3469475840
/home/junseokp/workspaces/data/rTea-simul/ref/hg38/Homo_sapiens_assembly38.fasta : chr # 1179  "chrUn_JTFH01000337v1_decoy" chrStart: 3469737984
/home/junseokp/workspaces/data/rTea-simul/ref/hg38/Homo_sapiens_assembly38.fasta : chr # 1180  "chrUn_JTFH01000338v1_decoy" chrStart: 3470000128
/home/junseokp/workspaces/data/rTea-simul/ref/hg38/Homo_sapiens_assembly38.fasta : chr # 1181  "chrUn_JTFH01000339v1_decoy" chrStart: 3470262272
/home/junseokp/workspaces/data/rTea-simul/ref/hg38/Homo_sapiens_assembly38.fasta : chr # 1182  "chrUn_JTFH01000340v1_decoy" chrStart: 3470524416
/home/junseokp/workspaces/data/rTea-simul/ref/hg38/Homo_sapiens_assembly38.fasta : chr # 1183  "chrUn_JTFH01000341v1_decoy" chrStart: 3470786560
/home/junseokp/workspaces/data/rTea-simul/ref/hg38/Homo_sapiens_assembly38.fasta : chr # 1184  "chrUn_JTFH01000342v1_decoy" chrStart: 3471048704
/home/junseokp/workspaces/data/rTea-simul/ref/hg38/Homo_sapiens_assembly38.fasta : chr # 1185  "chrUn_JTFH01000343v1_decoy" chrStart: 3471310848
/home/junseokp/workspaces/data/rTea-simul/ref/hg38/Homo_sapiens_assembly38.fasta : chr # 1186  "chrUn_JTFH01000344v1_decoy" chrStart: 3471572992
/home/junseokp/workspaces/data/rTea-simul/ref/hg38/Homo_sapiens_assembly38.fasta : chr # 1187  "chrUn_JTFH01000345v1_decoy" chrStart: 3471835136
/home/junseokp/workspaces/data/rTea-simul/ref/hg38/Homo_sapiens_assembly38.fasta : chr # 1188  "chrUn_JTFH01000346v1_decoy" chrStart: 3472097280
/home/junseokp/workspaces/data/rTea-simul/ref/hg38/Homo_sapiens_assembly38.fasta : chr # 1189  "chrUn_JTFH01000347v1_decoy" chrStart: 3472359424
/home/junseokp/workspaces/data/rTea-simul/ref/hg38/Homo_sapiens_assembly38.fasta : chr # 1190  "chrUn_JTFH01000348v1_decoy" chrStart: 3472621568
/home/junseokp/workspaces/data/rTea-simul/ref/hg38/Homo_sapiens_assembly38.fasta : chr # 1191  "chrUn_JTFH01000349v1_decoy" chrStart: 3472883712
/home/junseokp/workspaces/data/rTea-simul/ref/hg38/Homo_sapiens_assembly38.fasta : chr # 1192  "chrUn_JTFH01000350v1_decoy" chrStart: 3473145856
/home/junseokp/workspaces/data/rTea-simul/ref/hg38/Homo_sapiens_assembly38.fasta : chr # 1193  "chrUn_JTFH01000351v1_decoy" chrStart: 3473408000
/home/junseokp/workspaces/data/rTea-simul/ref/hg38/Homo_sapiens_assembly38.fasta : chr # 1194  "chrUn_JTFH01000352v1_decoy" chrStart: 3473670144
/home/junseokp/workspaces/data/rTea-simul/ref/hg38/Homo_sapiens_assembly38.fasta : chr # 1195  "chrUn_JTFH01000353v1_decoy" chrStart: 3473932288
/home/junseokp/workspaces/data/rTea-simul/ref/hg38/Homo_sapiens_assembly38.fasta : chr # 1196  "chrUn_JTFH01000354v1_decoy" chrStart: 3474194432
/home/junseokp/workspaces/data/rTea-simul/ref/hg38/Homo_sapiens_assembly38.fasta : chr # 1197  "chrUn_JTFH01000355v1_decoy" chrStart: 3474456576
/home/junseokp/workspaces/data/rTea-simul/ref/hg38/Homo_sapiens_assembly38.fasta : chr # 1198  "chrUn_JTFH01000356v1_decoy" chrStart: 3474718720
/home/junseokp/workspaces/data/rTea-simul/ref/hg38/Homo_sapiens_assembly38.fasta : chr # 1199  "chrUn_JTFH01000357v1_decoy" chrStart: 3474980864
/home/junseokp/workspaces/data/rTea-simul/ref/hg38/Homo_sapiens_assembly38.fasta : chr # 1200  "chrUn_JTFH01000358v1_decoy" chrStart: 3475243008
/home/junseokp/workspaces/data/rTea-simul/ref/hg38/Homo_sapiens_assembly38.fasta : chr # 1201  "chrUn_JTFH01000359v1_decoy" chrStart: 3475505152
/home/junseokp/workspaces/data/rTea-simul/ref/hg38/Homo_sapiens_assembly38.fasta : chr # 1202  "chrUn_JTFH01000360v1_decoy" chrStart: 3475767296
/home/junseokp/workspaces/data/rTea-simul/ref/hg38/Homo_sapiens_assembly38.fasta : chr # 1203  "chrUn_JTFH01000361v1_decoy" chrStart: 3476029440
/home/junseokp/workspaces/data/rTea-simul/ref/hg38/Homo_sapiens_assembly38.fasta : chr # 1204  "chrUn_JTFH01000362v1_decoy" chrStart: 3476291584
/home/junseokp/workspaces/data/rTea-simul/ref/hg38/Homo_sapiens_assembly38.fasta : chr # 1205  "chrUn_JTFH01000363v1_decoy" chrStart: 3476553728
/home/junseokp/workspaces/data/rTea-simul/ref/hg38/Homo_sapiens_assembly38.fasta : chr # 1206  "chrUn_JTFH01000364v1_decoy" chrStart: 3476815872
/home/junseokp/workspaces/data/rTea-simul/ref/hg38/Homo_sapiens_assembly38.fasta : chr # 1207  "chrUn_JTFH01000365v1_decoy" chrStart: 3477078016
/home/junseokp/workspaces/data/rTea-simul/ref/hg38/Homo_sapiens_assembly38.fasta : chr # 1208  "chrUn_JTFH01000366v1_decoy" chrStart: 3477340160
/home/junseokp/workspaces/data/rTea-simul/ref/hg38/Homo_sapiens_assembly38.fasta : chr # 1209  "chrUn_JTFH01000367v1_decoy" chrStart: 3477602304
/home/junseokp/workspaces/data/rTea-simul/ref/hg38/Homo_sapiens_assembly38.fasta : chr # 1210  "chrUn_JTFH01000368v1_decoy" chrStart: 3477864448
/home/junseokp/workspaces/data/rTea-simul/ref/hg38/Homo_sapiens_assembly38.fasta : chr # 1211  "chrUn_JTFH01000369v1_decoy" chrStart: 3478126592
/home/junseokp/workspaces/data/rTea-simul/ref/hg38/Homo_sapiens_assembly38.fasta : chr # 1212  "chrUn_JTFH01000370v1_decoy" chrStart: 3478388736
/home/junseokp/workspaces/data/rTea-simul/ref/hg38/Homo_sapiens_assembly38.fasta : chr # 1213  "chrUn_JTFH01000371v1_decoy" chrStart: 3478650880
/home/junseokp/workspaces/data/rTea-simul/ref/hg38/Homo_sapiens_assembly38.fasta : chr # 1214  "chrUn_JTFH01000372v1_decoy" chrStart: 3478913024
/home/junseokp/workspaces/data/rTea-simul/ref/hg38/Homo_sapiens_assembly38.fasta : chr # 1215  "chrUn_JTFH01000373v1_decoy" chrStart: 3479175168
/home/junseokp/workspaces/data/rTea-simul/ref/hg38/Homo_sapiens_assembly38.fasta : chr # 1216  "chrUn_JTFH01000374v1_decoy" chrStart: 3479437312
/home/junseokp/workspaces/data/rTea-simul/ref/hg38/Homo_sapiens_assembly38.fasta : chr # 1217  "chrUn_JTFH01000375v1_decoy" chrStart: 3479699456
/home/junseokp/workspaces/data/rTea-simul/ref/hg38/Homo_sapiens_assembly38.fasta : chr # 1218  "chrUn_JTFH01000376v1_decoy" chrStart: 3479961600
/home/junseokp/workspaces/data/rTea-simul/ref/hg38/Homo_sapiens_assembly38.fasta : chr # 1219  "chrUn_JTFH01000377v1_decoy" chrStart: 3480223744
/home/junseokp/workspaces/data/rTea-simul/ref/hg38/Homo_sapiens_assembly38.fasta : chr # 1220  "chrUn_JTFH01000378v1_decoy" chrStart: 3480485888
/home/junseokp/workspaces/data/rTea-simul/ref/hg38/Homo_sapiens_assembly38.fasta : chr # 1221  "chrUn_JTFH01000379v1_decoy" chrStart: 3480748032
/home/junseokp/workspaces/data/rTea-simul/ref/hg38/Homo_sapiens_assembly38.fasta : chr # 1222  "chrUn_JTFH01000380v1_decoy" chrStart: 3481010176
/home/junseokp/workspaces/data/rTea-simul/ref/hg38/Homo_sapiens_assembly38.fasta : chr # 1223  "chrUn_JTFH01000381v1_decoy" chrStart: 3481272320
/home/junseokp/workspaces/data/rTea-simul/ref/hg38/Homo_sapiens_assembly38.fasta : chr # 1224  "chrUn_JTFH01000382v1_decoy" chrStart: 3481534464
/home/junseokp/workspaces/data/rTea-simul/ref/hg38/Homo_sapiens_assembly38.fasta : chr # 1225  "chrUn_JTFH01000383v1_decoy" chrStart: 3481796608
/home/junseokp/workspaces/data/rTea-simul/ref/hg38/Homo_sapiens_assembly38.fasta : chr # 1226  "chrUn_JTFH01000384v1_decoy" chrStart: 3482058752
/home/junseokp/workspaces/data/rTea-simul/ref/hg38/Homo_sapiens_assembly38.fasta : chr # 1227  "chrUn_JTFH01000385v1_decoy" chrStart: 3482320896
/home/junseokp/workspaces/data/rTea-simul/ref/hg38/Homo_sapiens_assembly38.fasta : chr # 1228  "chrUn_JTFH01000386v1_decoy" chrStart: 3482583040
/home/junseokp/workspaces/data/rTea-simul/ref/hg38/Homo_sapiens_assembly38.fasta : chr # 1229  "chrUn_JTFH01000387v1_decoy" chrStart: 3482845184
/home/junseokp/workspaces/data/rTea-simul/ref/hg38/Homo_sapiens_assembly38.fasta : chr # 1230  "chrUn_JTFH01000388v1_decoy" chrStart: 3483107328
/home/junseokp/workspaces/data/rTea-simul/ref/hg38/Homo_sapiens_assembly38.fasta : chr # 1231  "chrUn_JTFH01000389v1_decoy" chrStart: 3483369472
/home/junseokp/workspaces/data/rTea-simul/ref/hg38/Homo_sapiens_assembly38.fasta : chr # 1232  "chrUn_JTFH01000390v1_decoy" chrStart: 3483631616
/home/junseokp/workspaces/data/rTea-simul/ref/hg38/Homo_sapiens_assembly38.fasta : chr # 1233  "chrUn_JTFH01000391v1_decoy" chrStart: 3483893760
/home/junseokp/workspaces/data/rTea-simul/ref/hg38/Homo_sapiens_assembly38.fasta : chr # 1234  "chrUn_JTFH01000392v1_decoy" chrStart: 3484155904
/home/junseokp/workspaces/data/rTea-simul/ref/hg38/Homo_sapiens_assembly38.fasta : chr # 1235  "chrUn_JTFH01000393v1_decoy" chrStart: 3484418048
/home/junseokp/workspaces/data/rTea-simul/ref/hg38/Homo_sapiens_assembly38.fasta : chr # 1236  "chrUn_JTFH01000394v1_decoy" chrStart: 3484680192
/home/junseokp/workspaces/data/rTea-simul/ref/hg38/Homo_sapiens_assembly38.fasta : chr # 1237  "chrUn_JTFH01000395v1_decoy" chrStart: 3484942336
/home/junseokp/workspaces/data/rTea-simul/ref/hg38/Homo_sapiens_assembly38.fasta : chr # 1238  "chrUn_JTFH01000396v1_decoy" chrStart: 3485204480
/home/junseokp/workspaces/data/rTea-simul/ref/hg38/Homo_sapiens_assembly38.fasta : chr # 1239  "chrUn_JTFH01000397v1_decoy" chrStart: 3485466624
/home/junseokp/workspaces/data/rTea-simul/ref/hg38/Homo_sapiens_assembly38.fasta : chr # 1240  "chrUn_JTFH01000398v1_decoy" chrStart: 3485728768
/home/junseokp/workspaces/data/rTea-simul/ref/hg38/Homo_sapiens_assembly38.fasta : chr # 1241  "chrUn_JTFH01000399v1_decoy" chrStart: 3485990912
/home/junseokp/workspaces/data/rTea-simul/ref/hg38/Homo_sapiens_assembly38.fasta : chr # 1242  "chrUn_JTFH01000400v1_decoy" chrStart: 3486253056
/home/junseokp/workspaces/data/rTea-simul/ref/hg38/Homo_sapiens_assembly38.fasta : chr # 1243  "chrUn_JTFH01000401v1_decoy" chrStart: 3486515200
/home/junseokp/workspaces/data/rTea-simul/ref/hg38/Homo_sapiens_assembly38.fasta : chr # 1244  "chrUn_JTFH01000402v1_decoy" chrStart: 3486777344
/home/junseokp/workspaces/data/rTea-simul/ref/hg38/Homo_sapiens_assembly38.fasta : chr # 1245  "chrUn_JTFH01000403v1_decoy" chrStart: 3487039488
/home/junseokp/workspaces/data/rTea-simul/ref/hg38/Homo_sapiens_assembly38.fasta : chr # 1246  "chrUn_JTFH01000404v1_decoy" chrStart: 3487301632
/home/junseokp/workspaces/data/rTea-simul/ref/hg38/Homo_sapiens_assembly38.fasta : chr # 1247  "chrUn_JTFH01000405v1_decoy" chrStart: 3487563776
/home/junseokp/workspaces/data/rTea-simul/ref/hg38/Homo_sapiens_assembly38.fasta : chr # 1248  "chrUn_JTFH01000406v1_decoy" chrStart: 3487825920
/home/junseokp/workspaces/data/rTea-simul/ref/hg38/Homo_sapiens_assembly38.fasta : chr # 1249  "chrUn_JTFH01000407v1_decoy" chrStart: 3488088064
/home/junseokp/workspaces/data/rTea-simul/ref/hg38/Homo_sapiens_assembly38.fasta : chr # 1250  "chrUn_JTFH01000408v1_decoy" chrStart: 3488350208
/home/junseokp/workspaces/data/rTea-simul/ref/hg38/Homo_sapiens_assembly38.fasta : chr # 1251  "chrUn_JTFH01000409v1_decoy" chrStart: 3488612352
/home/junseokp/workspaces/data/rTea-simul/ref/hg38/Homo_sapiens_assembly38.fasta : chr # 1252  "chrUn_JTFH01000410v1_decoy" chrStart: 3488874496
/home/junseokp/workspaces/data/rTea-simul/ref/hg38/Homo_sapiens_assembly38.fasta : chr # 1253  "chrUn_JTFH01000411v1_decoy" chrStart: 3489136640
/home/junseokp/workspaces/data/rTea-simul/ref/hg38/Homo_sapiens_assembly38.fasta : chr # 1254  "chrUn_JTFH01000412v1_decoy" chrStart: 3489398784
/home/junseokp/workspaces/data/rTea-simul/ref/hg38/Homo_sapiens_assembly38.fasta : chr # 1255  "chrUn_JTFH01000413v1_decoy" chrStart: 3489660928
/home/junseokp/workspaces/data/rTea-simul/ref/hg38/Homo_sapiens_assembly38.fasta : chr # 1256  "chrUn_JTFH01000414v1_decoy" chrStart: 3489923072
/home/junseokp/workspaces/data/rTea-simul/ref/hg38/Homo_sapiens_assembly38.fasta : chr # 1257  "chrUn_JTFH01000415v1_decoy" chrStart: 3490185216
/home/junseokp/workspaces/data/rTea-simul/ref/hg38/Homo_sapiens_assembly38.fasta : chr # 1258  "chrUn_JTFH01000416v1_decoy" chrStart: 3490447360
/home/junseokp/workspaces/data/rTea-simul/ref/hg38/Homo_sapiens_assembly38.fasta : chr # 1259  "chrUn_JTFH01000417v1_decoy" chrStart: 3490709504
/home/junseokp/workspaces/data/rTea-simul/ref/hg38/Homo_sapiens_assembly38.fasta : chr # 1260  "chrUn_JTFH01000418v1_decoy" chrStart: 3490971648
/home/junseokp/workspaces/data/rTea-simul/ref/hg38/Homo_sapiens_assembly38.fasta : chr # 1261  "chrUn_JTFH01000419v1_decoy" chrStart: 3491233792
/home/junseokp/workspaces/data/rTea-simul/ref/hg38/Homo_sapiens_assembly38.fasta : chr # 1262  "chrUn_JTFH01000420v1_decoy" chrStart: 3491495936
/home/junseokp/workspaces/data/rTea-simul/ref/hg38/Homo_sapiens_assembly38.fasta : chr # 1263  "chrUn_JTFH01000421v1_decoy" chrStart: 3491758080
/home/junseokp/workspaces/data/rTea-simul/ref/hg38/Homo_sapiens_assembly38.fasta : chr # 1264  "chrUn_JTFH01000422v1_decoy" chrStart: 3492020224
/home/junseokp/workspaces/data/rTea-simul/ref/hg38/Homo_sapiens_assembly38.fasta : chr # 1265  "chrUn_JTFH01000423v1_decoy" chrStart: 3492282368
/home/junseokp/workspaces/data/rTea-simul/ref/hg38/Homo_sapiens_assembly38.fasta : chr # 1266  "chrUn_JTFH01000424v1_decoy" chrStart: 3492544512
/home/junseokp/workspaces/data/rTea-simul/ref/hg38/Homo_sapiens_assembly38.fasta : chr # 1267  "chrUn_JTFH01000425v1_decoy" chrStart: 3492806656
/home/junseokp/workspaces/data/rTea-simul/ref/hg38/Homo_sapiens_assembly38.fasta : chr # 1268  "chrUn_JTFH01000426v1_decoy" chrStart: 3493068800
/home/junseokp/workspaces/data/rTea-simul/ref/hg38/Homo_sapiens_assembly38.fasta : chr # 1269  "chrUn_JTFH01000427v1_decoy" chrStart: 3493330944
/home/junseokp/workspaces/data/rTea-simul/ref/hg38/Homo_sapiens_assembly38.fasta : chr # 1270  "chrUn_JTFH01000428v1_decoy" chrStart: 3493593088
/home/junseokp/workspaces/data/rTea-simul/ref/hg38/Homo_sapiens_assembly38.fasta : chr # 1271  "chrUn_JTFH01000429v1_decoy" chrStart: 3493855232
/home/junseokp/workspaces/data/rTea-simul/ref/hg38/Homo_sapiens_assembly38.fasta : chr # 1272  "chrUn_JTFH01000430v1_decoy" chrStart: 3494117376
/home/junseokp/workspaces/data/rTea-simul/ref/hg38/Homo_sapiens_assembly38.fasta : chr # 1273  "chrUn_JTFH01000431v1_decoy" chrStart: 3494379520
/home/junseokp/workspaces/data/rTea-simul/ref/hg38/Homo_sapiens_assembly38.fasta : chr # 1274  "chrUn_JTFH01000432v1_decoy" chrStart: 3494641664
/home/junseokp/workspaces/data/rTea-simul/ref/hg38/Homo_sapiens_assembly38.fasta : chr # 1275  "chrUn_JTFH01000433v1_decoy" chrStart: 3494903808
/home/junseokp/workspaces/data/rTea-simul/ref/hg38/Homo_sapiens_assembly38.fasta : chr # 1276  "chrUn_JTFH01000434v1_decoy" chrStart: 3495165952
/home/junseokp/workspaces/data/rTea-simul/ref/hg38/Homo_sapiens_assembly38.fasta : chr # 1277  "chrUn_JTFH01000435v1_decoy" chrStart: 3495428096
/home/junseokp/workspaces/data/rTea-simul/ref/hg38/Homo_sapiens_assembly38.fasta : chr # 1278  "chrUn_JTFH01000436v1_decoy" chrStart: 3495690240
/home/junseokp/workspaces/data/rTea-simul/ref/hg38/Homo_sapiens_assembly38.fasta : chr # 1279  "chrUn_JTFH01000437v1_decoy" chrStart: 3495952384
/home/junseokp/workspaces/data/rTea-simul/ref/hg38/Homo_sapiens_assembly38.fasta : chr # 1280  "chrUn_JTFH01000438v1_decoy" chrStart: 3496214528
/home/junseokp/workspaces/data/rTea-simul/ref/hg38/Homo_sapiens_assembly38.fasta : chr # 1281  "chrUn_JTFH01000439v1_decoy" chrStart: 3496476672
/home/junseokp/workspaces/data/rTea-simul/ref/hg38/Homo_sapiens_assembly38.fasta : chr # 1282  "chrUn_JTFH01000440v1_decoy" chrStart: 3496738816
/home/junseokp/workspaces/data/rTea-simul/ref/hg38/Homo_sapiens_assembly38.fasta : chr # 1283  "chrUn_JTFH01000441v1_decoy" chrStart: 3497000960
/home/junseokp/workspaces/data/rTea-simul/ref/hg38/Homo_sapiens_assembly38.fasta : chr # 1284  "chrUn_JTFH01000442v1_decoy" chrStart: 3497263104
/home/junseokp/workspaces/data/rTea-simul/ref/hg38/Homo_sapiens_assembly38.fasta : chr # 1285  "chrUn_JTFH01000443v1_decoy" chrStart: 3497525248
/home/junseokp/workspaces/data/rTea-simul/ref/hg38/Homo_sapiens_assembly38.fasta : chr # 1286  "chrUn_JTFH01000444v1_decoy" chrStart: 3497787392
/home/junseokp/workspaces/data/rTea-simul/ref/hg38/Homo_sapiens_assembly38.fasta : chr # 1287  "chrUn_JTFH01000445v1_decoy" chrStart: 3498049536
/home/junseokp/workspaces/data/rTea-simul/ref/hg38/Homo_sapiens_assembly38.fasta : chr # 1288  "chrUn_JTFH01000446v1_decoy" chrStart: 3498311680
/home/junseokp/workspaces/data/rTea-simul/ref/hg38/Homo_sapiens_assembly38.fasta : chr # 1289  "chrUn_JTFH01000447v1_decoy" chrStart: 3498573824
/home/junseokp/workspaces/data/rTea-simul/ref/hg38/Homo_sapiens_assembly38.fasta : chr # 1290  "chrUn_JTFH01000448v1_decoy" chrStart: 3498835968
/home/junseokp/workspaces/data/rTea-simul/ref/hg38/Homo_sapiens_assembly38.fasta : chr # 1291  "chrUn_JTFH01000449v1_decoy" chrStart: 3499098112
/home/junseokp/workspaces/data/rTea-simul/ref/hg38/Homo_sapiens_assembly38.fasta : chr # 1292  "chrUn_JTFH01000450v1_decoy" chrStart: 3499360256
/home/junseokp/workspaces/data/rTea-simul/ref/hg38/Homo_sapiens_assembly38.fasta : chr # 1293  "chrUn_JTFH01000451v1_decoy" chrStart: 3499622400
/home/junseokp/workspaces/data/rTea-simul/ref/hg38/Homo_sapiens_assembly38.fasta : chr # 1294  "chrUn_JTFH01000452v1_decoy" chrStart: 3499884544
/home/junseokp/workspaces/data/rTea-simul/ref/hg38/Homo_sapiens_assembly38.fasta : chr # 1295  "chrUn_JTFH01000453v1_decoy" chrStart: 3500146688
/home/junseokp/workspaces/data/rTea-simul/ref/hg38/Homo_sapiens_assembly38.fasta : chr # 1296  "chrUn_JTFH01000454v1_decoy" chrStart: 3500408832
/home/junseokp/workspaces/data/rTea-simul/ref/hg38/Homo_sapiens_assembly38.fasta : chr # 1297  "chrUn_JTFH01000455v1_decoy" chrStart: 3500670976
/home/junseokp/workspaces/data/rTea-simul/ref/hg38/Homo_sapiens_assembly38.fasta : chr # 1298  "chrUn_JTFH01000456v1_decoy" chrStart: 3500933120
/home/junseokp/workspaces/data/rTea-simul/ref/hg38/Homo_sapiens_assembly38.fasta : chr # 1299  "chrUn_JTFH01000457v1_decoy" chrStart: 3501195264
/home/junseokp/workspaces/data/rTea-simul/ref/hg38/Homo_sapiens_assembly38.fasta : chr # 1300  "chrUn_JTFH01000458v1_decoy" chrStart: 3501457408
/home/junseokp/workspaces/data/rTea-simul/ref/hg38/Homo_sapiens_assembly38.fasta : chr # 1301  "chrUn_JTFH01000459v1_decoy" chrStart: 3501719552
/home/junseokp/workspaces/data/rTea-simul/ref/hg38/Homo_sapiens_assembly38.fasta : chr # 1302  "chrUn_JTFH01000460v1_decoy" chrStart: 3501981696
/home/junseokp/workspaces/data/rTea-simul/ref/hg38/Homo_sapiens_assembly38.fasta : chr # 1303  "chrUn_JTFH01000461v1_decoy" chrStart: 3502243840
/home/junseokp/workspaces/data/rTea-simul/ref/hg38/Homo_sapiens_assembly38.fasta : chr # 1304  "chrUn_JTFH01000462v1_decoy" chrStart: 3502505984
/home/junseokp/workspaces/data/rTea-simul/ref/hg38/Homo_sapiens_assembly38.fasta : chr # 1305  "chrUn_JTFH01000463v1_decoy" chrStart: 3502768128
/home/junseokp/workspaces/data/rTea-simul/ref/hg38/Homo_sapiens_assembly38.fasta : chr # 1306  "chrUn_JTFH01000464v1_decoy" chrStart: 3503030272
/home/junseokp/workspaces/data/rTea-simul/ref/hg38/Homo_sapiens_assembly38.fasta : chr # 1307  "chrUn_JTFH01000465v1_decoy" chrStart: 3503292416
/home/junseokp/workspaces/data/rTea-simul/ref/hg38/Homo_sapiens_assembly38.fasta : chr # 1308  "chrUn_JTFH01000466v1_decoy" chrStart: 3503554560
/home/junseokp/workspaces/data/rTea-simul/ref/hg38/Homo_sapiens_assembly38.fasta : chr # 1309  "chrUn_JTFH01000467v1_decoy" chrStart: 3503816704
/home/junseokp/workspaces/data/rTea-simul/ref/hg38/Homo_sapiens_assembly38.fasta : chr # 1310  "chrUn_JTFH01000468v1_decoy" chrStart: 3504078848
/home/junseokp/workspaces/data/rTea-simul/ref/hg38/Homo_sapiens_assembly38.fasta : chr # 1311  "chrUn_JTFH01000469v1_decoy" chrStart: 3504340992
/home/junseokp/workspaces/data/rTea-simul/ref/hg38/Homo_sapiens_assembly38.fasta : chr # 1312  "chrUn_JTFH01000470v1_decoy" chrStart: 3504603136
/home/junseokp/workspaces/data/rTea-simul/ref/hg38/Homo_sapiens_assembly38.fasta : chr # 1313  "chrUn_JTFH01000471v1_decoy" chrStart: 3504865280
/home/junseokp/workspaces/data/rTea-simul/ref/hg38/Homo_sapiens_assembly38.fasta : chr # 1314  "chrUn_JTFH01000472v1_decoy" chrStart: 3505127424
/home/junseokp/workspaces/data/rTea-simul/ref/hg38/Homo_sapiens_assembly38.fasta : chr # 1315  "chrUn_JTFH01000473v1_decoy" chrStart: 3505389568
/home/junseokp/workspaces/data/rTea-simul/ref/hg38/Homo_sapiens_assembly38.fasta : chr # 1316  "chrUn_JTFH01000474v1_decoy" chrStart: 3505651712
/home/junseokp/workspaces/data/rTea-simul/ref/hg38/Homo_sapiens_assembly38.fasta : chr # 1317  "chrUn_JTFH01000475v1_decoy" chrStart: 3505913856
/home/junseokp/workspaces/data/rTea-simul/ref/hg38/Homo_sapiens_assembly38.fasta : chr # 1318  "chrUn_JTFH01000476v1_decoy" chrStart: 3506176000
/home/junseokp/workspaces/data/rTea-simul/ref/hg38/Homo_sapiens_assembly38.fasta : chr # 1319  "chrUn_JTFH01000477v1_decoy" chrStart: 3506438144
/home/junseokp/workspaces/data/rTea-simul/ref/hg38/Homo_sapiens_assembly38.fasta : chr # 1320  "chrUn_JTFH01000478v1_decoy" chrStart: 3506700288
/home/junseokp/workspaces/data/rTea-simul/ref/hg38/Homo_sapiens_assembly38.fasta : chr # 1321  "chrUn_JTFH01000479v1_decoy" chrStart: 3506962432
/home/junseokp/workspaces/data/rTea-simul/ref/hg38/Homo_sapiens_assembly38.fasta : chr # 1322  "chrUn_JTFH01000480v1_decoy" chrStart: 3507224576
/home/junseokp/workspaces/data/rTea-simul/ref/hg38/Homo_sapiens_assembly38.fasta : chr # 1323  "chrUn_JTFH01000481v1_decoy" chrStart: 3507486720
/home/junseokp/workspaces/data/rTea-simul/ref/hg38/Homo_sapiens_assembly38.fasta : chr # 1324  "chrUn_JTFH01000482v1_decoy" chrStart: 3507748864
/home/junseokp/workspaces/data/rTea-simul/ref/hg38/Homo_sapiens_assembly38.fasta : chr # 1325  "chrUn_JTFH01000483v1_decoy" chrStart: 3508011008
/home/junseokp/workspaces/data/rTea-simul/ref/hg38/Homo_sapiens_assembly38.fasta : chr # 1326  "chrUn_JTFH01000484v1_decoy" chrStart: 3508273152
/home/junseokp/workspaces/data/rTea-simul/ref/hg38/Homo_sapiens_assembly38.fasta : chr # 1327  "chrUn_JTFH01000485v1_decoy" chrStart: 3508535296
/home/junseokp/workspaces/data/rTea-simul/ref/hg38/Homo_sapiens_assembly38.fasta : chr # 1328  "chrUn_JTFH01000486v1_decoy" chrStart: 3508797440
/home/junseokp/workspaces/data/rTea-simul/ref/hg38/Homo_sapiens_assembly38.fasta : chr # 1329  "chrUn_JTFH01000487v1_decoy" chrStart: 3509059584
/home/junseokp/workspaces/data/rTea-simul/ref/hg38/Homo_sapiens_assembly38.fasta : chr # 1330  "chrUn_JTFH01000488v1_decoy" chrStart: 3509321728
/home/junseokp/workspaces/data/rTea-simul/ref/hg38/Homo_sapiens_assembly38.fasta : chr # 1331  "chrUn_JTFH01000489v1_decoy" chrStart: 3509583872
/home/junseokp/workspaces/data/rTea-simul/ref/hg38/Homo_sapiens_assembly38.fasta : chr # 1332  "chrUn_JTFH01000490v1_decoy" chrStart: 3509846016
/home/junseokp/workspaces/data/rTea-simul/ref/hg38/Homo_sapiens_assembly38.fasta : chr # 1333  "chrUn_JTFH01000491v1_decoy" chrStart: 3510108160
/home/junseokp/workspaces/data/rTea-simul/ref/hg38/Homo_sapiens_assembly38.fasta : chr # 1334  "chrUn_JTFH01000492v1_decoy" chrStart: 3510370304
/home/junseokp/workspaces/data/rTea-simul/ref/hg38/Homo_sapiens_assembly38.fasta : chr # 1335  "chrUn_JTFH01000493v1_decoy" chrStart: 3510632448
/home/junseokp/workspaces/data/rTea-simul/ref/hg38/Homo_sapiens_assembly38.fasta : chr # 1336  "chrUn_JTFH01000494v1_decoy" chrStart: 3510894592
/home/junseokp/workspaces/data/rTea-simul/ref/hg38/Homo_sapiens_assembly38.fasta : chr # 1337  "chrUn_JTFH01000495v1_decoy" chrStart: 3511156736
/home/junseokp/workspaces/data/rTea-simul/ref/hg38/Homo_sapiens_assembly38.fasta : chr # 1338  "chrUn_JTFH01000496v1_decoy" chrStart: 3511418880
/home/junseokp/workspaces/data/rTea-simul/ref/hg38/Homo_sapiens_assembly38.fasta : chr # 1339  "chrUn_JTFH01000497v1_decoy" chrStart: 3511681024
/home/junseokp/workspaces/data/rTea-simul/ref/hg38/Homo_sapiens_assembly38.fasta : chr # 1340  "chrUn_JTFH01000498v1_decoy" chrStart: 3511943168
/home/junseokp/workspaces/data/rTea-simul/ref/hg38/Homo_sapiens_assembly38.fasta : chr # 1341  "chrUn_JTFH01000499v1_decoy" chrStart: 3512205312
/home/junseokp/workspaces/data/rTea-simul/ref/hg38/Homo_sapiens_assembly38.fasta : chr # 1342  "chrUn_JTFH01000500v1_decoy" chrStart: 3512467456
/home/junseokp/workspaces/data/rTea-simul/ref/hg38/Homo_sapiens_assembly38.fasta : chr # 1343  "chrUn_JTFH01000501v1_decoy" chrStart: 3512729600
/home/junseokp/workspaces/data/rTea-simul/ref/hg38/Homo_sapiens_assembly38.fasta : chr # 1344  "chrUn_JTFH01000502v1_decoy" chrStart: 3512991744
/home/junseokp/workspaces/data/rTea-simul/ref/hg38/Homo_sapiens_assembly38.fasta : chr # 1345  "chrUn_JTFH01000503v1_decoy" chrStart: 3513253888
/home/junseokp/workspaces/data/rTea-simul/ref/hg38/Homo_sapiens_assembly38.fasta : chr # 1346  "chrUn_JTFH01000504v1_decoy" chrStart: 3513516032
/home/junseokp/workspaces/data/rTea-simul/ref/hg38/Homo_sapiens_assembly38.fasta : chr # 1347  "chrUn_JTFH01000505v1_decoy" chrStart: 3513778176
/home/junseokp/workspaces/data/rTea-simul/ref/hg38/Homo_sapiens_assembly38.fasta : chr # 1348  "chrUn_JTFH01000506v1_decoy" chrStart: 3514040320
/home/junseokp/workspaces/data/rTea-simul/ref/hg38/Homo_sapiens_assembly38.fasta : chr # 1349  "chrUn_JTFH01000507v1_decoy" chrStart: 3514302464
/home/junseokp/workspaces/data/rTea-simul/ref/hg38/Homo_sapiens_assembly38.fasta : chr # 1350  "chrUn_JTFH01000508v1_decoy" chrStart: 3514564608
/home/junseokp/workspaces/data/rTea-simul/ref/hg38/Homo_sapiens_assembly38.fasta : chr # 1351  "chrUn_JTFH01000509v1_decoy" chrStart: 3514826752
/home/junseokp/workspaces/data/rTea-simul/ref/hg38/Homo_sapiens_assembly38.fasta : chr # 1352  "chrUn_JTFH01000510v1_decoy" chrStart: 3515088896
/home/junseokp/workspaces/data/rTea-simul/ref/hg38/Homo_sapiens_assembly38.fasta : chr # 1353  "chrUn_JTFH01000511v1_decoy" chrStart: 3515351040
/home/junseokp/workspaces/data/rTea-simul/ref/hg38/Homo_sapiens_assembly38.fasta : chr # 1354  "chrUn_JTFH01000512v1_decoy" chrStart: 3515613184
/home/junseokp/workspaces/data/rTea-simul/ref/hg38/Homo_sapiens_assembly38.fasta : chr # 1355  "chrUn_JTFH01000513v1_decoy" chrStart: 3515875328
/home/junseokp/workspaces/data/rTea-simul/ref/hg38/Homo_sapiens_assembly38.fasta : chr # 1356  "chrUn_JTFH01000514v1_decoy" chrStart: 3516137472
/home/junseokp/workspaces/data/rTea-simul/ref/hg38/Homo_sapiens_assembly38.fasta : chr # 1357  "chrUn_JTFH01000515v1_decoy" chrStart: 3516399616
/home/junseokp/workspaces/data/rTea-simul/ref/hg38/Homo_sapiens_assembly38.fasta : chr # 1358  "chrUn_JTFH01000516v1_decoy" chrStart: 3516661760
/home/junseokp/workspaces/data/rTea-simul/ref/hg38/Homo_sapiens_assembly38.fasta : chr # 1359  "chrUn_JTFH01000517v1_decoy" chrStart: 3516923904
/home/junseokp/workspaces/data/rTea-simul/ref/hg38/Homo_sapiens_assembly38.fasta : chr # 1360  "chrUn_JTFH01000518v1_decoy" chrStart: 3517186048
/home/junseokp/workspaces/data/rTea-simul/ref/hg38/Homo_sapiens_assembly38.fasta : chr # 1361  "chrUn_JTFH01000519v1_decoy" chrStart: 3517448192
/home/junseokp/workspaces/data/rTea-simul/ref/hg38/Homo_sapiens_assembly38.fasta : chr # 1362  "chrUn_JTFH01000520v1_decoy" chrStart: 3517710336
/home/junseokp/workspaces/data/rTea-simul/ref/hg38/Homo_sapiens_assembly38.fasta : chr # 1363  "chrUn_JTFH01000521v1_decoy" chrStart: 3517972480
/home/junseokp/workspaces/data/rTea-simul/ref/hg38/Homo_sapiens_assembly38.fasta : chr # 1364  "chrUn_JTFH01000522v1_decoy" chrStart: 3518234624
/home/junseokp/workspaces/data/rTea-simul/ref/hg38/Homo_sapiens_assembly38.fasta : chr # 1365  "chrUn_JTFH01000523v1_decoy" chrStart: 3518496768
/home/junseokp/workspaces/data/rTea-simul/ref/hg38/Homo_sapiens_assembly38.fasta : chr # 1366  "chrUn_JTFH01000524v1_decoy" chrStart: 3518758912
/home/junseokp/workspaces/data/rTea-simul/ref/hg38/Homo_sapiens_assembly38.fasta : chr # 1367  "chrUn_JTFH01000525v1_decoy" chrStart: 3519021056
/home/junseokp/workspaces/data/rTea-simul/ref/hg38/Homo_sapiens_assembly38.fasta : chr # 1368  "chrUn_JTFH01000526v1_decoy" chrStart: 3519283200
/home/junseokp/workspaces/data/rTea-simul/ref/hg38/Homo_sapiens_assembly38.fasta : chr # 1369  "chrUn_JTFH01000527v1_decoy" chrStart: 3519545344
/home/junseokp/workspaces/data/rTea-simul/ref/hg38/Homo_sapiens_assembly38.fasta : chr # 1370  "chrUn_JTFH01000528v1_decoy" chrStart: 3519807488
/home/junseokp/workspaces/data/rTea-simul/ref/hg38/Homo_sapiens_assembly38.fasta : chr # 1371  "chrUn_JTFH01000529v1_decoy" chrStart: 3520069632
/home/junseokp/workspaces/data/rTea-simul/ref/hg38/Homo_sapiens_assembly38.fasta : chr # 1372  "chrUn_JTFH01000530v1_decoy" chrStart: 3520331776
/home/junseokp/workspaces/data/rTea-simul/ref/hg38/Homo_sapiens_assembly38.fasta : chr # 1373  "chrUn_JTFH01000531v1_decoy" chrStart: 3520593920
/home/junseokp/workspaces/data/rTea-simul/ref/hg38/Homo_sapiens_assembly38.fasta : chr # 1374  "chrUn_JTFH01000532v1_decoy" chrStart: 3520856064
/home/junseokp/workspaces/data/rTea-simul/ref/hg38/Homo_sapiens_assembly38.fasta : chr # 1375  "chrUn_JTFH01000533v1_decoy" chrStart: 3521118208
/home/junseokp/workspaces/data/rTea-simul/ref/hg38/Homo_sapiens_assembly38.fasta : chr # 1376  "chrUn_JTFH01000534v1_decoy" chrStart: 3521380352
/home/junseokp/workspaces/data/rTea-simul/ref/hg38/Homo_sapiens_assembly38.fasta : chr # 1377  "chrUn_JTFH01000535v1_decoy" chrStart: 3521642496
/home/junseokp/workspaces/data/rTea-simul/ref/hg38/Homo_sapiens_assembly38.fasta : chr # 1378  "chrUn_JTFH01000536v1_decoy" chrStart: 3521904640
/home/junseokp/workspaces/data/rTea-simul/ref/hg38/Homo_sapiens_assembly38.fasta : chr # 1379  "chrUn_JTFH01000537v1_decoy" chrStart: 3522166784
/home/junseokp/workspaces/data/rTea-simul/ref/hg38/Homo_sapiens_assembly38.fasta : chr # 1380  "chrUn_JTFH01000538v1_decoy" chrStart: 3522428928
/home/junseokp/workspaces/data/rTea-simul/ref/hg38/Homo_sapiens_assembly38.fasta : chr # 1381  "chrUn_JTFH01000539v1_decoy" chrStart: 3522691072
/home/junseokp/workspaces/data/rTea-simul/ref/hg38/Homo_sapiens_assembly38.fasta : chr # 1382  "chrUn_JTFH01000540v1_decoy" chrStart: 3522953216
/home/junseokp/workspaces/data/rTea-simul/ref/hg38/Homo_sapiens_assembly38.fasta : chr # 1383  "chrUn_JTFH01000541v1_decoy" chrStart: 3523215360
/home/junseokp/workspaces/data/rTea-simul/ref/hg38/Homo_sapiens_assembly38.fasta : chr # 1384  "chrUn_JTFH01000542v1_decoy" chrStart: 3523477504
/home/junseokp/workspaces/data/rTea-simul/ref/hg38/Homo_sapiens_assembly38.fasta : chr # 1385  "chrUn_JTFH01000543v1_decoy" chrStart: 3523739648
/home/junseokp/workspaces/data/rTea-simul/ref/hg38/Homo_sapiens_assembly38.fasta : chr # 1386  "chrUn_JTFH01000544v1_decoy" chrStart: 3524001792
/home/junseokp/workspaces/data/rTea-simul/ref/hg38/Homo_sapiens_assembly38.fasta : chr # 1387  "chrUn_JTFH01000545v1_decoy" chrStart: 3524263936
/home/junseokp/workspaces/data/rTea-simul/ref/hg38/Homo_sapiens_assembly38.fasta : chr # 1388  "chrUn_JTFH01000546v1_decoy" chrStart: 3524526080
/home/junseokp/workspaces/data/rTea-simul/ref/hg38/Homo_sapiens_assembly38.fasta : chr # 1389  "chrUn_JTFH01000547v1_decoy" chrStart: 3524788224
/home/junseokp/workspaces/data/rTea-simul/ref/hg38/Homo_sapiens_assembly38.fasta : chr # 1390  "chrUn_JTFH01000548v1_decoy" chrStart: 3525050368
/home/junseokp/workspaces/data/rTea-simul/ref/hg38/Homo_sapiens_assembly38.fasta : chr # 1391  "chrUn_JTFH01000549v1_decoy" chrStart: 3525312512
/home/junseokp/workspaces/data/rTea-simul/ref/hg38/Homo_sapiens_assembly38.fasta : chr # 1392  "chrUn_JTFH01000550v1_decoy" chrStart: 3525574656
/home/junseokp/workspaces/data/rTea-simul/ref/hg38/Homo_sapiens_assembly38.fasta : chr # 1393  "chrUn_JTFH01000551v1_decoy" chrStart: 3525836800
/home/junseokp/workspaces/data/rTea-simul/ref/hg38/Homo_sapiens_assembly38.fasta : chr # 1394  "chrUn_JTFH01000552v1_decoy" chrStart: 3526098944
/home/junseokp/workspaces/data/rTea-simul/ref/hg38/Homo_sapiens_assembly38.fasta : chr # 1395  "chrUn_JTFH01000553v1_decoy" chrStart: 3526361088
/home/junseokp/workspaces/data/rTea-simul/ref/hg38/Homo_sapiens_assembly38.fasta : chr # 1396  "chrUn_JTFH01000554v1_decoy" chrStart: 3526623232
/home/junseokp/workspaces/data/rTea-simul/ref/hg38/Homo_sapiens_assembly38.fasta : chr # 1397  "chrUn_JTFH01000555v1_decoy" chrStart: 3526885376
/home/junseokp/workspaces/data/rTea-simul/ref/hg38/Homo_sapiens_assembly38.fasta : chr # 1398  "chrUn_JTFH01000556v1_decoy" chrStart: 3527147520
/home/junseokp/workspaces/data/rTea-simul/ref/hg38/Homo_sapiens_assembly38.fasta : chr # 1399  "chrUn_JTFH01000557v1_decoy" chrStart: 3527409664
/home/junseokp/workspaces/data/rTea-simul/ref/hg38/Homo_sapiens_assembly38.fasta : chr # 1400  "chrUn_JTFH01000558v1_decoy" chrStart: 3527671808
/home/junseokp/workspaces/data/rTea-simul/ref/hg38/Homo_sapiens_assembly38.fasta : chr # 1401  "chrUn_JTFH01000559v1_decoy" chrStart: 3527933952
/home/junseokp/workspaces/data/rTea-simul/ref/hg38/Homo_sapiens_assembly38.fasta : chr # 1402  "chrUn_JTFH01000560v1_decoy" chrStart: 3528196096
/home/junseokp/workspaces/data/rTea-simul/ref/hg38/Homo_sapiens_assembly38.fasta : chr # 1403  "chrUn_JTFH01000561v1_decoy" chrStart: 3528458240
/home/junseokp/workspaces/data/rTea-simul/ref/hg38/Homo_sapiens_assembly38.fasta : chr # 1404  "chrUn_JTFH01000562v1_decoy" chrStart: 3528720384
/home/junseokp/workspaces/data/rTea-simul/ref/hg38/Homo_sapiens_assembly38.fasta : chr # 1405  "chrUn_JTFH01000563v1_decoy" chrStart: 3528982528
/home/junseokp/workspaces/data/rTea-simul/ref/hg38/Homo_sapiens_assembly38.fasta : chr # 1406  "chrUn_JTFH01000564v1_decoy" chrStart: 3529244672
/home/junseokp/workspaces/data/rTea-simul/ref/hg38/Homo_sapiens_assembly38.fasta : chr # 1407  "chrUn_JTFH01000565v1_decoy" chrStart: 3529506816
/home/junseokp/workspaces/data/rTea-simul/ref/hg38/Homo_sapiens_assembly38.fasta : chr # 1408  "chrUn_JTFH01000566v1_decoy" chrStart: 3529768960
/home/junseokp/workspaces/data/rTea-simul/ref/hg38/Homo_sapiens_assembly38.fasta : chr # 1409  "chrUn_JTFH01000567v1_decoy" chrStart: 3530031104
/home/junseokp/workspaces/data/rTea-simul/ref/hg38/Homo_sapiens_assembly38.fasta : chr # 1410  "chrUn_JTFH01000568v1_decoy" chrStart: 3530293248
/home/junseokp/workspaces/data/rTea-simul/ref/hg38/Homo_sapiens_assembly38.fasta : chr # 1411  "chrUn_JTFH01000569v1_decoy" chrStart: 3530555392
/home/junseokp/workspaces/data/rTea-simul/ref/hg38/Homo_sapiens_assembly38.fasta : chr # 1412  "chrUn_JTFH01000570v1_decoy" chrStart: 3530817536
/home/junseokp/workspaces/data/rTea-simul/ref/hg38/Homo_sapiens_assembly38.fasta : chr # 1413  "chrUn_JTFH01000571v1_decoy" chrStart: 3531079680
/home/junseokp/workspaces/data/rTea-simul/ref/hg38/Homo_sapiens_assembly38.fasta : chr # 1414  "chrUn_JTFH01000572v1_decoy" chrStart: 3531341824
/home/junseokp/workspaces/data/rTea-simul/ref/hg38/Homo_sapiens_assembly38.fasta : chr # 1415  "chrUn_JTFH01000573v1_decoy" chrStart: 3531603968
/home/junseokp/workspaces/data/rTea-simul/ref/hg38/Homo_sapiens_assembly38.fasta : chr # 1416  "chrUn_JTFH01000574v1_decoy" chrStart: 3531866112
/home/junseokp/workspaces/data/rTea-simul/ref/hg38/Homo_sapiens_assembly38.fasta : chr # 1417  "chrUn_JTFH01000575v1_decoy" chrStart: 3532128256
/home/junseokp/workspaces/data/rTea-simul/ref/hg38/Homo_sapiens_assembly38.fasta : chr # 1418  "chrUn_JTFH01000576v1_decoy" chrStart: 3532390400
/home/junseokp/workspaces/data/rTea-simul/ref/hg38/Homo_sapiens_assembly38.fasta : chr # 1419  "chrUn_JTFH01000577v1_decoy" chrStart: 3532652544
/home/junseokp/workspaces/data/rTea-simul/ref/hg38/Homo_sapiens_assembly38.fasta : chr # 1420  "chrUn_JTFH01000578v1_decoy" chrStart: 3532914688
/home/junseokp/workspaces/data/rTea-simul/ref/hg38/Homo_sapiens_assembly38.fasta : chr # 1421  "chrUn_JTFH01000579v1_decoy" chrStart: 3533176832
/home/junseokp/workspaces/data/rTea-simul/ref/hg38/Homo_sapiens_assembly38.fasta : chr # 1422  "chrUn_JTFH01000580v1_decoy" chrStart: 3533438976
/home/junseokp/workspaces/data/rTea-simul/ref/hg38/Homo_sapiens_assembly38.fasta : chr # 1423  "chrUn_JTFH01000581v1_decoy" chrStart: 3533701120
/home/junseokp/workspaces/data/rTea-simul/ref/hg38/Homo_sapiens_assembly38.fasta : chr # 1424  "chrUn_JTFH01000582v1_decoy" chrStart: 3533963264
/home/junseokp/workspaces/data/rTea-simul/ref/hg38/Homo_sapiens_assembly38.fasta : chr # 1425  "chrUn_JTFH01000583v1_decoy" chrStart: 3534225408
/home/junseokp/workspaces/data/rTea-simul/ref/hg38/Homo_sapiens_assembly38.fasta : chr # 1426  "chrUn_JTFH01000584v1_decoy" chrStart: 3534487552
/home/junseokp/workspaces/data/rTea-simul/ref/hg38/Homo_sapiens_assembly38.fasta : chr # 1427  "chrUn_JTFH01000585v1_decoy" chrStart: 3534749696
/home/junseokp/workspaces/data/rTea-simul/ref/hg38/Homo_sapiens_assembly38.fasta : chr # 1428  "chrUn_JTFH01000586v1_decoy" chrStart: 3535011840
/home/junseokp/workspaces/data/rTea-simul/ref/hg38/Homo_sapiens_assembly38.fasta : chr # 1429  "chrUn_JTFH01000587v1_decoy" chrStart: 3535273984
/home/junseokp/workspaces/data/rTea-simul/ref/hg38/Homo_sapiens_assembly38.fasta : chr # 1430  "chrUn_JTFH01000588v1_decoy" chrStart: 3535536128
/home/junseokp/workspaces/data/rTea-simul/ref/hg38/Homo_sapiens_assembly38.fasta : chr # 1431  "chrUn_JTFH01000589v1_decoy" chrStart: 3535798272
/home/junseokp/workspaces/data/rTea-simul/ref/hg38/Homo_sapiens_assembly38.fasta : chr # 1432  "chrUn_JTFH01000590v1_decoy" chrStart: 3536060416
/home/junseokp/workspaces/data/rTea-simul/ref/hg38/Homo_sapiens_assembly38.fasta : chr # 1433  "chrUn_JTFH01000591v1_decoy" chrStart: 3536322560
/home/junseokp/workspaces/data/rTea-simul/ref/hg38/Homo_sapiens_assembly38.fasta : chr # 1434  "chrUn_JTFH01000592v1_decoy" chrStart: 3536584704
/home/junseokp/workspaces/data/rTea-simul/ref/hg38/Homo_sapiens_assembly38.fasta : chr # 1435  "chrUn_JTFH01000593v1_decoy" chrStart: 3536846848
/home/junseokp/workspaces/data/rTea-simul/ref/hg38/Homo_sapiens_assembly38.fasta : chr # 1436  "chrUn_JTFH01000594v1_decoy" chrStart: 3537108992
/home/junseokp/workspaces/data/rTea-simul/ref/hg38/Homo_sapiens_assembly38.fasta : chr # 1437  "chrUn_JTFH01000595v1_decoy" chrStart: 3537371136
/home/junseokp/workspaces/data/rTea-simul/ref/hg38/Homo_sapiens_assembly38.fasta : chr # 1438  "chrUn_JTFH01000596v1_decoy" chrStart: 3537633280
/home/junseokp/workspaces/data/rTea-simul/ref/hg38/Homo_sapiens_assembly38.fasta : chr # 1439  "chrUn_JTFH01000597v1_decoy" chrStart: 3537895424
/home/junseokp/workspaces/data/rTea-simul/ref/hg38/Homo_sapiens_assembly38.fasta : chr # 1440  "chrUn_JTFH01000598v1_decoy" chrStart: 3538157568
/home/junseokp/workspaces/data/rTea-simul/ref/hg38/Homo_sapiens_assembly38.fasta : chr # 1441  "chrUn_JTFH01000599v1_decoy" chrStart: 3538419712
/home/junseokp/workspaces/data/rTea-simul/ref/hg38/Homo_sapiens_assembly38.fasta : chr # 1442  "chrUn_JTFH01000600v1_decoy" chrStart: 3538681856
/home/junseokp/workspaces/data/rTea-simul/ref/hg38/Homo_sapiens_assembly38.fasta : chr # 1443  "chrUn_JTFH01000601v1_decoy" chrStart: 3538944000
/home/junseokp/workspaces/data/rTea-simul/ref/hg38/Homo_sapiens_assembly38.fasta : chr # 1444  "chrUn_JTFH01000602v1_decoy" chrStart: 3539206144
/home/junseokp/workspaces/data/rTea-simul/ref/hg38/Homo_sapiens_assembly38.fasta : chr # 1445  "chrUn_JTFH01000603v1_decoy" chrStart: 3539468288
/home/junseokp/workspaces/data/rTea-simul/ref/hg38/Homo_sapiens_assembly38.fasta : chr # 1446  "chrUn_JTFH01000604v1_decoy" chrStart: 3539730432
/home/junseokp/workspaces/data/rTea-simul/ref/hg38/Homo_sapiens_assembly38.fasta : chr # 1447  "chrUn_JTFH01000605v1_decoy" chrStart: 3539992576
/home/junseokp/workspaces/data/rTea-simul/ref/hg38/Homo_sapiens_assembly38.fasta : chr # 1448  "chrUn_JTFH01000606v1_decoy" chrStart: 3540254720
/home/junseokp/workspaces/data/rTea-simul/ref/hg38/Homo_sapiens_assembly38.fasta : chr # 1449  "chrUn_JTFH01000607v1_decoy" chrStart: 3540516864
/home/junseokp/workspaces/data/rTea-simul/ref/hg38/Homo_sapiens_assembly38.fasta : chr # 1450  "chrUn_JTFH01000608v1_decoy" chrStart: 3540779008
/home/junseokp/workspaces/data/rTea-simul/ref/hg38/Homo_sapiens_assembly38.fasta : chr # 1451  "chrUn_JTFH01000609v1_decoy" chrStart: 3541041152
/home/junseokp/workspaces/data/rTea-simul/ref/hg38/Homo_sapiens_assembly38.fasta : chr # 1452  "chrUn_JTFH01000610v1_decoy" chrStart: 3541303296
/home/junseokp/workspaces/data/rTea-simul/ref/hg38/Homo_sapiens_assembly38.fasta : chr # 1453  "chrUn_JTFH01000611v1_decoy" chrStart: 3541565440
/home/junseokp/workspaces/data/rTea-simul/ref/hg38/Homo_sapiens_assembly38.fasta : chr # 1454  "chrUn_JTFH01000612v1_decoy" chrStart: 3541827584
/home/junseokp/workspaces/data/rTea-simul/ref/hg38/Homo_sapiens_assembly38.fasta : chr # 1455  "chrUn_JTFH01000613v1_decoy" chrStart: 3542089728
/home/junseokp/workspaces/data/rTea-simul/ref/hg38/Homo_sapiens_assembly38.fasta : chr # 1456  "chrUn_JTFH01000614v1_decoy" chrStart: 3542351872
/home/junseokp/workspaces/data/rTea-simul/ref/hg38/Homo_sapiens_assembly38.fasta : chr # 1457  "chrUn_JTFH01000615v1_decoy" chrStart: 3542614016
/home/junseokp/workspaces/data/rTea-simul/ref/hg38/Homo_sapiens_assembly38.fasta : chr # 1458  "chrUn_JTFH01000616v1_decoy" chrStart: 3542876160
/home/junseokp/workspaces/data/rTea-simul/ref/hg38/Homo_sapiens_assembly38.fasta : chr # 1459  "chrUn_JTFH01000617v1_decoy" chrStart: 3543138304
/home/junseokp/workspaces/data/rTea-simul/ref/hg38/Homo_sapiens_assembly38.fasta : chr # 1460  "chrUn_JTFH01000618v1_decoy" chrStart: 3543400448
/home/junseokp/workspaces/data/rTea-simul/ref/hg38/Homo_sapiens_assembly38.fasta : chr # 1461  "chrUn_JTFH01000619v1_decoy" chrStart: 3543662592
/home/junseokp/workspaces/data/rTea-simul/ref/hg38/Homo_sapiens_assembly38.fasta : chr # 1462  "chrUn_JTFH01000620v1_decoy" chrStart: 3543924736
/home/junseokp/workspaces/data/rTea-simul/ref/hg38/Homo_sapiens_assembly38.fasta : chr # 1463  "chrUn_JTFH01000621v1_decoy" chrStart: 3544186880
/home/junseokp/workspaces/data/rTea-simul/ref/hg38/Homo_sapiens_assembly38.fasta : chr # 1464  "chrUn_JTFH01000622v1_decoy" chrStart: 3544449024
/home/junseokp/workspaces/data/rTea-simul/ref/hg38/Homo_sapiens_assembly38.fasta : chr # 1465  "chrUn_JTFH01000623v1_decoy" chrStart: 3544711168
/home/junseokp/workspaces/data/rTea-simul/ref/hg38/Homo_sapiens_assembly38.fasta : chr # 1466  "chrUn_JTFH01000624v1_decoy" chrStart: 3544973312
/home/junseokp/workspaces/data/rTea-simul/ref/hg38/Homo_sapiens_assembly38.fasta : chr # 1467  "chrUn_JTFH01000625v1_decoy" chrStart: 3545235456
/home/junseokp/workspaces/data/rTea-simul/ref/hg38/Homo_sapiens_assembly38.fasta : chr # 1468  "chrUn_JTFH01000626v1_decoy" chrStart: 3545497600
/home/junseokp/workspaces/data/rTea-simul/ref/hg38/Homo_sapiens_assembly38.fasta : chr # 1469  "chrUn_JTFH01000627v1_decoy" chrStart: 3545759744
/home/junseokp/workspaces/data/rTea-simul/ref/hg38/Homo_sapiens_assembly38.fasta : chr # 1470  "chrUn_JTFH01000628v1_decoy" chrStart: 3546021888
/home/junseokp/workspaces/data/rTea-simul/ref/hg38/Homo_sapiens_assembly38.fasta : chr # 1471  "chrUn_JTFH01000629v1_decoy" chrStart: 3546284032
/home/junseokp/workspaces/data/rTea-simul/ref/hg38/Homo_sapiens_assembly38.fasta : chr # 1472  "chrUn_JTFH01000630v1_decoy" chrStart: 3546546176
/home/junseokp/workspaces/data/rTea-simul/ref/hg38/Homo_sapiens_assembly38.fasta : chr # 1473  "chrUn_JTFH01000631v1_decoy" chrStart: 3546808320
/home/junseokp/workspaces/data/rTea-simul/ref/hg38/Homo_sapiens_assembly38.fasta : chr # 1474  "chrUn_JTFH01000632v1_decoy" chrStart: 3547070464
/home/junseokp/workspaces/data/rTea-simul/ref/hg38/Homo_sapiens_assembly38.fasta : chr # 1475  "chrUn_JTFH01000633v1_decoy" chrStart: 3547332608
/home/junseokp/workspaces/data/rTea-simul/ref/hg38/Homo_sapiens_assembly38.fasta : chr # 1476  "chrUn_JTFH01000634v1_decoy" chrStart: 3547594752
/home/junseokp/workspaces/data/rTea-simul/ref/hg38/Homo_sapiens_assembly38.fasta : chr # 1477  "chrUn_JTFH01000635v1_decoy" chrStart: 3547856896
/home/junseokp/workspaces/data/rTea-simul/ref/hg38/Homo_sapiens_assembly38.fasta : chr # 1478  "chrUn_JTFH01000636v1_decoy" chrStart: 3548119040
/home/junseokp/workspaces/data/rTea-simul/ref/hg38/Homo_sapiens_assembly38.fasta : chr # 1479  "chrUn_JTFH01000637v1_decoy" chrStart: 3548381184
/home/junseokp/workspaces/data/rTea-simul/ref/hg38/Homo_sapiens_assembly38.fasta : chr # 1480  "chrUn_JTFH01000638v1_decoy" chrStart: 3548643328
/home/junseokp/workspaces/data/rTea-simul/ref/hg38/Homo_sapiens_assembly38.fasta : chr # 1481  "chrUn_JTFH01000639v1_decoy" chrStart: 3548905472
/home/junseokp/workspaces/data/rTea-simul/ref/hg38/Homo_sapiens_assembly38.fasta : chr # 1482  "chrUn_JTFH01000640v1_decoy" chrStart: 3549167616
/home/junseokp/workspaces/data/rTea-simul/ref/hg38/Homo_sapiens_assembly38.fasta : chr # 1483  "chrUn_JTFH01000641v1_decoy" chrStart: 3549429760
/home/junseokp/workspaces/data/rTea-simul/ref/hg38/Homo_sapiens_assembly38.fasta : chr # 1484  "chrUn_JTFH01000642v1_decoy" chrStart: 3549691904
/home/junseokp/workspaces/data/rTea-simul/ref/hg38/Homo_sapiens_assembly38.fasta : chr # 1485  "chrUn_JTFH01000643v1_decoy" chrStart: 3549954048
/home/junseokp/workspaces/data/rTea-simul/ref/hg38/Homo_sapiens_assembly38.fasta : chr # 1486  "chrUn_JTFH01000644v1_decoy" chrStart: 3550216192
/home/junseokp/workspaces/data/rTea-simul/ref/hg38/Homo_sapiens_assembly38.fasta : chr # 1487  "chrUn_JTFH01000645v1_decoy" chrStart: 3550478336
/home/junseokp/workspaces/data/rTea-simul/ref/hg38/Homo_sapiens_assembly38.fasta : chr # 1488  "chrUn_JTFH01000646v1_decoy" chrStart: 3550740480
/home/junseokp/workspaces/data/rTea-simul/ref/hg38/Homo_sapiens_assembly38.fasta : chr # 1489  "chrUn_JTFH01000647v1_decoy" chrStart: 3551002624
/home/junseokp/workspaces/data/rTea-simul/ref/hg38/Homo_sapiens_assembly38.fasta : chr # 1490  "chrUn_JTFH01000648v1_decoy" chrStart: 3551264768
/home/junseokp/workspaces/data/rTea-simul/ref/hg38/Homo_sapiens_assembly38.fasta : chr # 1491  "chrUn_JTFH01000649v1_decoy" chrStart: 3551526912
/home/junseokp/workspaces/data/rTea-simul/ref/hg38/Homo_sapiens_assembly38.fasta : chr # 1492  "chrUn_JTFH01000650v1_decoy" chrStart: 3551789056
/home/junseokp/workspaces/data/rTea-simul/ref/hg38/Homo_sapiens_assembly38.fasta : chr # 1493  "chrUn_JTFH01000651v1_decoy" chrStart: 3552051200
/home/junseokp/workspaces/data/rTea-simul/ref/hg38/Homo_sapiens_assembly38.fasta : chr # 1494  "chrUn_JTFH01000652v1_decoy" chrStart: 3552313344
/home/junseokp/workspaces/data/rTea-simul/ref/hg38/Homo_sapiens_assembly38.fasta : chr # 1495  "chrUn_JTFH01000653v1_decoy" chrStart: 3552575488
/home/junseokp/workspaces/data/rTea-simul/ref/hg38/Homo_sapiens_assembly38.fasta : chr # 1496  "chrUn_JTFH01000654v1_decoy" chrStart: 3552837632
/home/junseokp/workspaces/data/rTea-simul/ref/hg38/Homo_sapiens_assembly38.fasta : chr # 1497  "chrUn_JTFH01000655v1_decoy" chrStart: 3553099776
/home/junseokp/workspaces/data/rTea-simul/ref/hg38/Homo_sapiens_assembly38.fasta : chr # 1498  "chrUn_JTFH01000656v1_decoy" chrStart: 3553361920
/home/junseokp/workspaces/data/rTea-simul/ref/hg38/Homo_sapiens_assembly38.fasta : chr # 1499  "chrUn_JTFH01000657v1_decoy" chrStart: 3553624064
/home/junseokp/workspaces/data/rTea-simul/ref/hg38/Homo_sapiens_assembly38.fasta : chr # 1500  "chrUn_JTFH01000658v1_decoy" chrStart: 3553886208
/home/junseokp/workspaces/data/rTea-simul/ref/hg38/Homo_sapiens_assembly38.fasta : chr # 1501  "chrUn_JTFH01000659v1_decoy" chrStart: 3554148352
/home/junseokp/workspaces/data/rTea-simul/ref/hg38/Homo_sapiens_assembly38.fasta : chr # 1502  "chrUn_JTFH01000660v1_decoy" chrStart: 3554410496
/home/junseokp/workspaces/data/rTea-simul/ref/hg38/Homo_sapiens_assembly38.fasta : chr # 1503  "chrUn_JTFH01000661v1_decoy" chrStart: 3554672640
/home/junseokp/workspaces/data/rTea-simul/ref/hg38/Homo_sapiens_assembly38.fasta : chr # 1504  "chrUn_JTFH01000662v1_decoy" chrStart: 3554934784
/home/junseokp/workspaces/data/rTea-simul/ref/hg38/Homo_sapiens_assembly38.fasta : chr # 1505  "chrUn_JTFH01000663v1_decoy" chrStart: 3555196928
/home/junseokp/workspaces/data/rTea-simul/ref/hg38/Homo_sapiens_assembly38.fasta : chr # 1506  "chrUn_JTFH01000664v1_decoy" chrStart: 3555459072
/home/junseokp/workspaces/data/rTea-simul/ref/hg38/Homo_sapiens_assembly38.fasta : chr # 1507  "chrUn_JTFH01000665v1_decoy" chrStart: 3555721216
/home/junseokp/workspaces/data/rTea-simul/ref/hg38/Homo_sapiens_assembly38.fasta : chr # 1508  "chrUn_JTFH01000666v1_decoy" chrStart: 3555983360
/home/junseokp/workspaces/data/rTea-simul/ref/hg38/Homo_sapiens_assembly38.fasta : chr # 1509  "chrUn_JTFH01000667v1_decoy" chrStart: 3556245504
/home/junseokp/workspaces/data/rTea-simul/ref/hg38/Homo_sapiens_assembly38.fasta : chr # 1510  "chrUn_JTFH01000668v1_decoy" chrStart: 3556507648
/home/junseokp/workspaces/data/rTea-simul/ref/hg38/Homo_sapiens_assembly38.fasta : chr # 1511  "chrUn_JTFH01000669v1_decoy" chrStart: 3556769792
/home/junseokp/workspaces/data/rTea-simul/ref/hg38/Homo_sapiens_assembly38.fasta : chr # 1512  "chrUn_JTFH01000670v1_decoy" chrStart: 3557031936
/home/junseokp/workspaces/data/rTea-simul/ref/hg38/Homo_sapiens_assembly38.fasta : chr # 1513  "chrUn_JTFH01000671v1_decoy" chrStart: 3557294080
/home/junseokp/workspaces/data/rTea-simul/ref/hg38/Homo_sapiens_assembly38.fasta : chr # 1514  "chrUn_JTFH01000672v1_decoy" chrStart: 3557556224
/home/junseokp/workspaces/data/rTea-simul/ref/hg38/Homo_sapiens_assembly38.fasta : chr # 1515  "chrUn_JTFH01000673v1_decoy" chrStart: 3557818368
/home/junseokp/workspaces/data/rTea-simul/ref/hg38/Homo_sapiens_assembly38.fasta : chr # 1516  "chrUn_JTFH01000674v1_decoy" chrStart: 3558080512
/home/junseokp/workspaces/data/rTea-simul/ref/hg38/Homo_sapiens_assembly38.fasta : chr # 1517  "chrUn_JTFH01000675v1_decoy" chrStart: 3558342656
/home/junseokp/workspaces/data/rTea-simul/ref/hg38/Homo_sapiens_assembly38.fasta : chr # 1518  "chrUn_JTFH01000676v1_decoy" chrStart: 3558604800
/home/junseokp/workspaces/data/rTea-simul/ref/hg38/Homo_sapiens_assembly38.fasta : chr # 1519  "chrUn_JTFH01000677v1_decoy" chrStart: 3558866944
/home/junseokp/workspaces/data/rTea-simul/ref/hg38/Homo_sapiens_assembly38.fasta : chr # 1520  "chrUn_JTFH01000678v1_decoy" chrStart: 3559129088
/home/junseokp/workspaces/data/rTea-simul/ref/hg38/Homo_sapiens_assembly38.fasta : chr # 1521  "chrUn_JTFH01000679v1_decoy" chrStart: 3559391232
/home/junseokp/workspaces/data/rTea-simul/ref/hg38/Homo_sapiens_assembly38.fasta : chr # 1522  "chrUn_JTFH01000680v1_decoy" chrStart: 3559653376
/home/junseokp/workspaces/data/rTea-simul/ref/hg38/Homo_sapiens_assembly38.fasta : chr # 1523  "chrUn_JTFH01000681v1_decoy" chrStart: 3559915520
/home/junseokp/workspaces/data/rTea-simul/ref/hg38/Homo_sapiens_assembly38.fasta : chr # 1524  "chrUn_JTFH01000682v1_decoy" chrStart: 3560177664
/home/junseokp/workspaces/data/rTea-simul/ref/hg38/Homo_sapiens_assembly38.fasta : chr # 1525  "chrUn_JTFH01000683v1_decoy" chrStart: 3560439808
/home/junseokp/workspaces/data/rTea-simul/ref/hg38/Homo_sapiens_assembly38.fasta : chr # 1526  "chrUn_JTFH01000684v1_decoy" chrStart: 3560701952
/home/junseokp/workspaces/data/rTea-simul/ref/hg38/Homo_sapiens_assembly38.fasta : chr # 1527  "chrUn_JTFH01000685v1_decoy" chrStart: 3560964096
/home/junseokp/workspaces/data/rTea-simul/ref/hg38/Homo_sapiens_assembly38.fasta : chr # 1528  "chrUn_JTFH01000686v1_decoy" chrStart: 3561226240
/home/junseokp/workspaces/data/rTea-simul/ref/hg38/Homo_sapiens_assembly38.fasta : chr # 1529  "chrUn_JTFH01000687v1_decoy" chrStart: 3561488384
/home/junseokp/workspaces/data/rTea-simul/ref/hg38/Homo_sapiens_assembly38.fasta : chr # 1530  "chrUn_JTFH01000688v1_decoy" chrStart: 3561750528
/home/junseokp/workspaces/data/rTea-simul/ref/hg38/Homo_sapiens_assembly38.fasta : chr # 1531  "chrUn_JTFH01000689v1_decoy" chrStart: 3562012672
/home/junseokp/workspaces/data/rTea-simul/ref/hg38/Homo_sapiens_assembly38.fasta : chr # 1532  "chrUn_JTFH01000690v1_decoy" chrStart: 3562274816
/home/junseokp/workspaces/data/rTea-simul/ref/hg38/Homo_sapiens_assembly38.fasta : chr # 1533  "chrUn_JTFH01000691v1_decoy" chrStart: 3562536960
/home/junseokp/workspaces/data/rTea-simul/ref/hg38/Homo_sapiens_assembly38.fasta : chr # 1534  "chrUn_JTFH01000692v1_decoy" chrStart: 3562799104
/home/junseokp/workspaces/data/rTea-simul/ref/hg38/Homo_sapiens_assembly38.fasta : chr # 1535  "chrUn_JTFH01000693v1_decoy" chrStart: 3563061248
/home/junseokp/workspaces/data/rTea-simul/ref/hg38/Homo_sapiens_assembly38.fasta : chr # 1536  "chrUn_JTFH01000694v1_decoy" chrStart: 3563323392
/home/junseokp/workspaces/data/rTea-simul/ref/hg38/Homo_sapiens_assembly38.fasta : chr # 1537  "chrUn_JTFH01000695v1_decoy" chrStart: 3563585536
/home/junseokp/workspaces/data/rTea-simul/ref/hg38/Homo_sapiens_assembly38.fasta : chr # 1538  "chrUn_JTFH01000696v1_decoy" chrStart: 3563847680
/home/junseokp/workspaces/data/rTea-simul/ref/hg38/Homo_sapiens_assembly38.fasta : chr # 1539  "chrUn_JTFH01000697v1_decoy" chrStart: 3564109824
/home/junseokp/workspaces/data/rTea-simul/ref/hg38/Homo_sapiens_assembly38.fasta : chr # 1540  "chrUn_JTFH01000698v1_decoy" chrStart: 3564371968
/home/junseokp/workspaces/data/rTea-simul/ref/hg38/Homo_sapiens_assembly38.fasta : chr # 1541  "chrUn_JTFH01000699v1_decoy" chrStart: 3564634112
/home/junseokp/workspaces/data/rTea-simul/ref/hg38/Homo_sapiens_assembly38.fasta : chr # 1542  "chrUn_JTFH01000700v1_decoy" chrStart: 3564896256
/home/junseokp/workspaces/data/rTea-simul/ref/hg38/Homo_sapiens_assembly38.fasta : chr # 1543  "chrUn_JTFH01000701v1_decoy" chrStart: 3565158400
/home/junseokp/workspaces/data/rTea-simul/ref/hg38/Homo_sapiens_assembly38.fasta : chr # 1544  "chrUn_JTFH01000702v1_decoy" chrStart: 3565420544
/home/junseokp/workspaces/data/rTea-simul/ref/hg38/Homo_sapiens_assembly38.fasta : chr # 1545  "chrUn_JTFH01000703v1_decoy" chrStart: 3565682688
/home/junseokp/workspaces/data/rTea-simul/ref/hg38/Homo_sapiens_assembly38.fasta : chr # 1546  "chrUn_JTFH01000704v1_decoy" chrStart: 3565944832
/home/junseokp/workspaces/data/rTea-simul/ref/hg38/Homo_sapiens_assembly38.fasta : chr # 1547  "chrUn_JTFH01000705v1_decoy" chrStart: 3566206976
/home/junseokp/workspaces/data/rTea-simul/ref/hg38/Homo_sapiens_assembly38.fasta : chr # 1548  "chrUn_JTFH01000706v1_decoy" chrStart: 3566469120
/home/junseokp/workspaces/data/rTea-simul/ref/hg38/Homo_sapiens_assembly38.fasta : chr # 1549  "chrUn_JTFH01000707v1_decoy" chrStart: 3566731264
/home/junseokp/workspaces/data/rTea-simul/ref/hg38/Homo_sapiens_assembly38.fasta : chr # 1550  "chrUn_JTFH01000708v1_decoy" chrStart: 3566993408
/home/junseokp/workspaces/data/rTea-simul/ref/hg38/Homo_sapiens_assembly38.fasta : chr # 1551  "chrUn_JTFH01000709v1_decoy" chrStart: 3567255552
/home/junseokp/workspaces/data/rTea-simul/ref/hg38/Homo_sapiens_assembly38.fasta : chr # 1552  "chrUn_JTFH01000710v1_decoy" chrStart: 3567517696
/home/junseokp/workspaces/data/rTea-simul/ref/hg38/Homo_sapiens_assembly38.fasta : chr # 1553  "chrUn_JTFH01000711v1_decoy" chrStart: 3567779840
/home/junseokp/workspaces/data/rTea-simul/ref/hg38/Homo_sapiens_assembly38.fasta : chr # 1554  "chrUn_JTFH01000712v1_decoy" chrStart: 3568041984
/home/junseokp/workspaces/data/rTea-simul/ref/hg38/Homo_sapiens_assembly38.fasta : chr # 1555  "chrUn_JTFH01000713v1_decoy" chrStart: 3568304128
/home/junseokp/workspaces/data/rTea-simul/ref/hg38/Homo_sapiens_assembly38.fasta : chr # 1556  "chrUn_JTFH01000714v1_decoy" chrStart: 3568566272
/home/junseokp/workspaces/data/rTea-simul/ref/hg38/Homo_sapiens_assembly38.fasta : chr # 1557  "chrUn_JTFH01000715v1_decoy" chrStart: 3568828416
/home/junseokp/workspaces/data/rTea-simul/ref/hg38/Homo_sapiens_assembly38.fasta : chr # 1558  "chrUn_JTFH01000716v1_decoy" chrStart: 3569090560
/home/junseokp/workspaces/data/rTea-simul/ref/hg38/Homo_sapiens_assembly38.fasta : chr # 1559  "chrUn_JTFH01000717v1_decoy" chrStart: 3569352704
/home/junseokp/workspaces/data/rTea-simul/ref/hg38/Homo_sapiens_assembly38.fasta : chr # 1560  "chrUn_JTFH01000718v1_decoy" chrStart: 3569614848
/home/junseokp/workspaces/data/rTea-simul/ref/hg38/Homo_sapiens_assembly38.fasta : chr # 1561  "chrUn_JTFH01000719v1_decoy" chrStart: 3569876992
/home/junseokp/workspaces/data/rTea-simul/ref/hg38/Homo_sapiens_assembly38.fasta : chr # 1562  "chrUn_JTFH01000720v1_decoy" chrStart: 3570139136
/home/junseokp/workspaces/data/rTea-simul/ref/hg38/Homo_sapiens_assembly38.fasta : chr # 1563  "chrUn_JTFH01000721v1_decoy" chrStart: 3570401280
/home/junseokp/workspaces/data/rTea-simul/ref/hg38/Homo_sapiens_assembly38.fasta : chr # 1564  "chrUn_JTFH01000722v1_decoy" chrStart: 3570663424
/home/junseokp/workspaces/data/rTea-simul/ref/hg38/Homo_sapiens_assembly38.fasta : chr # 1565  "chrUn_JTFH01000723v1_decoy" chrStart: 3570925568
/home/junseokp/workspaces/data/rTea-simul/ref/hg38/Homo_sapiens_assembly38.fasta : chr # 1566  "chrUn_JTFH01000724v1_decoy" chrStart: 3571187712
/home/junseokp/workspaces/data/rTea-simul/ref/hg38/Homo_sapiens_assembly38.fasta : chr # 1567  "chrUn_JTFH01000725v1_decoy" chrStart: 3571449856
/home/junseokp/workspaces/data/rTea-simul/ref/hg38/Homo_sapiens_assembly38.fasta : chr # 1568  "chrUn_JTFH01000726v1_decoy" chrStart: 3571712000
/home/junseokp/workspaces/data/rTea-simul/ref/hg38/Homo_sapiens_assembly38.fasta : chr # 1569  "chrUn_JTFH01000727v1_decoy" chrStart: 3571974144
/home/junseokp/workspaces/data/rTea-simul/ref/hg38/Homo_sapiens_assembly38.fasta : chr # 1570  "chrUn_JTFH01000728v1_decoy" chrStart: 3572236288
/home/junseokp/workspaces/data/rTea-simul/ref/hg38/Homo_sapiens_assembly38.fasta : chr # 1571  "chrUn_JTFH01000729v1_decoy" chrStart: 3572498432
/home/junseokp/workspaces/data/rTea-simul/ref/hg38/Homo_sapiens_assembly38.fasta : chr # 1572  "chrUn_JTFH01000730v1_decoy" chrStart: 3572760576
/home/junseokp/workspaces/data/rTea-simul/ref/hg38/Homo_sapiens_assembly38.fasta : chr # 1573  "chrUn_JTFH01000731v1_decoy" chrStart: 3573022720
/home/junseokp/workspaces/data/rTea-simul/ref/hg38/Homo_sapiens_assembly38.fasta : chr # 1574  "chrUn_JTFH01000732v1_decoy" chrStart: 3573284864
/home/junseokp/workspaces/data/rTea-simul/ref/hg38/Homo_sapiens_assembly38.fasta : chr # 1575  "chrUn_JTFH01000733v1_decoy" chrStart: 3573547008
/home/junseokp/workspaces/data/rTea-simul/ref/hg38/Homo_sapiens_assembly38.fasta : chr # 1576  "chrUn_JTFH01000734v1_decoy" chrStart: 3573809152
/home/junseokp/workspaces/data/rTea-simul/ref/hg38/Homo_sapiens_assembly38.fasta : chr # 1577  "chrUn_JTFH01000735v1_decoy" chrStart: 3574071296
/home/junseokp/workspaces/data/rTea-simul/ref/hg38/Homo_sapiens_assembly38.fasta : chr # 1578  "chrUn_JTFH01000736v1_decoy" chrStart: 3574333440
/home/junseokp/workspaces/data/rTea-simul/ref/hg38/Homo_sapiens_assembly38.fasta : chr # 1579  "chrUn_JTFH01000737v1_decoy" chrStart: 3574595584
/home/junseokp/workspaces/data/rTea-simul/ref/hg38/Homo_sapiens_assembly38.fasta : chr # 1580  "chrUn_JTFH01000738v1_decoy" chrStart: 3574857728
/home/junseokp/workspaces/data/rTea-simul/ref/hg38/Homo_sapiens_assembly38.fasta : chr # 1581  "chrUn_JTFH01000739v1_decoy" chrStart: 3575119872
/home/junseokp/workspaces/data/rTea-simul/ref/hg38/Homo_sapiens_assembly38.fasta : chr # 1582  "chrUn_JTFH01000740v1_decoy" chrStart: 3575382016
/home/junseokp/workspaces/data/rTea-simul/ref/hg38/Homo_sapiens_assembly38.fasta : chr # 1583  "chrUn_JTFH01000741v1_decoy" chrStart: 3575644160
/home/junseokp/workspaces/data/rTea-simul/ref/hg38/Homo_sapiens_assembly38.fasta : chr # 1584  "chrUn_JTFH01000742v1_decoy" chrStart: 3575906304
/home/junseokp/workspaces/data/rTea-simul/ref/hg38/Homo_sapiens_assembly38.fasta : chr # 1585  "chrUn_JTFH01000743v1_decoy" chrStart: 3576168448
/home/junseokp/workspaces/data/rTea-simul/ref/hg38/Homo_sapiens_assembly38.fasta : chr # 1586  "chrUn_JTFH01000744v1_decoy" chrStart: 3576430592
/home/junseokp/workspaces/data/rTea-simul/ref/hg38/Homo_sapiens_assembly38.fasta : chr # 1587  "chrUn_JTFH01000745v1_decoy" chrStart: 3576692736
/home/junseokp/workspaces/data/rTea-simul/ref/hg38/Homo_sapiens_assembly38.fasta : chr # 1588  "chrUn_JTFH01000746v1_decoy" chrStart: 3576954880
/home/junseokp/workspaces/data/rTea-simul/ref/hg38/Homo_sapiens_assembly38.fasta : chr # 1589  "chrUn_JTFH01000747v1_decoy" chrStart: 3577217024
/home/junseokp/workspaces/data/rTea-simul/ref/hg38/Homo_sapiens_assembly38.fasta : chr # 1590  "chrUn_JTFH01000748v1_decoy" chrStart: 3577479168
/home/junseokp/workspaces/data/rTea-simul/ref/hg38/Homo_sapiens_assembly38.fasta : chr # 1591  "chrUn_JTFH01000749v1_decoy" chrStart: 3577741312
/home/junseokp/workspaces/data/rTea-simul/ref/hg38/Homo_sapiens_assembly38.fasta : chr # 1592  "chrUn_JTFH01000750v1_decoy" chrStart: 3578003456
/home/junseokp/workspaces/data/rTea-simul/ref/hg38/Homo_sapiens_assembly38.fasta : chr # 1593  "chrUn_JTFH01000751v1_decoy" chrStart: 3578265600
/home/junseokp/workspaces/data/rTea-simul/ref/hg38/Homo_sapiens_assembly38.fasta : chr # 1594  "chrUn_JTFH01000752v1_decoy" chrStart: 3578527744
/home/junseokp/workspaces/data/rTea-simul/ref/hg38/Homo_sapiens_assembly38.fasta : chr # 1595  "chrUn_JTFH01000753v1_decoy" chrStart: 3578789888
/home/junseokp/workspaces/data/rTea-simul/ref/hg38/Homo_sapiens_assembly38.fasta : chr # 1596  "chrUn_JTFH01000754v1_decoy" chrStart: 3579052032
/home/junseokp/workspaces/data/rTea-simul/ref/hg38/Homo_sapiens_assembly38.fasta : chr # 1597  "chrUn_JTFH01000755v1_decoy" chrStart: 3579314176
/home/junseokp/workspaces/data/rTea-simul/ref/hg38/Homo_sapiens_assembly38.fasta : chr # 1598  "chrUn_JTFH01000756v1_decoy" chrStart: 3579576320
/home/junseokp/workspaces/data/rTea-simul/ref/hg38/Homo_sapiens_assembly38.fasta : chr # 1599  "chrUn_JTFH01000757v1_decoy" chrStart: 3579838464
/home/junseokp/workspaces/data/rTea-simul/ref/hg38/Homo_sapiens_assembly38.fasta : chr # 1600  "chrUn_JTFH01000758v1_decoy" chrStart: 3580100608
/home/junseokp/workspaces/data/rTea-simul/ref/hg38/Homo_sapiens_assembly38.fasta : chr # 1601  "chrUn_JTFH01000759v1_decoy" chrStart: 3580362752
/home/junseokp/workspaces/data/rTea-simul/ref/hg38/Homo_sapiens_assembly38.fasta : chr # 1602  "chrUn_JTFH01000760v1_decoy" chrStart: 3580624896
/home/junseokp/workspaces/data/rTea-simul/ref/hg38/Homo_sapiens_assembly38.fasta : chr # 1603  "chrUn_JTFH01000761v1_decoy" chrStart: 3580887040
/home/junseokp/workspaces/data/rTea-simul/ref/hg38/Homo_sapiens_assembly38.fasta : chr # 1604  "chrUn_JTFH01000762v1_decoy" chrStart: 3581149184
/home/junseokp/workspaces/data/rTea-simul/ref/hg38/Homo_sapiens_assembly38.fasta : chr # 1605  "chrUn_JTFH01000763v1_decoy" chrStart: 3581411328
/home/junseokp/workspaces/data/rTea-simul/ref/hg38/Homo_sapiens_assembly38.fasta : chr # 1606  "chrUn_JTFH01000764v1_decoy" chrStart: 3581673472
/home/junseokp/workspaces/data/rTea-simul/ref/hg38/Homo_sapiens_assembly38.fasta : chr # 1607  "chrUn_JTFH01000765v1_decoy" chrStart: 3581935616
/home/junseokp/workspaces/data/rTea-simul/ref/hg38/Homo_sapiens_assembly38.fasta : chr # 1608  "chrUn_JTFH01000766v1_decoy" chrStart: 3582197760
/home/junseokp/workspaces/data/rTea-simul/ref/hg38/Homo_sapiens_assembly38.fasta : chr # 1609  "chrUn_JTFH01000767v1_decoy" chrStart: 3582459904
/home/junseokp/workspaces/data/rTea-simul/ref/hg38/Homo_sapiens_assembly38.fasta : chr # 1610  "chrUn_JTFH01000768v1_decoy" chrStart: 3582722048
/home/junseokp/workspaces/data/rTea-simul/ref/hg38/Homo_sapiens_assembly38.fasta : chr # 1611  "chrUn_JTFH01000769v1_decoy" chrStart: 3582984192
/home/junseokp/workspaces/data/rTea-simul/ref/hg38/Homo_sapiens_assembly38.fasta : chr # 1612  "chrUn_JTFH01000770v1_decoy" chrStart: 3583246336
/home/junseokp/workspaces/data/rTea-simul/ref/hg38/Homo_sapiens_assembly38.fasta : chr # 1613  "chrUn_JTFH01000771v1_decoy" chrStart: 3583508480
/home/junseokp/workspaces/data/rTea-simul/ref/hg38/Homo_sapiens_assembly38.fasta : chr # 1614  "chrUn_JTFH01000772v1_decoy" chrStart: 3583770624
/home/junseokp/workspaces/data/rTea-simul/ref/hg38/Homo_sapiens_assembly38.fasta : chr # 1615  "chrUn_JTFH01000773v1_decoy" chrStart: 3584032768
/home/junseokp/workspaces/data/rTea-simul/ref/hg38/Homo_sapiens_assembly38.fasta : chr # 1616  "chrUn_JTFH01000774v1_decoy" chrStart: 3584294912
/home/junseokp/workspaces/data/rTea-simul/ref/hg38/Homo_sapiens_assembly38.fasta : chr # 1617  "chrUn_JTFH01000775v1_decoy" chrStart: 3584557056
/home/junseokp/workspaces/data/rTea-simul/ref/hg38/Homo_sapiens_assembly38.fasta : chr # 1618  "chrUn_JTFH01000776v1_decoy" chrStart: 3584819200
/home/junseokp/workspaces/data/rTea-simul/ref/hg38/Homo_sapiens_assembly38.fasta : chr # 1619  "chrUn_JTFH01000777v1_decoy" chrStart: 3585081344
/home/junseokp/workspaces/data/rTea-simul/ref/hg38/Homo_sapiens_assembly38.fasta : chr # 1620  "chrUn_JTFH01000778v1_decoy" chrStart: 3585343488
/home/junseokp/workspaces/data/rTea-simul/ref/hg38/Homo_sapiens_assembly38.fasta : chr # 1621  "chrUn_JTFH01000779v1_decoy" chrStart: 3585605632
/home/junseokp/workspaces/data/rTea-simul/ref/hg38/Homo_sapiens_assembly38.fasta : chr # 1622  "chrUn_JTFH01000780v1_decoy" chrStart: 3585867776
/home/junseokp/workspaces/data/rTea-simul/ref/hg38/Homo_sapiens_assembly38.fasta : chr # 1623  "chrUn_JTFH01000781v1_decoy" chrStart: 3586129920
/home/junseokp/workspaces/data/rTea-simul/ref/hg38/Homo_sapiens_assembly38.fasta : chr # 1624  "chrUn_JTFH01000782v1_decoy" chrStart: 3586392064
/home/junseokp/workspaces/data/rTea-simul/ref/hg38/Homo_sapiens_assembly38.fasta : chr # 1625  "chrUn_JTFH01000783v1_decoy" chrStart: 3586654208
/home/junseokp/workspaces/data/rTea-simul/ref/hg38/Homo_sapiens_assembly38.fasta : chr # 1626  "chrUn_JTFH01000784v1_decoy" chrStart: 3586916352
/home/junseokp/workspaces/data/rTea-simul/ref/hg38/Homo_sapiens_assembly38.fasta : chr # 1627  "chrUn_JTFH01000785v1_decoy" chrStart: 3587178496
/home/junseokp/workspaces/data/rTea-simul/ref/hg38/Homo_sapiens_assembly38.fasta : chr # 1628  "chrUn_JTFH01000786v1_decoy" chrStart: 3587440640
/home/junseokp/workspaces/data/rTea-simul/ref/hg38/Homo_sapiens_assembly38.fasta : chr # 1629  "chrUn_JTFH01000787v1_decoy" chrStart: 3587702784
/home/junseokp/workspaces/data/rTea-simul/ref/hg38/Homo_sapiens_assembly38.fasta : chr # 1630  "chrUn_JTFH01000788v1_decoy" chrStart: 3587964928
/home/junseokp/workspaces/data/rTea-simul/ref/hg38/Homo_sapiens_assembly38.fasta : chr # 1631  "chrUn_JTFH01000789v1_decoy" chrStart: 3588227072
/home/junseokp/workspaces/data/rTea-simul/ref/hg38/Homo_sapiens_assembly38.fasta : chr # 1632  "chrUn_JTFH01000790v1_decoy" chrStart: 3588489216
/home/junseokp/workspaces/data/rTea-simul/ref/hg38/Homo_sapiens_assembly38.fasta : chr # 1633  "chrUn_JTFH01000791v1_decoy" chrStart: 3588751360
/home/junseokp/workspaces/data/rTea-simul/ref/hg38/Homo_sapiens_assembly38.fasta : chr # 1634  "chrUn_JTFH01000792v1_decoy" chrStart: 3589013504
/home/junseokp/workspaces/data/rTea-simul/ref/hg38/Homo_sapiens_assembly38.fasta : chr # 1635  "chrUn_JTFH01000793v1_decoy" chrStart: 3589275648
/home/junseokp/workspaces/data/rTea-simul/ref/hg38/Homo_sapiens_assembly38.fasta : chr # 1636  "chrUn_JTFH01000794v1_decoy" chrStart: 3589537792
/home/junseokp/workspaces/data/rTea-simul/ref/hg38/Homo_sapiens_assembly38.fasta : chr # 1637  "chrUn_JTFH01000795v1_decoy" chrStart: 3589799936
/home/junseokp/workspaces/data/rTea-simul/ref/hg38/Homo_sapiens_assembly38.fasta : chr # 1638  "chrUn_JTFH01000796v1_decoy" chrStart: 3590062080
/home/junseokp/workspaces/data/rTea-simul/ref/hg38/Homo_sapiens_assembly38.fasta : chr # 1639  "chrUn_JTFH01000797v1_decoy" chrStart: 3590324224
/home/junseokp/workspaces/data/rTea-simul/ref/hg38/Homo_sapiens_assembly38.fasta : chr # 1640  "chrUn_JTFH01000798v1_decoy" chrStart: 3590586368
/home/junseokp/workspaces/data/rTea-simul/ref/hg38/Homo_sapiens_assembly38.fasta : chr # 1641  "chrUn_JTFH01000799v1_decoy" chrStart: 3590848512
/home/junseokp/workspaces/data/rTea-simul/ref/hg38/Homo_sapiens_assembly38.fasta : chr # 1642  "chrUn_JTFH01000800v1_decoy" chrStart: 3591110656
/home/junseokp/workspaces/data/rTea-simul/ref/hg38/Homo_sapiens_assembly38.fasta : chr # 1643  "chrUn_JTFH01000801v1_decoy" chrStart: 3591372800
/home/junseokp/workspaces/data/rTea-simul/ref/hg38/Homo_sapiens_assembly38.fasta : chr # 1644  "chrUn_JTFH01000802v1_decoy" chrStart: 3591634944
/home/junseokp/workspaces/data/rTea-simul/ref/hg38/Homo_sapiens_assembly38.fasta : chr # 1645  "chrUn_JTFH01000803v1_decoy" chrStart: 3591897088
/home/junseokp/workspaces/data/rTea-simul/ref/hg38/Homo_sapiens_assembly38.fasta : chr # 1646  "chrUn_JTFH01000804v1_decoy" chrStart: 3592159232
/home/junseokp/workspaces/data/rTea-simul/ref/hg38/Homo_sapiens_assembly38.fasta : chr # 1647  "chrUn_JTFH01000805v1_decoy" chrStart: 3592421376
/home/junseokp/workspaces/data/rTea-simul/ref/hg38/Homo_sapiens_assembly38.fasta : chr # 1648  "chrUn_JTFH01000806v1_decoy" chrStart: 3592683520
/home/junseokp/workspaces/data/rTea-simul/ref/hg38/Homo_sapiens_assembly38.fasta : chr # 1649  "chrUn_JTFH01000807v1_decoy" chrStart: 3592945664
/home/junseokp/workspaces/data/rTea-simul/ref/hg38/Homo_sapiens_assembly38.fasta : chr # 1650  "chrUn_JTFH01000808v1_decoy" chrStart: 3593207808
/home/junseokp/workspaces/data/rTea-simul/ref/hg38/Homo_sapiens_assembly38.fasta : chr # 1651  "chrUn_JTFH01000809v1_decoy" chrStart: 3593469952
/home/junseokp/workspaces/data/rTea-simul/ref/hg38/Homo_sapiens_assembly38.fasta : chr # 1652  "chrUn_JTFH01000810v1_decoy" chrStart: 3593732096
/home/junseokp/workspaces/data/rTea-simul/ref/hg38/Homo_sapiens_assembly38.fasta : chr # 1653  "chrUn_JTFH01000811v1_decoy" chrStart: 3593994240
/home/junseokp/workspaces/data/rTea-simul/ref/hg38/Homo_sapiens_assembly38.fasta : chr # 1654  "chrUn_JTFH01000812v1_decoy" chrStart: 3594256384
/home/junseokp/workspaces/data/rTea-simul/ref/hg38/Homo_sapiens_assembly38.fasta : chr # 1655  "chrUn_JTFH01000813v1_decoy" chrStart: 3594518528
/home/junseokp/workspaces/data/rTea-simul/ref/hg38/Homo_sapiens_assembly38.fasta : chr # 1656  "chrUn_JTFH01000814v1_decoy" chrStart: 3594780672
/home/junseokp/workspaces/data/rTea-simul/ref/hg38/Homo_sapiens_assembly38.fasta : chr # 1657  "chrUn_JTFH01000815v1_decoy" chrStart: 3595042816
/home/junseokp/workspaces/data/rTea-simul/ref/hg38/Homo_sapiens_assembly38.fasta : chr # 1658  "chrUn_JTFH01000816v1_decoy" chrStart: 3595304960
/home/junseokp/workspaces/data/rTea-simul/ref/hg38/Homo_sapiens_assembly38.fasta : chr # 1659  "chrUn_JTFH01000817v1_decoy" chrStart: 3595567104
/home/junseokp/workspaces/data/rTea-simul/ref/hg38/Homo_sapiens_assembly38.fasta : chr # 1660  "chrUn_JTFH01000818v1_decoy" chrStart: 3595829248
/home/junseokp/workspaces/data/rTea-simul/ref/hg38/Homo_sapiens_assembly38.fasta : chr # 1661  "chrUn_JTFH01000819v1_decoy" chrStart: 3596091392
/home/junseokp/workspaces/data/rTea-simul/ref/hg38/Homo_sapiens_assembly38.fasta : chr # 1662  "chrUn_JTFH01000820v1_decoy" chrStart: 3596353536
/home/junseokp/workspaces/data/rTea-simul/ref/hg38/Homo_sapiens_assembly38.fasta : chr # 1663  "chrUn_JTFH01000821v1_decoy" chrStart: 3596615680
/home/junseokp/workspaces/data/rTea-simul/ref/hg38/Homo_sapiens_assembly38.fasta : chr # 1664  "chrUn_JTFH01000822v1_decoy" chrStart: 3596877824
/home/junseokp/workspaces/data/rTea-simul/ref/hg38/Homo_sapiens_assembly38.fasta : chr # 1665  "chrUn_JTFH01000823v1_decoy" chrStart: 3597139968
/home/junseokp/workspaces/data/rTea-simul/ref/hg38/Homo_sapiens_assembly38.fasta : chr # 1666  "chrUn_JTFH01000824v1_decoy" chrStart: 3597402112
/home/junseokp/workspaces/data/rTea-simul/ref/hg38/Homo_sapiens_assembly38.fasta : chr # 1667  "chrUn_JTFH01000825v1_decoy" chrStart: 3597664256
/home/junseokp/workspaces/data/rTea-simul/ref/hg38/Homo_sapiens_assembly38.fasta : chr # 1668  "chrUn_JTFH01000826v1_decoy" chrStart: 3597926400
/home/junseokp/workspaces/data/rTea-simul/ref/hg38/Homo_sapiens_assembly38.fasta : chr # 1669  "chrUn_JTFH01000827v1_decoy" chrStart: 3598188544
/home/junseokp/workspaces/data/rTea-simul/ref/hg38/Homo_sapiens_assembly38.fasta : chr # 1670  "chrUn_JTFH01000828v1_decoy" chrStart: 3598450688
/home/junseokp/workspaces/data/rTea-simul/ref/hg38/Homo_sapiens_assembly38.fasta : chr # 1671  "chrUn_JTFH01000829v1_decoy" chrStart: 3598712832
/home/junseokp/workspaces/data/rTea-simul/ref/hg38/Homo_sapiens_assembly38.fasta : chr # 1672  "chrUn_JTFH01000830v1_decoy" chrStart: 3598974976
/home/junseokp/workspaces/data/rTea-simul/ref/hg38/Homo_sapiens_assembly38.fasta : chr # 1673  "chrUn_JTFH01000831v1_decoy" chrStart: 3599237120
/home/junseokp/workspaces/data/rTea-simul/ref/hg38/Homo_sapiens_assembly38.fasta : chr # 1674  "chrUn_JTFH01000832v1_decoy" chrStart: 3599499264
/home/junseokp/workspaces/data/rTea-simul/ref/hg38/Homo_sapiens_assembly38.fasta : chr # 1675  "chrUn_JTFH01000833v1_decoy" chrStart: 3599761408
/home/junseokp/workspaces/data/rTea-simul/ref/hg38/Homo_sapiens_assembly38.fasta : chr # 1676  "chrUn_JTFH01000834v1_decoy" chrStart: 3600023552
/home/junseokp/workspaces/data/rTea-simul/ref/hg38/Homo_sapiens_assembly38.fasta : chr # 1677  "chrUn_JTFH01000835v1_decoy" chrStart: 3600285696
/home/junseokp/workspaces/data/rTea-simul/ref/hg38/Homo_sapiens_assembly38.fasta : chr # 1678  "chrUn_JTFH01000836v1_decoy" chrStart: 3600547840
/home/junseokp/workspaces/data/rTea-simul/ref/hg38/Homo_sapiens_assembly38.fasta : chr # 1679  "chrUn_JTFH01000837v1_decoy" chrStart: 3600809984
/home/junseokp/workspaces/data/rTea-simul/ref/hg38/Homo_sapiens_assembly38.fasta : chr # 1680  "chrUn_JTFH01000838v1_decoy" chrStart: 3601072128
/home/junseokp/workspaces/data/rTea-simul/ref/hg38/Homo_sapiens_assembly38.fasta : chr # 1681  "chrUn_JTFH01000839v1_decoy" chrStart: 3601334272
/home/junseokp/workspaces/data/rTea-simul/ref/hg38/Homo_sapiens_assembly38.fasta : chr # 1682  "chrUn_JTFH01000840v1_decoy" chrStart: 3601596416
/home/junseokp/workspaces/data/rTea-simul/ref/hg38/Homo_sapiens_assembly38.fasta : chr # 1683  "chrUn_JTFH01000841v1_decoy" chrStart: 3601858560
/home/junseokp/workspaces/data/rTea-simul/ref/hg38/Homo_sapiens_assembly38.fasta : chr # 1684  "chrUn_JTFH01000842v1_decoy" chrStart: 3602120704
/home/junseokp/workspaces/data/rTea-simul/ref/hg38/Homo_sapiens_assembly38.fasta : chr # 1685  "chrUn_JTFH01000843v1_decoy" chrStart: 3602382848
/home/junseokp/workspaces/data/rTea-simul/ref/hg38/Homo_sapiens_assembly38.fasta : chr # 1686  "chrUn_JTFH01000844v1_decoy" chrStart: 3602644992
/home/junseokp/workspaces/data/rTea-simul/ref/hg38/Homo_sapiens_assembly38.fasta : chr # 1687  "chrUn_JTFH01000845v1_decoy" chrStart: 3602907136
/home/junseokp/workspaces/data/rTea-simul/ref/hg38/Homo_sapiens_assembly38.fasta : chr # 1688  "chrUn_JTFH01000846v1_decoy" chrStart: 3603169280
/home/junseokp/workspaces/data/rTea-simul/ref/hg38/Homo_sapiens_assembly38.fasta : chr # 1689  "chrUn_JTFH01000847v1_decoy" chrStart: 3603431424
/home/junseokp/workspaces/data/rTea-simul/ref/hg38/Homo_sapiens_assembly38.fasta : chr # 1690  "chrUn_JTFH01000848v1_decoy" chrStart: 3603693568
/home/junseokp/workspaces/data/rTea-simul/ref/hg38/Homo_sapiens_assembly38.fasta : chr # 1691  "chrUn_JTFH01000849v1_decoy" chrStart: 3603955712
/home/junseokp/workspaces/data/rTea-simul/ref/hg38/Homo_sapiens_assembly38.fasta : chr # 1692  "chrUn_JTFH01000850v1_decoy" chrStart: 3604217856
/home/junseokp/workspaces/data/rTea-simul/ref/hg38/Homo_sapiens_assembly38.fasta : chr # 1693  "chrUn_JTFH01000851v1_decoy" chrStart: 3604480000
/home/junseokp/workspaces/data/rTea-simul/ref/hg38/Homo_sapiens_assembly38.fasta : chr # 1694  "chrUn_JTFH01000852v1_decoy" chrStart: 3604742144
/home/junseokp/workspaces/data/rTea-simul/ref/hg38/Homo_sapiens_assembly38.fasta : chr # 1695  "chrUn_JTFH01000853v1_decoy" chrStart: 3605004288
/home/junseokp/workspaces/data/rTea-simul/ref/hg38/Homo_sapiens_assembly38.fasta : chr # 1696  "chrUn_JTFH01000854v1_decoy" chrStart: 3605266432
/home/junseokp/workspaces/data/rTea-simul/ref/hg38/Homo_sapiens_assembly38.fasta : chr # 1697  "chrUn_JTFH01000855v1_decoy" chrStart: 3605528576
/home/junseokp/workspaces/data/rTea-simul/ref/hg38/Homo_sapiens_assembly38.fasta : chr # 1698  "chrUn_JTFH01000856v1_decoy" chrStart: 3605790720
/home/junseokp/workspaces/data/rTea-simul/ref/hg38/Homo_sapiens_assembly38.fasta : chr # 1699  "chrUn_JTFH01000857v1_decoy" chrStart: 3606052864
/home/junseokp/workspaces/data/rTea-simul/ref/hg38/Homo_sapiens_assembly38.fasta : chr # 1700  "chrUn_JTFH01000858v1_decoy" chrStart: 3606315008
/home/junseokp/workspaces/data/rTea-simul/ref/hg38/Homo_sapiens_assembly38.fasta : chr # 1701  "chrUn_JTFH01000859v1_decoy" chrStart: 3606577152
/home/junseokp/workspaces/data/rTea-simul/ref/hg38/Homo_sapiens_assembly38.fasta : chr # 1702  "chrUn_JTFH01000860v1_decoy" chrStart: 3606839296
/home/junseokp/workspaces/data/rTea-simul/ref/hg38/Homo_sapiens_assembly38.fasta : chr # 1703  "chrUn_JTFH01000861v1_decoy" chrStart: 3607101440
/home/junseokp/workspaces/data/rTea-simul/ref/hg38/Homo_sapiens_assembly38.fasta : chr # 1704  "chrUn_JTFH01000862v1_decoy" chrStart: 3607363584
/home/junseokp/workspaces/data/rTea-simul/ref/hg38/Homo_sapiens_assembly38.fasta : chr # 1705  "chrUn_JTFH01000863v1_decoy" chrStart: 3607625728
/home/junseokp/workspaces/data/rTea-simul/ref/hg38/Homo_sapiens_assembly38.fasta : chr # 1706  "chrUn_JTFH01000864v1_decoy" chrStart: 3607887872
/home/junseokp/workspaces/data/rTea-simul/ref/hg38/Homo_sapiens_assembly38.fasta : chr # 1707  "chrUn_JTFH01000865v1_decoy" chrStart: 3608150016
/home/junseokp/workspaces/data/rTea-simul/ref/hg38/Homo_sapiens_assembly38.fasta : chr # 1708  "chrUn_JTFH01000866v1_decoy" chrStart: 3608412160
/home/junseokp/workspaces/data/rTea-simul/ref/hg38/Homo_sapiens_assembly38.fasta : chr # 1709  "chrUn_JTFH01000867v1_decoy" chrStart: 3608674304
/home/junseokp/workspaces/data/rTea-simul/ref/hg38/Homo_sapiens_assembly38.fasta : chr # 1710  "chrUn_JTFH01000868v1_decoy" chrStart: 3608936448
/home/junseokp/workspaces/data/rTea-simul/ref/hg38/Homo_sapiens_assembly38.fasta : chr # 1711  "chrUn_JTFH01000869v1_decoy" chrStart: 3609198592
/home/junseokp/workspaces/data/rTea-simul/ref/hg38/Homo_sapiens_assembly38.fasta : chr # 1712  "chrUn_JTFH01000870v1_decoy" chrStart: 3609460736
/home/junseokp/workspaces/data/rTea-simul/ref/hg38/Homo_sapiens_assembly38.fasta : chr # 1713  "chrUn_JTFH01000871v1_decoy" chrStart: 3609722880
/home/junseokp/workspaces/data/rTea-simul/ref/hg38/Homo_sapiens_assembly38.fasta : chr # 1714  "chrUn_JTFH01000872v1_decoy" chrStart: 3609985024
/home/junseokp/workspaces/data/rTea-simul/ref/hg38/Homo_sapiens_assembly38.fasta : chr # 1715  "chrUn_JTFH01000873v1_decoy" chrStart: 3610247168
/home/junseokp/workspaces/data/rTea-simul/ref/hg38/Homo_sapiens_assembly38.fasta : chr # 1716  "chrUn_JTFH01000874v1_decoy" chrStart: 3610509312
/home/junseokp/workspaces/data/rTea-simul/ref/hg38/Homo_sapiens_assembly38.fasta : chr # 1717  "chrUn_JTFH01000875v1_decoy" chrStart: 3610771456
/home/junseokp/workspaces/data/rTea-simul/ref/hg38/Homo_sapiens_assembly38.fasta : chr # 1718  "chrUn_JTFH01000876v1_decoy" chrStart: 3611033600
/home/junseokp/workspaces/data/rTea-simul/ref/hg38/Homo_sapiens_assembly38.fasta : chr # 1719  "chrUn_JTFH01000877v1_decoy" chrStart: 3611295744
/home/junseokp/workspaces/data/rTea-simul/ref/hg38/Homo_sapiens_assembly38.fasta : chr # 1720  "chrUn_JTFH01000878v1_decoy" chrStart: 3611557888
/home/junseokp/workspaces/data/rTea-simul/ref/hg38/Homo_sapiens_assembly38.fasta : chr # 1721  "chrUn_JTFH01000879v1_decoy" chrStart: 3611820032
/home/junseokp/workspaces/data/rTea-simul/ref/hg38/Homo_sapiens_assembly38.fasta : chr # 1722  "chrUn_JTFH01000880v1_decoy" chrStart: 3612082176
/home/junseokp/workspaces/data/rTea-simul/ref/hg38/Homo_sapiens_assembly38.fasta : chr # 1723  "chrUn_JTFH01000881v1_decoy" chrStart: 3612344320
/home/junseokp/workspaces/data/rTea-simul/ref/hg38/Homo_sapiens_assembly38.fasta : chr # 1724  "chrUn_JTFH01000882v1_decoy" chrStart: 3612606464
/home/junseokp/workspaces/data/rTea-simul/ref/hg38/Homo_sapiens_assembly38.fasta : chr # 1725  "chrUn_JTFH01000883v1_decoy" chrStart: 3612868608
/home/junseokp/workspaces/data/rTea-simul/ref/hg38/Homo_sapiens_assembly38.fasta : chr # 1726  "chrUn_JTFH01000884v1_decoy" chrStart: 3613130752
/home/junseokp/workspaces/data/rTea-simul/ref/hg38/Homo_sapiens_assembly38.fasta : chr # 1727  "chrUn_JTFH01000885v1_decoy" chrStart: 3613392896
/home/junseokp/workspaces/data/rTea-simul/ref/hg38/Homo_sapiens_assembly38.fasta : chr # 1728  "chrUn_JTFH01000886v1_decoy" chrStart: 3613655040
/home/junseokp/workspaces/data/rTea-simul/ref/hg38/Homo_sapiens_assembly38.fasta : chr # 1729  "chrUn_JTFH01000887v1_decoy" chrStart: 3613917184
/home/junseokp/workspaces/data/rTea-simul/ref/hg38/Homo_sapiens_assembly38.fasta : chr # 1730  "chrUn_JTFH01000888v1_decoy" chrStart: 3614179328
/home/junseokp/workspaces/data/rTea-simul/ref/hg38/Homo_sapiens_assembly38.fasta : chr # 1731  "chrUn_JTFH01000889v1_decoy" chrStart: 3614441472
/home/junseokp/workspaces/data/rTea-simul/ref/hg38/Homo_sapiens_assembly38.fasta : chr # 1732  "chrUn_JTFH01000890v1_decoy" chrStart: 3614703616
/home/junseokp/workspaces/data/rTea-simul/ref/hg38/Homo_sapiens_assembly38.fasta : chr # 1733  "chrUn_JTFH01000891v1_decoy" chrStart: 3614965760
/home/junseokp/workspaces/data/rTea-simul/ref/hg38/Homo_sapiens_assembly38.fasta : chr # 1734  "chrUn_JTFH01000892v1_decoy" chrStart: 3615227904
/home/junseokp/workspaces/data/rTea-simul/ref/hg38/Homo_sapiens_assembly38.fasta : chr # 1735  "chrUn_JTFH01000893v1_decoy" chrStart: 3615490048
/home/junseokp/workspaces/data/rTea-simul/ref/hg38/Homo_sapiens_assembly38.fasta : chr # 1736  "chrUn_JTFH01000894v1_decoy" chrStart: 3615752192
/home/junseokp/workspaces/data/rTea-simul/ref/hg38/Homo_sapiens_assembly38.fasta : chr # 1737  "chrUn_JTFH01000895v1_decoy" chrStart: 3616014336
/home/junseokp/workspaces/data/rTea-simul/ref/hg38/Homo_sapiens_assembly38.fasta : chr # 1738  "chrUn_JTFH01000896v1_decoy" chrStart: 3616276480
/home/junseokp/workspaces/data/rTea-simul/ref/hg38/Homo_sapiens_assembly38.fasta : chr # 1739  "chrUn_JTFH01000897v1_decoy" chrStart: 3616538624
/home/junseokp/workspaces/data/rTea-simul/ref/hg38/Homo_sapiens_assembly38.fasta : chr # 1740  "chrUn_JTFH01000898v1_decoy" chrStart: 3616800768
/home/junseokp/workspaces/data/rTea-simul/ref/hg38/Homo_sapiens_assembly38.fasta : chr # 1741  "chrUn_JTFH01000899v1_decoy" chrStart: 3617062912
/home/junseokp/workspaces/data/rTea-simul/ref/hg38/Homo_sapiens_assembly38.fasta : chr # 1742  "chrUn_JTFH01000900v1_decoy" chrStart: 3617325056
/home/junseokp/workspaces/data/rTea-simul/ref/hg38/Homo_sapiens_assembly38.fasta : chr # 1743  "chrUn_JTFH01000901v1_decoy" chrStart: 3617587200
/home/junseokp/workspaces/data/rTea-simul/ref/hg38/Homo_sapiens_assembly38.fasta : chr # 1744  "chrUn_JTFH01000902v1_decoy" chrStart: 3617849344
/home/junseokp/workspaces/data/rTea-simul/ref/hg38/Homo_sapiens_assembly38.fasta : chr # 1745  "chrUn_JTFH01000903v1_decoy" chrStart: 3618111488
/home/junseokp/workspaces/data/rTea-simul/ref/hg38/Homo_sapiens_assembly38.fasta : chr # 1746  "chrUn_JTFH01000904v1_decoy" chrStart: 3618373632
/home/junseokp/workspaces/data/rTea-simul/ref/hg38/Homo_sapiens_assembly38.fasta : chr # 1747  "chrUn_JTFH01000905v1_decoy" chrStart: 3618635776
/home/junseokp/workspaces/data/rTea-simul/ref/hg38/Homo_sapiens_assembly38.fasta : chr # 1748  "chrUn_JTFH01000906v1_decoy" chrStart: 3618897920
/home/junseokp/workspaces/data/rTea-simul/ref/hg38/Homo_sapiens_assembly38.fasta : chr # 1749  "chrUn_JTFH01000907v1_decoy" chrStart: 3619160064
/home/junseokp/workspaces/data/rTea-simul/ref/hg38/Homo_sapiens_assembly38.fasta : chr # 1750  "chrUn_JTFH01000908v1_decoy" chrStart: 3619422208
/home/junseokp/workspaces/data/rTea-simul/ref/hg38/Homo_sapiens_assembly38.fasta : chr # 1751  "chrUn_JTFH01000909v1_decoy" chrStart: 3619684352
/home/junseokp/workspaces/data/rTea-simul/ref/hg38/Homo_sapiens_assembly38.fasta : chr # 1752  "chrUn_JTFH01000910v1_decoy" chrStart: 3619946496
/home/junseokp/workspaces/data/rTea-simul/ref/hg38/Homo_sapiens_assembly38.fasta : chr # 1753  "chrUn_JTFH01000911v1_decoy" chrStart: 3620208640
/home/junseokp/workspaces/data/rTea-simul/ref/hg38/Homo_sapiens_assembly38.fasta : chr # 1754  "chrUn_JTFH01000912v1_decoy" chrStart: 3620470784
/home/junseokp/workspaces/data/rTea-simul/ref/hg38/Homo_sapiens_assembly38.fasta : chr # 1755  "chrUn_JTFH01000913v1_decoy" chrStart: 3620732928
/home/junseokp/workspaces/data/rTea-simul/ref/hg38/Homo_sapiens_assembly38.fasta : chr # 1756  "chrUn_JTFH01000914v1_decoy" chrStart: 3620995072
/home/junseokp/workspaces/data/rTea-simul/ref/hg38/Homo_sapiens_assembly38.fasta : chr # 1757  "chrUn_JTFH01000915v1_decoy" chrStart: 3621257216
/home/junseokp/workspaces/data/rTea-simul/ref/hg38/Homo_sapiens_assembly38.fasta : chr # 1758  "chrUn_JTFH01000916v1_decoy" chrStart: 3621519360
/home/junseokp/workspaces/data/rTea-simul/ref/hg38/Homo_sapiens_assembly38.fasta : chr # 1759  "chrUn_JTFH01000917v1_decoy" chrStart: 3621781504
/home/junseokp/workspaces/data/rTea-simul/ref/hg38/Homo_sapiens_assembly38.fasta : chr # 1760  "chrUn_JTFH01000918v1_decoy" chrStart: 3622043648
/home/junseokp/workspaces/data/rTea-simul/ref/hg38/Homo_sapiens_assembly38.fasta : chr # 1761  "chrUn_JTFH01000919v1_decoy" chrStart: 3622305792
/home/junseokp/workspaces/data/rTea-simul/ref/hg38/Homo_sapiens_assembly38.fasta : chr # 1762  "chrUn_JTFH01000920v1_decoy" chrStart: 3622567936
/home/junseokp/workspaces/data/rTea-simul/ref/hg38/Homo_sapiens_assembly38.fasta : chr # 1763  "chrUn_JTFH01000921v1_decoy" chrStart: 3622830080
/home/junseokp/workspaces/data/rTea-simul/ref/hg38/Homo_sapiens_assembly38.fasta : chr # 1764  "chrUn_JTFH01000922v1_decoy" chrStart: 3623092224
/home/junseokp/workspaces/data/rTea-simul/ref/hg38/Homo_sapiens_assembly38.fasta : chr # 1765  "chrUn_JTFH01000923v1_decoy" chrStart: 3623354368
/home/junseokp/workspaces/data/rTea-simul/ref/hg38/Homo_sapiens_assembly38.fasta : chr # 1766  "chrUn_JTFH01000924v1_decoy" chrStart: 3623616512
/home/junseokp/workspaces/data/rTea-simul/ref/hg38/Homo_sapiens_assembly38.fasta : chr # 1767  "chrUn_JTFH01000925v1_decoy" chrStart: 3623878656
/home/junseokp/workspaces/data/rTea-simul/ref/hg38/Homo_sapiens_assembly38.fasta : chr # 1768  "chrUn_JTFH01000926v1_decoy" chrStart: 3624140800
/home/junseokp/workspaces/data/rTea-simul/ref/hg38/Homo_sapiens_assembly38.fasta : chr # 1769  "chrUn_JTFH01000927v1_decoy" chrStart: 3624402944
/home/junseokp/workspaces/data/rTea-simul/ref/hg38/Homo_sapiens_assembly38.fasta : chr # 1770  "chrUn_JTFH01000928v1_decoy" chrStart: 3624665088
/home/junseokp/workspaces/data/rTea-simul/ref/hg38/Homo_sapiens_assembly38.fasta : chr # 1771  "chrUn_JTFH01000929v1_decoy" chrStart: 3624927232
/home/junseokp/workspaces/data/rTea-simul/ref/hg38/Homo_sapiens_assembly38.fasta : chr # 1772  "chrUn_JTFH01000930v1_decoy" chrStart: 3625189376
/home/junseokp/workspaces/data/rTea-simul/ref/hg38/Homo_sapiens_assembly38.fasta : chr # 1773  "chrUn_JTFH01000931v1_decoy" chrStart: 3625451520
/home/junseokp/workspaces/data/rTea-simul/ref/hg38/Homo_sapiens_assembly38.fasta : chr # 1774  "chrUn_JTFH01000932v1_decoy" chrStart: 3625713664
/home/junseokp/workspaces/data/rTea-simul/ref/hg38/Homo_sapiens_assembly38.fasta : chr # 1775  "chrUn_JTFH01000933v1_decoy" chrStart: 3625975808
/home/junseokp/workspaces/data/rTea-simul/ref/hg38/Homo_sapiens_assembly38.fasta : chr # 1776  "chrUn_JTFH01000934v1_decoy" chrStart: 3626237952
/home/junseokp/workspaces/data/rTea-simul/ref/hg38/Homo_sapiens_assembly38.fasta : chr # 1777  "chrUn_JTFH01000935v1_decoy" chrStart: 3626500096
/home/junseokp/workspaces/data/rTea-simul/ref/hg38/Homo_sapiens_assembly38.fasta : chr # 1778  "chrUn_JTFH01000936v1_decoy" chrStart: 3626762240
/home/junseokp/workspaces/data/rTea-simul/ref/hg38/Homo_sapiens_assembly38.fasta : chr # 1779  "chrUn_JTFH01000937v1_decoy" chrStart: 3627024384
/home/junseokp/workspaces/data/rTea-simul/ref/hg38/Homo_sapiens_assembly38.fasta : chr # 1780  "chrUn_JTFH01000938v1_decoy" chrStart: 3627286528
/home/junseokp/workspaces/data/rTea-simul/ref/hg38/Homo_sapiens_assembly38.fasta : chr # 1781  "chrUn_JTFH01000939v1_decoy" chrStart: 3627548672
/home/junseokp/workspaces/data/rTea-simul/ref/hg38/Homo_sapiens_assembly38.fasta : chr # 1782  "chrUn_JTFH01000940v1_decoy" chrStart: 3627810816
/home/junseokp/workspaces/data/rTea-simul/ref/hg38/Homo_sapiens_assembly38.fasta : chr # 1783  "chrUn_JTFH01000941v1_decoy" chrStart: 3628072960
/home/junseokp/workspaces/data/rTea-simul/ref/hg38/Homo_sapiens_assembly38.fasta : chr # 1784  "chrUn_JTFH01000942v1_decoy" chrStart: 3628335104
/home/junseokp/workspaces/data/rTea-simul/ref/hg38/Homo_sapiens_assembly38.fasta : chr # 1785  "chrUn_JTFH01000943v1_decoy" chrStart: 3628597248
/home/junseokp/workspaces/data/rTea-simul/ref/hg38/Homo_sapiens_assembly38.fasta : chr # 1786  "chrUn_JTFH01000944v1_decoy" chrStart: 3628859392
/home/junseokp/workspaces/data/rTea-simul/ref/hg38/Homo_sapiens_assembly38.fasta : chr # 1787  "chrUn_JTFH01000945v1_decoy" chrStart: 3629121536
/home/junseokp/workspaces/data/rTea-simul/ref/hg38/Homo_sapiens_assembly38.fasta : chr # 1788  "chrUn_JTFH01000946v1_decoy" chrStart: 3629383680
/home/junseokp/workspaces/data/rTea-simul/ref/hg38/Homo_sapiens_assembly38.fasta : chr # 1789  "chrUn_JTFH01000947v1_decoy" chrStart: 3629645824
/home/junseokp/workspaces/data/rTea-simul/ref/hg38/Homo_sapiens_assembly38.fasta : chr # 1790  "chrUn_JTFH01000948v1_decoy" chrStart: 3629907968
/home/junseokp/workspaces/data/rTea-simul/ref/hg38/Homo_sapiens_assembly38.fasta : chr # 1791  "chrUn_JTFH01000949v1_decoy" chrStart: 3630170112
/home/junseokp/workspaces/data/rTea-simul/ref/hg38/Homo_sapiens_assembly38.fasta : chr # 1792  "chrUn_JTFH01000950v1_decoy" chrStart: 3630432256
/home/junseokp/workspaces/data/rTea-simul/ref/hg38/Homo_sapiens_assembly38.fasta : chr # 1793  "chrUn_JTFH01000951v1_decoy" chrStart: 3630694400
/home/junseokp/workspaces/data/rTea-simul/ref/hg38/Homo_sapiens_assembly38.fasta : chr # 1794  "chrUn_JTFH01000952v1_decoy" chrStart: 3630956544
/home/junseokp/workspaces/data/rTea-simul/ref/hg38/Homo_sapiens_assembly38.fasta : chr # 1795  "chrUn_JTFH01000953v1_decoy" chrStart: 3631218688
/home/junseokp/workspaces/data/rTea-simul/ref/hg38/Homo_sapiens_assembly38.fasta : chr # 1796  "chrUn_JTFH01000954v1_decoy" chrStart: 3631480832
/home/junseokp/workspaces/data/rTea-simul/ref/hg38/Homo_sapiens_assembly38.fasta : chr # 1797  "chrUn_JTFH01000955v1_decoy" chrStart: 3631742976
/home/junseokp/workspaces/data/rTea-simul/ref/hg38/Homo_sapiens_assembly38.fasta : chr # 1798  "chrUn_JTFH01000956v1_decoy" chrStart: 3632005120
/home/junseokp/workspaces/data/rTea-simul/ref/hg38/Homo_sapiens_assembly38.fasta : chr # 1799  "chrUn_JTFH01000957v1_decoy" chrStart: 3632267264
/home/junseokp/workspaces/data/rTea-simul/ref/hg38/Homo_sapiens_assembly38.fasta : chr # 1800  "chrUn_JTFH01000958v1_decoy" chrStart: 3632529408
/home/junseokp/workspaces/data/rTea-simul/ref/hg38/Homo_sapiens_assembly38.fasta : chr # 1801  "chrUn_JTFH01000959v1_decoy" chrStart: 3632791552
/home/junseokp/workspaces/data/rTea-simul/ref/hg38/Homo_sapiens_assembly38.fasta : chr # 1802  "chrUn_JTFH01000960v1_decoy" chrStart: 3633053696
/home/junseokp/workspaces/data/rTea-simul/ref/hg38/Homo_sapiens_assembly38.fasta : chr # 1803  "chrUn_JTFH01000961v1_decoy" chrStart: 3633315840
/home/junseokp/workspaces/data/rTea-simul/ref/hg38/Homo_sapiens_assembly38.fasta : chr # 1804  "chrUn_JTFH01000962v1_decoy" chrStart: 3633577984
/home/junseokp/workspaces/data/rTea-simul/ref/hg38/Homo_sapiens_assembly38.fasta : chr # 1805  "chrUn_JTFH01000963v1_decoy" chrStart: 3633840128
/home/junseokp/workspaces/data/rTea-simul/ref/hg38/Homo_sapiens_assembly38.fasta : chr # 1806  "chrUn_JTFH01000964v1_decoy" chrStart: 3634102272
/home/junseokp/workspaces/data/rTea-simul/ref/hg38/Homo_sapiens_assembly38.fasta : chr # 1807  "chrUn_JTFH01000965v1_decoy" chrStart: 3634364416
/home/junseokp/workspaces/data/rTea-simul/ref/hg38/Homo_sapiens_assembly38.fasta : chr # 1808  "chrUn_JTFH01000966v1_decoy" chrStart: 3634626560
/home/junseokp/workspaces/data/rTea-simul/ref/hg38/Homo_sapiens_assembly38.fasta : chr # 1809  "chrUn_JTFH01000967v1_decoy" chrStart: 3634888704
/home/junseokp/workspaces/data/rTea-simul/ref/hg38/Homo_sapiens_assembly38.fasta : chr # 1810  "chrUn_JTFH01000968v1_decoy" chrStart: 3635150848
/home/junseokp/workspaces/data/rTea-simul/ref/hg38/Homo_sapiens_assembly38.fasta : chr # 1811  "chrUn_JTFH01000969v1_decoy" chrStart: 3635412992
/home/junseokp/workspaces/data/rTea-simul/ref/hg38/Homo_sapiens_assembly38.fasta : chr # 1812  "chrUn_JTFH01000970v1_decoy" chrStart: 3635675136
/home/junseokp/workspaces/data/rTea-simul/ref/hg38/Homo_sapiens_assembly38.fasta : chr # 1813  "chrUn_JTFH01000971v1_decoy" chrStart: 3635937280
/home/junseokp/workspaces/data/rTea-simul/ref/hg38/Homo_sapiens_assembly38.fasta : chr # 1814  "chrUn_JTFH01000972v1_decoy" chrStart: 3636199424
/home/junseokp/workspaces/data/rTea-simul/ref/hg38/Homo_sapiens_assembly38.fasta : chr # 1815  "chrUn_JTFH01000973v1_decoy" chrStart: 3636461568
/home/junseokp/workspaces/data/rTea-simul/ref/hg38/Homo_sapiens_assembly38.fasta : chr # 1816  "chrUn_JTFH01000974v1_decoy" chrStart: 3636723712
/home/junseokp/workspaces/data/rTea-simul/ref/hg38/Homo_sapiens_assembly38.fasta : chr # 1817  "chrUn_JTFH01000975v1_decoy" chrStart: 3636985856
/home/junseokp/workspaces/data/rTea-simul/ref/hg38/Homo_sapiens_assembly38.fasta : chr # 1818  "chrUn_JTFH01000976v1_decoy" chrStart: 3637248000
/home/junseokp/workspaces/data/rTea-simul/ref/hg38/Homo_sapiens_assembly38.fasta : chr # 1819  "chrUn_JTFH01000977v1_decoy" chrStart: 3637510144
/home/junseokp/workspaces/data/rTea-simul/ref/hg38/Homo_sapiens_assembly38.fasta : chr # 1820  "chrUn_JTFH01000978v1_decoy" chrStart: 3637772288
/home/junseokp/workspaces/data/rTea-simul/ref/hg38/Homo_sapiens_assembly38.fasta : chr # 1821  "chrUn_JTFH01000979v1_decoy" chrStart: 3638034432
/home/junseokp/workspaces/data/rTea-simul/ref/hg38/Homo_sapiens_assembly38.fasta : chr # 1822  "chrUn_JTFH01000980v1_decoy" chrStart: 3638296576
/home/junseokp/workspaces/data/rTea-simul/ref/hg38/Homo_sapiens_assembly38.fasta : chr # 1823  "chrUn_JTFH01000981v1_decoy" chrStart: 3638558720
/home/junseokp/workspaces/data/rTea-simul/ref/hg38/Homo_sapiens_assembly38.fasta : chr # 1824  "chrUn_JTFH01000982v1_decoy" chrStart: 3638820864
/home/junseokp/workspaces/data/rTea-simul/ref/hg38/Homo_sapiens_assembly38.fasta : chr # 1825  "chrUn_JTFH01000983v1_decoy" chrStart: 3639083008
/home/junseokp/workspaces/data/rTea-simul/ref/hg38/Homo_sapiens_assembly38.fasta : chr # 1826  "chrUn_JTFH01000984v1_decoy" chrStart: 3639345152
/home/junseokp/workspaces/data/rTea-simul/ref/hg38/Homo_sapiens_assembly38.fasta : chr # 1827  "chrUn_JTFH01000985v1_decoy" chrStart: 3639607296
/home/junseokp/workspaces/data/rTea-simul/ref/hg38/Homo_sapiens_assembly38.fasta : chr # 1828  "chrUn_JTFH01000986v1_decoy" chrStart: 3639869440
/home/junseokp/workspaces/data/rTea-simul/ref/hg38/Homo_sapiens_assembly38.fasta : chr # 1829  "chrUn_JTFH01000987v1_decoy" chrStart: 3640131584
/home/junseokp/workspaces/data/rTea-simul/ref/hg38/Homo_sapiens_assembly38.fasta : chr # 1830  "chrUn_JTFH01000988v1_decoy" chrStart: 3640393728
/home/junseokp/workspaces/data/rTea-simul/ref/hg38/Homo_sapiens_assembly38.fasta : chr # 1831  "chrUn_JTFH01000989v1_decoy" chrStart: 3640655872
/home/junseokp/workspaces/data/rTea-simul/ref/hg38/Homo_sapiens_assembly38.fasta : chr # 1832  "chrUn_JTFH01000990v1_decoy" chrStart: 3640918016
/home/junseokp/workspaces/data/rTea-simul/ref/hg38/Homo_sapiens_assembly38.fasta : chr # 1833  "chrUn_JTFH01000991v1_decoy" chrStart: 3641180160
/home/junseokp/workspaces/data/rTea-simul/ref/hg38/Homo_sapiens_assembly38.fasta : chr # 1834  "chrUn_JTFH01000992v1_decoy" chrStart: 3641442304
/home/junseokp/workspaces/data/rTea-simul/ref/hg38/Homo_sapiens_assembly38.fasta : chr # 1835  "chrUn_JTFH01000993v1_decoy" chrStart: 3641704448
/home/junseokp/workspaces/data/rTea-simul/ref/hg38/Homo_sapiens_assembly38.fasta : chr # 1836  "chrUn_JTFH01000994v1_decoy" chrStart: 3641966592
/home/junseokp/workspaces/data/rTea-simul/ref/hg38/Homo_sapiens_assembly38.fasta : chr # 1837  "chrUn_JTFH01000995v1_decoy" chrStart: 3642228736
/home/junseokp/workspaces/data/rTea-simul/ref/hg38/Homo_sapiens_assembly38.fasta : chr # 1838  "chrUn_JTFH01000996v1_decoy" chrStart: 3642490880
/home/junseokp/workspaces/data/rTea-simul/ref/hg38/Homo_sapiens_assembly38.fasta : chr # 1839  "chrUn_JTFH01000997v1_decoy" chrStart: 3642753024
/home/junseokp/workspaces/data/rTea-simul/ref/hg38/Homo_sapiens_assembly38.fasta : chr # 1840  "chrUn_JTFH01000998v1_decoy" chrStart: 3643015168
/home/junseokp/workspaces/data/rTea-simul/ref/hg38/Homo_sapiens_assembly38.fasta : chr # 1841  "chrUn_JTFH01000999v1_decoy" chrStart: 3643277312
/home/junseokp/workspaces/data/rTea-simul/ref/hg38/Homo_sapiens_assembly38.fasta : chr # 1842  "chrUn_JTFH01001000v1_decoy" chrStart: 3643539456
/home/junseokp/workspaces/data/rTea-simul/ref/hg38/Homo_sapiens_assembly38.fasta : chr # 1843  "chrUn_JTFH01001001v1_decoy" chrStart: 3643801600
/home/junseokp/workspaces/data/rTea-simul/ref/hg38/Homo_sapiens_assembly38.fasta : chr # 1844  "chrUn_JTFH01001002v1_decoy" chrStart: 3644063744
/home/junseokp/workspaces/data/rTea-simul/ref/hg38/Homo_sapiens_assembly38.fasta : chr # 1845  "chrUn_JTFH01001003v1_decoy" chrStart: 3644325888
/home/junseokp/workspaces/data/rTea-simul/ref/hg38/Homo_sapiens_assembly38.fasta : chr # 1846  "chrUn_JTFH01001004v1_decoy" chrStart: 3644588032
/home/junseokp/workspaces/data/rTea-simul/ref/hg38/Homo_sapiens_assembly38.fasta : chr # 1847  "chrUn_JTFH01001005v1_decoy" chrStart: 3644850176
/home/junseokp/workspaces/data/rTea-simul/ref/hg38/Homo_sapiens_assembly38.fasta : chr # 1848  "chrUn_JTFH01001006v1_decoy" chrStart: 3645112320
/home/junseokp/workspaces/data/rTea-simul/ref/hg38/Homo_sapiens_assembly38.fasta : chr # 1849  "chrUn_JTFH01001007v1_decoy" chrStart: 3645374464
/home/junseokp/workspaces/data/rTea-simul/ref/hg38/Homo_sapiens_assembly38.fasta : chr # 1850  "chrUn_JTFH01001008v1_decoy" chrStart: 3645636608
/home/junseokp/workspaces/data/rTea-simul/ref/hg38/Homo_sapiens_assembly38.fasta : chr # 1851  "chrUn_JTFH01001009v1_decoy" chrStart: 3645898752
/home/junseokp/workspaces/data/rTea-simul/ref/hg38/Homo_sapiens_assembly38.fasta : chr # 1852  "chrUn_JTFH01001010v1_decoy" chrStart: 3646160896
/home/junseokp/workspaces/data/rTea-simul/ref/hg38/Homo_sapiens_assembly38.fasta : chr # 1853  "chrUn_JTFH01001011v1_decoy" chrStart: 3646423040
/home/junseokp/workspaces/data/rTea-simul/ref/hg38/Homo_sapiens_assembly38.fasta : chr # 1854  "chrUn_JTFH01001012v1_decoy" chrStart: 3646685184
/home/junseokp/workspaces/data/rTea-simul/ref/hg38/Homo_sapiens_assembly38.fasta : chr # 1855  "chrUn_JTFH01001013v1_decoy" chrStart: 3646947328
/home/junseokp/workspaces/data/rTea-simul/ref/hg38/Homo_sapiens_assembly38.fasta : chr # 1856  "chrUn_JTFH01001014v1_decoy" chrStart: 3647209472
/home/junseokp/workspaces/data/rTea-simul/ref/hg38/Homo_sapiens_assembly38.fasta : chr # 1857  "chrUn_JTFH01001015v1_decoy" chrStart: 3647471616
/home/junseokp/workspaces/data/rTea-simul/ref/hg38/Homo_sapiens_assembly38.fasta : chr # 1858  "chrUn_JTFH01001016v1_decoy" chrStart: 3647733760
/home/junseokp/workspaces/data/rTea-simul/ref/hg38/Homo_sapiens_assembly38.fasta : chr # 1859  "chrUn_JTFH01001017v1_decoy" chrStart: 3647995904
/home/junseokp/workspaces/data/rTea-simul/ref/hg38/Homo_sapiens_assembly38.fasta : chr # 1860  "chrUn_JTFH01001018v1_decoy" chrStart: 3648258048
/home/junseokp/workspaces/data/rTea-simul/ref/hg38/Homo_sapiens_assembly38.fasta : chr # 1861  "chrUn_JTFH01001019v1_decoy" chrStart: 3648520192
/home/junseokp/workspaces/data/rTea-simul/ref/hg38/Homo_sapiens_assembly38.fasta : chr # 1862  "chrUn_JTFH01001020v1_decoy" chrStart: 3648782336
/home/junseokp/workspaces/data/rTea-simul/ref/hg38/Homo_sapiens_assembly38.fasta : chr # 1863  "chrUn_JTFH01001021v1_decoy" chrStart: 3649044480
/home/junseokp/workspaces/data/rTea-simul/ref/hg38/Homo_sapiens_assembly38.fasta : chr # 1864  "chrUn_JTFH01001022v1_decoy" chrStart: 3649306624
/home/junseokp/workspaces/data/rTea-simul/ref/hg38/Homo_sapiens_assembly38.fasta : chr # 1865  "chrUn_JTFH01001023v1_decoy" chrStart: 3649568768
/home/junseokp/workspaces/data/rTea-simul/ref/hg38/Homo_sapiens_assembly38.fasta : chr # 1866  "chrUn_JTFH01001024v1_decoy" chrStart: 3649830912
/home/junseokp/workspaces/data/rTea-simul/ref/hg38/Homo_sapiens_assembly38.fasta : chr # 1867  "chrUn_JTFH01001025v1_decoy" chrStart: 3650093056
/home/junseokp/workspaces/data/rTea-simul/ref/hg38/Homo_sapiens_assembly38.fasta : chr # 1868  "chrUn_JTFH01001026v1_decoy" chrStart: 3650355200
/home/junseokp/workspaces/data/rTea-simul/ref/hg38/Homo_sapiens_assembly38.fasta : chr # 1869  "chrUn_JTFH01001027v1_decoy" chrStart: 3650617344
/home/junseokp/workspaces/data/rTea-simul/ref/hg38/Homo_sapiens_assembly38.fasta : chr # 1870  "chrUn_JTFH01001028v1_decoy" chrStart: 3650879488
/home/junseokp/workspaces/data/rTea-simul/ref/hg38/Homo_sapiens_assembly38.fasta : chr # 1871  "chrUn_JTFH01001029v1_decoy" chrStart: 3651141632
/home/junseokp/workspaces/data/rTea-simul/ref/hg38/Homo_sapiens_assembly38.fasta : chr # 1872  "chrUn_JTFH01001030v1_decoy" chrStart: 3651403776
/home/junseokp/workspaces/data/rTea-simul/ref/hg38/Homo_sapiens_assembly38.fasta : chr # 1873  "chrUn_JTFH01001031v1_decoy" chrStart: 3651665920
/home/junseokp/workspaces/data/rTea-simul/ref/hg38/Homo_sapiens_assembly38.fasta : chr # 1874  "chrUn_JTFH01001032v1_decoy" chrStart: 3651928064
/home/junseokp/workspaces/data/rTea-simul/ref/hg38/Homo_sapiens_assembly38.fasta : chr # 1875  "chrUn_JTFH01001033v1_decoy" chrStart: 3652190208
/home/junseokp/workspaces/data/rTea-simul/ref/hg38/Homo_sapiens_assembly38.fasta : chr # 1876  "chrUn_JTFH01001034v1_decoy" chrStart: 3652452352
/home/junseokp/workspaces/data/rTea-simul/ref/hg38/Homo_sapiens_assembly38.fasta : chr # 1877  "chrUn_JTFH01001035v1_decoy" chrStart: 3652714496
/home/junseokp/workspaces/data/rTea-simul/ref/hg38/Homo_sapiens_assembly38.fasta : chr # 1878  "chrUn_JTFH01001036v1_decoy" chrStart: 3652976640
/home/junseokp/workspaces/data/rTea-simul/ref/hg38/Homo_sapiens_assembly38.fasta : chr # 1879  "chrUn_JTFH01001037v1_decoy" chrStart: 3653238784
/home/junseokp/workspaces/data/rTea-simul/ref/hg38/Homo_sapiens_assembly38.fasta : chr # 1880  "chrUn_JTFH01001038v1_decoy" chrStart: 3653500928
/home/junseokp/workspaces/data/rTea-simul/ref/hg38/Homo_sapiens_assembly38.fasta : chr # 1881  "chrUn_JTFH01001039v1_decoy" chrStart: 3653763072
/home/junseokp/workspaces/data/rTea-simul/ref/hg38/Homo_sapiens_assembly38.fasta : chr # 1882  "chrUn_JTFH01001040v1_decoy" chrStart: 3654025216
/home/junseokp/workspaces/data/rTea-simul/ref/hg38/Homo_sapiens_assembly38.fasta : chr # 1883  "chrUn_JTFH01001041v1_decoy" chrStart: 3654287360
/home/junseokp/workspaces/data/rTea-simul/ref/hg38/Homo_sapiens_assembly38.fasta : chr # 1884  "chrUn_JTFH01001042v1_decoy" chrStart: 3654549504
/home/junseokp/workspaces/data/rTea-simul/ref/hg38/Homo_sapiens_assembly38.fasta : chr # 1885  "chrUn_JTFH01001043v1_decoy" chrStart: 3654811648
/home/junseokp/workspaces/data/rTea-simul/ref/hg38/Homo_sapiens_assembly38.fasta : chr # 1886  "chrUn_JTFH01001044v1_decoy" chrStart: 3655073792
/home/junseokp/workspaces/data/rTea-simul/ref/hg38/Homo_sapiens_assembly38.fasta : chr # 1887  "chrUn_JTFH01001045v1_decoy" chrStart: 3655335936
/home/junseokp/workspaces/data/rTea-simul/ref/hg38/Homo_sapiens_assembly38.fasta : chr # 1888  "chrUn_JTFH01001046v1_decoy" chrStart: 3655598080
/home/junseokp/workspaces/data/rTea-simul/ref/hg38/Homo_sapiens_assembly38.fasta : chr # 1889  "chrUn_JTFH01001047v1_decoy" chrStart: 3655860224
/home/junseokp/workspaces/data/rTea-simul/ref/hg38/Homo_sapiens_assembly38.fasta : chr # 1890  "chrUn_JTFH01001048v1_decoy" chrStart: 3656122368
/home/junseokp/workspaces/data/rTea-simul/ref/hg38/Homo_sapiens_assembly38.fasta : chr # 1891  "chrUn_JTFH01001049v1_decoy" chrStart: 3656384512
/home/junseokp/workspaces/data/rTea-simul/ref/hg38/Homo_sapiens_assembly38.fasta : chr # 1892  "chrUn_JTFH01001050v1_decoy" chrStart: 3656646656
/home/junseokp/workspaces/data/rTea-simul/ref/hg38/Homo_sapiens_assembly38.fasta : chr # 1893  "chrUn_JTFH01001051v1_decoy" chrStart: 3656908800
/home/junseokp/workspaces/data/rTea-simul/ref/hg38/Homo_sapiens_assembly38.fasta : chr # 1894  "chrUn_JTFH01001052v1_decoy" chrStart: 3657170944
/home/junseokp/workspaces/data/rTea-simul/ref/hg38/Homo_sapiens_assembly38.fasta : chr # 1895  "chrUn_JTFH01001053v1_decoy" chrStart: 3657433088
/home/junseokp/workspaces/data/rTea-simul/ref/hg38/Homo_sapiens_assembly38.fasta : chr # 1896  "chrUn_JTFH01001054v1_decoy" chrStart: 3657695232
/home/junseokp/workspaces/data/rTea-simul/ref/hg38/Homo_sapiens_assembly38.fasta : chr # 1897  "chrUn_JTFH01001055v1_decoy" chrStart: 3657957376
/home/junseokp/workspaces/data/rTea-simul/ref/hg38/Homo_sapiens_assembly38.fasta : chr # 1898  "chrUn_JTFH01001056v1_decoy" chrStart: 3658219520
/home/junseokp/workspaces/data/rTea-simul/ref/hg38/Homo_sapiens_assembly38.fasta : chr # 1899  "chrUn_JTFH01001057v1_decoy" chrStart: 3658481664
/home/junseokp/workspaces/data/rTea-simul/ref/hg38/Homo_sapiens_assembly38.fasta : chr # 1900  "chrUn_JTFH01001058v1_decoy" chrStart: 3658743808
/home/junseokp/workspaces/data/rTea-simul/ref/hg38/Homo_sapiens_assembly38.fasta : chr # 1901  "chrUn_JTFH01001059v1_decoy" chrStart: 3659005952
/home/junseokp/workspaces/data/rTea-simul/ref/hg38/Homo_sapiens_assembly38.fasta : chr # 1902  "chrUn_JTFH01001060v1_decoy" chrStart: 3659268096
/home/junseokp/workspaces/data/rTea-simul/ref/hg38/Homo_sapiens_assembly38.fasta : chr # 1903  "chrUn_JTFH01001061v1_decoy" chrStart: 3659530240
/home/junseokp/workspaces/data/rTea-simul/ref/hg38/Homo_sapiens_assembly38.fasta : chr # 1904  "chrUn_JTFH01001062v1_decoy" chrStart: 3659792384
/home/junseokp/workspaces/data/rTea-simul/ref/hg38/Homo_sapiens_assembly38.fasta : chr # 1905  "chrUn_JTFH01001063v1_decoy" chrStart: 3660054528
/home/junseokp/workspaces/data/rTea-simul/ref/hg38/Homo_sapiens_assembly38.fasta : chr # 1906  "chrUn_JTFH01001064v1_decoy" chrStart: 3660316672
/home/junseokp/workspaces/data/rTea-simul/ref/hg38/Homo_sapiens_assembly38.fasta : chr # 1907  "chrUn_JTFH01001065v1_decoy" chrStart: 3660578816
/home/junseokp/workspaces/data/rTea-simul/ref/hg38/Homo_sapiens_assembly38.fasta : chr # 1908  "chrUn_JTFH01001066v1_decoy" chrStart: 3660840960
/home/junseokp/workspaces/data/rTea-simul/ref/hg38/Homo_sapiens_assembly38.fasta : chr # 1909  "chrUn_JTFH01001067v1_decoy" chrStart: 3661103104
/home/junseokp/workspaces/data/rTea-simul/ref/hg38/Homo_sapiens_assembly38.fasta : chr # 1910  "chrUn_JTFH01001068v1_decoy" chrStart: 3661365248
/home/junseokp/workspaces/data/rTea-simul/ref/hg38/Homo_sapiens_assembly38.fasta : chr # 1911  "chrUn_JTFH01001069v1_decoy" chrStart: 3661627392
/home/junseokp/workspaces/data/rTea-simul/ref/hg38/Homo_sapiens_assembly38.fasta : chr # 1912  "chrUn_JTFH01001070v1_decoy" chrStart: 3661889536
/home/junseokp/workspaces/data/rTea-simul/ref/hg38/Homo_sapiens_assembly38.fasta : chr # 1913  "chrUn_JTFH01001071v1_decoy" chrStart: 3662151680
/home/junseokp/workspaces/data/rTea-simul/ref/hg38/Homo_sapiens_assembly38.fasta : chr # 1914  "chrUn_JTFH01001072v1_decoy" chrStart: 3662413824
/home/junseokp/workspaces/data/rTea-simul/ref/hg38/Homo_sapiens_assembly38.fasta : chr # 1915  "chrUn_JTFH01001073v1_decoy" chrStart: 3662675968
/home/junseokp/workspaces/data/rTea-simul/ref/hg38/Homo_sapiens_assembly38.fasta : chr # 1916  "chrUn_JTFH01001074v1_decoy" chrStart: 3662938112
/home/junseokp/workspaces/data/rTea-simul/ref/hg38/Homo_sapiens_assembly38.fasta : chr # 1917  "chrUn_JTFH01001075v1_decoy" chrStart: 3663200256
/home/junseokp/workspaces/data/rTea-simul/ref/hg38/Homo_sapiens_assembly38.fasta : chr # 1918  "chrUn_JTFH01001076v1_decoy" chrStart: 3663462400
/home/junseokp/workspaces/data/rTea-simul/ref/hg38/Homo_sapiens_assembly38.fasta : chr # 1919  "chrUn_JTFH01001077v1_decoy" chrStart: 3663724544
/home/junseokp/workspaces/data/rTea-simul/ref/hg38/Homo_sapiens_assembly38.fasta : chr # 1920  "chrUn_JTFH01001078v1_decoy" chrStart: 3663986688
/home/junseokp/workspaces/data/rTea-simul/ref/hg38/Homo_sapiens_assembly38.fasta : chr # 1921  "chrUn_JTFH01001079v1_decoy" chrStart: 3664248832
/home/junseokp/workspaces/data/rTea-simul/ref/hg38/Homo_sapiens_assembly38.fasta : chr # 1922  "chrUn_JTFH01001080v1_decoy" chrStart: 3664510976
/home/junseokp/workspaces/data/rTea-simul/ref/hg38/Homo_sapiens_assembly38.fasta : chr # 1923  "chrUn_JTFH01001081v1_decoy" chrStart: 3664773120
/home/junseokp/workspaces/data/rTea-simul/ref/hg38/Homo_sapiens_assembly38.fasta : chr # 1924  "chrUn_JTFH01001082v1_decoy" chrStart: 3665035264
/home/junseokp/workspaces/data/rTea-simul/ref/hg38/Homo_sapiens_assembly38.fasta : chr # 1925  "chrUn_JTFH01001083v1_decoy" chrStart: 3665297408
/home/junseokp/workspaces/data/rTea-simul/ref/hg38/Homo_sapiens_assembly38.fasta : chr # 1926  "chrUn_JTFH01001084v1_decoy" chrStart: 3665559552
/home/junseokp/workspaces/data/rTea-simul/ref/hg38/Homo_sapiens_assembly38.fasta : chr # 1927  "chrUn_JTFH01001085v1_decoy" chrStart: 3665821696
/home/junseokp/workspaces/data/rTea-simul/ref/hg38/Homo_sapiens_assembly38.fasta : chr # 1928  "chrUn_JTFH01001086v1_decoy" chrStart: 3666083840
/home/junseokp/workspaces/data/rTea-simul/ref/hg38/Homo_sapiens_assembly38.fasta : chr # 1929  "chrUn_JTFH01001087v1_decoy" chrStart: 3666345984
/home/junseokp/workspaces/data/rTea-simul/ref/hg38/Homo_sapiens_assembly38.fasta : chr # 1930  "chrUn_JTFH01001088v1_decoy" chrStart: 3666608128
/home/junseokp/workspaces/data/rTea-simul/ref/hg38/Homo_sapiens_assembly38.fasta : chr # 1931  "chrUn_JTFH01001089v1_decoy" chrStart: 3666870272
/home/junseokp/workspaces/data/rTea-simul/ref/hg38/Homo_sapiens_assembly38.fasta : chr # 1932  "chrUn_JTFH01001090v1_decoy" chrStart: 3667132416
/home/junseokp/workspaces/data/rTea-simul/ref/hg38/Homo_sapiens_assembly38.fasta : chr # 1933  "chrUn_JTFH01001091v1_decoy" chrStart: 3667394560
/home/junseokp/workspaces/data/rTea-simul/ref/hg38/Homo_sapiens_assembly38.fasta : chr # 1934  "chrUn_JTFH01001092v1_decoy" chrStart: 3667656704
/home/junseokp/workspaces/data/rTea-simul/ref/hg38/Homo_sapiens_assembly38.fasta : chr # 1935  "chrUn_JTFH01001093v1_decoy" chrStart: 3667918848
/home/junseokp/workspaces/data/rTea-simul/ref/hg38/Homo_sapiens_assembly38.fasta : chr # 1936  "chrUn_JTFH01001094v1_decoy" chrStart: 3668180992
/home/junseokp/workspaces/data/rTea-simul/ref/hg38/Homo_sapiens_assembly38.fasta : chr # 1937  "chrUn_JTFH01001095v1_decoy" chrStart: 3668443136
/home/junseokp/workspaces/data/rTea-simul/ref/hg38/Homo_sapiens_assembly38.fasta : chr # 1938  "chrUn_JTFH01001096v1_decoy" chrStart: 3668705280
/home/junseokp/workspaces/data/rTea-simul/ref/hg38/Homo_sapiens_assembly38.fasta : chr # 1939  "chrUn_JTFH01001097v1_decoy" chrStart: 3668967424
/home/junseokp/workspaces/data/rTea-simul/ref/hg38/Homo_sapiens_assembly38.fasta : chr # 1940  "chrUn_JTFH01001098v1_decoy" chrStart: 3669229568
/home/junseokp/workspaces/data/rTea-simul/ref/hg38/Homo_sapiens_assembly38.fasta : chr # 1941  "chrUn_JTFH01001099v1_decoy" chrStart: 3669491712
/home/junseokp/workspaces/data/rTea-simul/ref/hg38/Homo_sapiens_assembly38.fasta : chr # 1942  "chrUn_JTFH01001100v1_decoy" chrStart: 3669753856
/home/junseokp/workspaces/data/rTea-simul/ref/hg38/Homo_sapiens_assembly38.fasta : chr # 1943  "chrUn_JTFH01001101v1_decoy" chrStart: 3670016000
/home/junseokp/workspaces/data/rTea-simul/ref/hg38/Homo_sapiens_assembly38.fasta : chr # 1944  "chrUn_JTFH01001102v1_decoy" chrStart: 3670278144
/home/junseokp/workspaces/data/rTea-simul/ref/hg38/Homo_sapiens_assembly38.fasta : chr # 1945  "chrUn_JTFH01001103v1_decoy" chrStart: 3670540288
/home/junseokp/workspaces/data/rTea-simul/ref/hg38/Homo_sapiens_assembly38.fasta : chr # 1946  "chrUn_JTFH01001104v1_decoy" chrStart: 3670802432
/home/junseokp/workspaces/data/rTea-simul/ref/hg38/Homo_sapiens_assembly38.fasta : chr # 1947  "chrUn_JTFH01001105v1_decoy" chrStart: 3671064576
/home/junseokp/workspaces/data/rTea-simul/ref/hg38/Homo_sapiens_assembly38.fasta : chr # 1948  "chrUn_JTFH01001106v1_decoy" chrStart: 3671326720
/home/junseokp/workspaces/data/rTea-simul/ref/hg38/Homo_sapiens_assembly38.fasta : chr # 1949  "chrUn_JTFH01001107v1_decoy" chrStart: 3671588864
/home/junseokp/workspaces/data/rTea-simul/ref/hg38/Homo_sapiens_assembly38.fasta : chr # 1950  "chrUn_JTFH01001108v1_decoy" chrStart: 3671851008
/home/junseokp/workspaces/data/rTea-simul/ref/hg38/Homo_sapiens_assembly38.fasta : chr # 1951  "chrUn_JTFH01001109v1_decoy" chrStart: 3672113152
/home/junseokp/workspaces/data/rTea-simul/ref/hg38/Homo_sapiens_assembly38.fasta : chr # 1952  "chrUn_JTFH01001110v1_decoy" chrStart: 3672375296
/home/junseokp/workspaces/data/rTea-simul/ref/hg38/Homo_sapiens_assembly38.fasta : chr # 1953  "chrUn_JTFH01001111v1_decoy" chrStart: 3672637440
/home/junseokp/workspaces/data/rTea-simul/ref/hg38/Homo_sapiens_assembly38.fasta : chr # 1954  "chrUn_JTFH01001112v1_decoy" chrStart: 3672899584
/home/junseokp/workspaces/data/rTea-simul/ref/hg38/Homo_sapiens_assembly38.fasta : chr # 1955  "chrUn_JTFH01001113v1_decoy" chrStart: 3673161728
/home/junseokp/workspaces/data/rTea-simul/ref/hg38/Homo_sapiens_assembly38.fasta : chr # 1956  "chrUn_JTFH01001114v1_decoy" chrStart: 3673423872
/home/junseokp/workspaces/data/rTea-simul/ref/hg38/Homo_sapiens_assembly38.fasta : chr # 1957  "chrUn_JTFH01001115v1_decoy" chrStart: 3673686016
/home/junseokp/workspaces/data/rTea-simul/ref/hg38/Homo_sapiens_assembly38.fasta : chr # 1958  "chrUn_JTFH01001116v1_decoy" chrStart: 3673948160
/home/junseokp/workspaces/data/rTea-simul/ref/hg38/Homo_sapiens_assembly38.fasta : chr # 1959  "chrUn_JTFH01001117v1_decoy" chrStart: 3674210304
/home/junseokp/workspaces/data/rTea-simul/ref/hg38/Homo_sapiens_assembly38.fasta : chr # 1960  "chrUn_JTFH01001118v1_decoy" chrStart: 3674472448
/home/junseokp/workspaces/data/rTea-simul/ref/hg38/Homo_sapiens_assembly38.fasta : chr # 1961  "chrUn_JTFH01001119v1_decoy" chrStart: 3674734592
/home/junseokp/workspaces/data/rTea-simul/ref/hg38/Homo_sapiens_assembly38.fasta : chr # 1962  "chrUn_JTFH01001120v1_decoy" chrStart: 3674996736
/home/junseokp/workspaces/data/rTea-simul/ref/hg38/Homo_sapiens_assembly38.fasta : chr # 1963  "chrUn_JTFH01001121v1_decoy" chrStart: 3675258880
/home/junseokp/workspaces/data/rTea-simul/ref/hg38/Homo_sapiens_assembly38.fasta : chr # 1964  "chrUn_JTFH01001122v1_decoy" chrStart: 3675521024
/home/junseokp/workspaces/data/rTea-simul/ref/hg38/Homo_sapiens_assembly38.fasta : chr # 1965  "chrUn_JTFH01001123v1_decoy" chrStart: 3675783168
/home/junseokp/workspaces/data/rTea-simul/ref/hg38/Homo_sapiens_assembly38.fasta : chr # 1966  "chrUn_JTFH01001124v1_decoy" chrStart: 3676045312
/home/junseokp/workspaces/data/rTea-simul/ref/hg38/Homo_sapiens_assembly38.fasta : chr # 1967  "chrUn_JTFH01001125v1_decoy" chrStart: 3676307456
/home/junseokp/workspaces/data/rTea-simul/ref/hg38/Homo_sapiens_assembly38.fasta : chr # 1968  "chrUn_JTFH01001126v1_decoy" chrStart: 3676569600
/home/junseokp/workspaces/data/rTea-simul/ref/hg38/Homo_sapiens_assembly38.fasta : chr # 1969  "chrUn_JTFH01001127v1_decoy" chrStart: 3676831744
/home/junseokp/workspaces/data/rTea-simul/ref/hg38/Homo_sapiens_assembly38.fasta : chr # 1970  "chrUn_JTFH01001128v1_decoy" chrStart: 3677093888
/home/junseokp/workspaces/data/rTea-simul/ref/hg38/Homo_sapiens_assembly38.fasta : chr # 1971  "chrUn_JTFH01001129v1_decoy" chrStart: 3677356032
/home/junseokp/workspaces/data/rTea-simul/ref/hg38/Homo_sapiens_assembly38.fasta : chr # 1972  "chrUn_JTFH01001130v1_decoy" chrStart: 3677618176
/home/junseokp/workspaces/data/rTea-simul/ref/hg38/Homo_sapiens_assembly38.fasta : chr # 1973  "chrUn_JTFH01001131v1_decoy" chrStart: 3677880320
/home/junseokp/workspaces/data/rTea-simul/ref/hg38/Homo_sapiens_assembly38.fasta : chr # 1974  "chrUn_JTFH01001132v1_decoy" chrStart: 3678142464
/home/junseokp/workspaces/data/rTea-simul/ref/hg38/Homo_sapiens_assembly38.fasta : chr # 1975  "chrUn_JTFH01001133v1_decoy" chrStart: 3678404608
/home/junseokp/workspaces/data/rTea-simul/ref/hg38/Homo_sapiens_assembly38.fasta : chr # 1976  "chrUn_JTFH01001134v1_decoy" chrStart: 3678666752
/home/junseokp/workspaces/data/rTea-simul/ref/hg38/Homo_sapiens_assembly38.fasta : chr # 1977  "chrUn_JTFH01001135v1_decoy" chrStart: 3678928896
/home/junseokp/workspaces/data/rTea-simul/ref/hg38/Homo_sapiens_assembly38.fasta : chr # 1978  "chrUn_JTFH01001136v1_decoy" chrStart: 3679191040
/home/junseokp/workspaces/data/rTea-simul/ref/hg38/Homo_sapiens_assembly38.fasta : chr # 1979  "chrUn_JTFH01001137v1_decoy" chrStart: 3679453184
/home/junseokp/workspaces/data/rTea-simul/ref/hg38/Homo_sapiens_assembly38.fasta : chr # 1980  "chrUn_JTFH01001138v1_decoy" chrStart: 3679715328
/home/junseokp/workspaces/data/rTea-simul/ref/hg38/Homo_sapiens_assembly38.fasta : chr # 1981  "chrUn_JTFH01001139v1_decoy" chrStart: 3679977472
/home/junseokp/workspaces/data/rTea-simul/ref/hg38/Homo_sapiens_assembly38.fasta : chr # 1982  "chrUn_JTFH01001140v1_decoy" chrStart: 3680239616
/home/junseokp/workspaces/data/rTea-simul/ref/hg38/Homo_sapiens_assembly38.fasta : chr # 1983  "chrUn_JTFH01001141v1_decoy" chrStart: 3680501760
/home/junseokp/workspaces/data/rTea-simul/ref/hg38/Homo_sapiens_assembly38.fasta : chr # 1984  "chrUn_JTFH01001142v1_decoy" chrStart: 3680763904
/home/junseokp/workspaces/data/rTea-simul/ref/hg38/Homo_sapiens_assembly38.fasta : chr # 1985  "chrUn_JTFH01001143v1_decoy" chrStart: 3681026048
/home/junseokp/workspaces/data/rTea-simul/ref/hg38/Homo_sapiens_assembly38.fasta : chr # 1986  "chrUn_JTFH01001144v1_decoy" chrStart: 3681288192
/home/junseokp/workspaces/data/rTea-simul/ref/hg38/Homo_sapiens_assembly38.fasta : chr # 1987  "chrUn_JTFH01001145v1_decoy" chrStart: 3681550336
/home/junseokp/workspaces/data/rTea-simul/ref/hg38/Homo_sapiens_assembly38.fasta : chr # 1988  "chrUn_JTFH01001146v1_decoy" chrStart: 3681812480
/home/junseokp/workspaces/data/rTea-simul/ref/hg38/Homo_sapiens_assembly38.fasta : chr # 1989  "chrUn_JTFH01001147v1_decoy" chrStart: 3682074624
/home/junseokp/workspaces/data/rTea-simul/ref/hg38/Homo_sapiens_assembly38.fasta : chr # 1990  "chrUn_JTFH01001148v1_decoy" chrStart: 3682336768
/home/junseokp/workspaces/data/rTea-simul/ref/hg38/Homo_sapiens_assembly38.fasta : chr # 1991  "chrUn_JTFH01001149v1_decoy" chrStart: 3682598912
/home/junseokp/workspaces/data/rTea-simul/ref/hg38/Homo_sapiens_assembly38.fasta : chr # 1992  "chrUn_JTFH01001150v1_decoy" chrStart: 3682861056
/home/junseokp/workspaces/data/rTea-simul/ref/hg38/Homo_sapiens_assembly38.fasta : chr # 1993  "chrUn_JTFH01001151v1_decoy" chrStart: 3683123200
/home/junseokp/workspaces/data/rTea-simul/ref/hg38/Homo_sapiens_assembly38.fasta : chr # 1994  "chrUn_JTFH01001152v1_decoy" chrStart: 3683385344
/home/junseokp/workspaces/data/rTea-simul/ref/hg38/Homo_sapiens_assembly38.fasta : chr # 1995  "chrUn_JTFH01001153v1_decoy" chrStart: 3683647488
/home/junseokp/workspaces/data/rTea-simul/ref/hg38/Homo_sapiens_assembly38.fasta : chr # 1996  "chrUn_JTFH01001154v1_decoy" chrStart: 3683909632
/home/junseokp/workspaces/data/rTea-simul/ref/hg38/Homo_sapiens_assembly38.fasta : chr # 1997  "chrUn_JTFH01001155v1_decoy" chrStart: 3684171776
/home/junseokp/workspaces/data/rTea-simul/ref/hg38/Homo_sapiens_assembly38.fasta : chr # 1998  "chrUn_JTFH01001156v1_decoy" chrStart: 3684433920
/home/junseokp/workspaces/data/rTea-simul/ref/hg38/Homo_sapiens_assembly38.fasta : chr # 1999  "chrUn_JTFH01001157v1_decoy" chrStart: 3684696064
/home/junseokp/workspaces/data/rTea-simul/ref/hg38/Homo_sapiens_assembly38.fasta : chr # 2000  "chrUn_JTFH01001158v1_decoy" chrStart: 3684958208
/home/junseokp/workspaces/data/rTea-simul/ref/hg38/Homo_sapiens_assembly38.fasta : chr # 2001  "chrUn_JTFH01001159v1_decoy" chrStart: 3685220352
/home/junseokp/workspaces/data/rTea-simul/ref/hg38/Homo_sapiens_assembly38.fasta : chr # 2002  "chrUn_JTFH01001160v1_decoy" chrStart: 3685482496
/home/junseokp/workspaces/data/rTea-simul/ref/hg38/Homo_sapiens_assembly38.fasta : chr # 2003  "chrUn_JTFH01001161v1_decoy" chrStart: 3685744640
/home/junseokp/workspaces/data/rTea-simul/ref/hg38/Homo_sapiens_assembly38.fasta : chr # 2004  "chrUn_JTFH01001162v1_decoy" chrStart: 3686006784
/home/junseokp/workspaces/data/rTea-simul/ref/hg38/Homo_sapiens_assembly38.fasta : chr # 2005  "chrUn_JTFH01001163v1_decoy" chrStart: 3686268928
/home/junseokp/workspaces/data/rTea-simul/ref/hg38/Homo_sapiens_assembly38.fasta : chr # 2006  "chrUn_JTFH01001164v1_decoy" chrStart: 3686531072
/home/junseokp/workspaces/data/rTea-simul/ref/hg38/Homo_sapiens_assembly38.fasta : chr # 2007  "chrUn_JTFH01001165v1_decoy" chrStart: 3686793216
/home/junseokp/workspaces/data/rTea-simul/ref/hg38/Homo_sapiens_assembly38.fasta : chr # 2008  "chrUn_JTFH01001166v1_decoy" chrStart: 3687055360
/home/junseokp/workspaces/data/rTea-simul/ref/hg38/Homo_sapiens_assembly38.fasta : chr # 2009  "chrUn_JTFH01001167v1_decoy" chrStart: 3687317504
/home/junseokp/workspaces/data/rTea-simul/ref/hg38/Homo_sapiens_assembly38.fasta : chr # 2010  "chrUn_JTFH01001168v1_decoy" chrStart: 3687579648
/home/junseokp/workspaces/data/rTea-simul/ref/hg38/Homo_sapiens_assembly38.fasta : chr # 2011  "chrUn_JTFH01001169v1_decoy" chrStart: 3687841792
/home/junseokp/workspaces/data/rTea-simul/ref/hg38/Homo_sapiens_assembly38.fasta : chr # 2012  "chrUn_JTFH01001170v1_decoy" chrStart: 3688103936
/home/junseokp/workspaces/data/rTea-simul/ref/hg38/Homo_sapiens_assembly38.fasta : chr # 2013  "chrUn_JTFH01001171v1_decoy" chrStart: 3688366080
/home/junseokp/workspaces/data/rTea-simul/ref/hg38/Homo_sapiens_assembly38.fasta : chr # 2014  "chrUn_JTFH01001172v1_decoy" chrStart: 3688628224
/home/junseokp/workspaces/data/rTea-simul/ref/hg38/Homo_sapiens_assembly38.fasta : chr # 2015  "chrUn_JTFH01001173v1_decoy" chrStart: 3688890368
/home/junseokp/workspaces/data/rTea-simul/ref/hg38/Homo_sapiens_assembly38.fasta : chr # 2016  "chrUn_JTFH01001174v1_decoy" chrStart: 3689152512
/home/junseokp/workspaces/data/rTea-simul/ref/hg38/Homo_sapiens_assembly38.fasta : chr # 2017  "chrUn_JTFH01001175v1_decoy" chrStart: 3689414656
/home/junseokp/workspaces/data/rTea-simul/ref/hg38/Homo_sapiens_assembly38.fasta : chr # 2018  "chrUn_JTFH01001176v1_decoy" chrStart: 3689676800
/home/junseokp/workspaces/data/rTea-simul/ref/hg38/Homo_sapiens_assembly38.fasta : chr # 2019  "chrUn_JTFH01001177v1_decoy" chrStart: 3689938944
/home/junseokp/workspaces/data/rTea-simul/ref/hg38/Homo_sapiens_assembly38.fasta : chr # 2020  "chrUn_JTFH01001178v1_decoy" chrStart: 3690201088
/home/junseokp/workspaces/data/rTea-simul/ref/hg38/Homo_sapiens_assembly38.fasta : chr # 2021  "chrUn_JTFH01001179v1_decoy" chrStart: 3690463232
/home/junseokp/workspaces/data/rTea-simul/ref/hg38/Homo_sapiens_assembly38.fasta : chr # 2022  "chrUn_JTFH01001180v1_decoy" chrStart: 3690725376
/home/junseokp/workspaces/data/rTea-simul/ref/hg38/Homo_sapiens_assembly38.fasta : chr # 2023  "chrUn_JTFH01001181v1_decoy" chrStart: 3690987520
/home/junseokp/workspaces/data/rTea-simul/ref/hg38/Homo_sapiens_assembly38.fasta : chr # 2024  "chrUn_JTFH01001182v1_decoy" chrStart: 3691249664
/home/junseokp/workspaces/data/rTea-simul/ref/hg38/Homo_sapiens_assembly38.fasta : chr # 2025  "chrUn_JTFH01001183v1_decoy" chrStart: 3691511808
/home/junseokp/workspaces/data/rTea-simul/ref/hg38/Homo_sapiens_assembly38.fasta : chr # 2026  "chrUn_JTFH01001184v1_decoy" chrStart: 3691773952
/home/junseokp/workspaces/data/rTea-simul/ref/hg38/Homo_sapiens_assembly38.fasta : chr # 2027  "chrUn_JTFH01001185v1_decoy" chrStart: 3692036096
/home/junseokp/workspaces/data/rTea-simul/ref/hg38/Homo_sapiens_assembly38.fasta : chr # 2028  "chrUn_JTFH01001186v1_decoy" chrStart: 3692298240
/home/junseokp/workspaces/data/rTea-simul/ref/hg38/Homo_sapiens_assembly38.fasta : chr # 2029  "chrUn_JTFH01001187v1_decoy" chrStart: 3692560384
/home/junseokp/workspaces/data/rTea-simul/ref/hg38/Homo_sapiens_assembly38.fasta : chr # 2030  "chrUn_JTFH01001188v1_decoy" chrStart: 3692822528
/home/junseokp/workspaces/data/rTea-simul/ref/hg38/Homo_sapiens_assembly38.fasta : chr # 2031  "chrUn_JTFH01001189v1_decoy" chrStart: 3693084672
/home/junseokp/workspaces/data/rTea-simul/ref/hg38/Homo_sapiens_assembly38.fasta : chr # 2032  "chrUn_JTFH01001190v1_decoy" chrStart: 3693346816
/home/junseokp/workspaces/data/rTea-simul/ref/hg38/Homo_sapiens_assembly38.fasta : chr # 2033  "chrUn_JTFH01001191v1_decoy" chrStart: 3693608960
/home/junseokp/workspaces/data/rTea-simul/ref/hg38/Homo_sapiens_assembly38.fasta : chr # 2034  "chrUn_JTFH01001192v1_decoy" chrStart: 3693871104
/home/junseokp/workspaces/data/rTea-simul/ref/hg38/Homo_sapiens_assembly38.fasta : chr # 2035  "chrUn_JTFH01001193v1_decoy" chrStart: 3694133248
/home/junseokp/workspaces/data/rTea-simul/ref/hg38/Homo_sapiens_assembly38.fasta : chr # 2036  "chrUn_JTFH01001194v1_decoy" chrStart: 3694395392
/home/junseokp/workspaces/data/rTea-simul/ref/hg38/Homo_sapiens_assembly38.fasta : chr # 2037  "chrUn_JTFH01001195v1_decoy" chrStart: 3694657536
/home/junseokp/workspaces/data/rTea-simul/ref/hg38/Homo_sapiens_assembly38.fasta : chr # 2038  "chrUn_JTFH01001196v1_decoy" chrStart: 3694919680
/home/junseokp/workspaces/data/rTea-simul/ref/hg38/Homo_sapiens_assembly38.fasta : chr # 2039  "chrUn_JTFH01001197v1_decoy" chrStart: 3695181824
/home/junseokp/workspaces/data/rTea-simul/ref/hg38/Homo_sapiens_assembly38.fasta : chr # 2040  "chrUn_JTFH01001198v1_decoy" chrStart: 3695443968
/home/junseokp/workspaces/data/rTea-simul/ref/hg38/Homo_sapiens_assembly38.fasta : chr # 2041  "chrUn_JTFH01001199v1_decoy" chrStart: 3695706112
/home/junseokp/workspaces/data/rTea-simul/ref/hg38/Homo_sapiens_assembly38.fasta : chr # 2042  "chrUn_JTFH01001200v1_decoy" chrStart: 3695968256
/home/junseokp/workspaces/data/rTea-simul/ref/hg38/Homo_sapiens_assembly38.fasta : chr # 2043  "chrUn_JTFH01001201v1_decoy" chrStart: 3696230400
/home/junseokp/workspaces/data/rTea-simul/ref/hg38/Homo_sapiens_assembly38.fasta : chr # 2044  "chrUn_JTFH01001202v1_decoy" chrStart: 3696492544
/home/junseokp/workspaces/data/rTea-simul/ref/hg38/Homo_sapiens_assembly38.fasta : chr # 2045  "chrUn_JTFH01001203v1_decoy" chrStart: 3696754688
/home/junseokp/workspaces/data/rTea-simul/ref/hg38/Homo_sapiens_assembly38.fasta : chr # 2046  "chrUn_JTFH01001204v1_decoy" chrStart: 3697016832
/home/junseokp/workspaces/data/rTea-simul/ref/hg38/Homo_sapiens_assembly38.fasta : chr # 2047  "chrUn_JTFH01001205v1_decoy" chrStart: 3697278976
/home/junseokp/workspaces/data/rTea-simul/ref/hg38/Homo_sapiens_assembly38.fasta : chr # 2048  "chrUn_JTFH01001206v1_decoy" chrStart: 3697541120
/home/junseokp/workspaces/data/rTea-simul/ref/hg38/Homo_sapiens_assembly38.fasta : chr # 2049  "chrUn_JTFH01001207v1_decoy" chrStart: 3697803264
/home/junseokp/workspaces/data/rTea-simul/ref/hg38/Homo_sapiens_assembly38.fasta : chr # 2050  "chrUn_JTFH01001208v1_decoy" chrStart: 3698065408
/home/junseokp/workspaces/data/rTea-simul/ref/hg38/Homo_sapiens_assembly38.fasta : chr # 2051  "chrUn_JTFH01001209v1_decoy" chrStart: 3698327552
/home/junseokp/workspaces/data/rTea-simul/ref/hg38/Homo_sapiens_assembly38.fasta : chr # 2052  "chrUn_JTFH01001210v1_decoy" chrStart: 3698589696
/home/junseokp/workspaces/data/rTea-simul/ref/hg38/Homo_sapiens_assembly38.fasta : chr # 2053  "chrUn_JTFH01001211v1_decoy" chrStart: 3698851840
/home/junseokp/workspaces/data/rTea-simul/ref/hg38/Homo_sapiens_assembly38.fasta : chr # 2054  "chrUn_JTFH01001212v1_decoy" chrStart: 3699113984
/home/junseokp/workspaces/data/rTea-simul/ref/hg38/Homo_sapiens_assembly38.fasta : chr # 2055  "chrUn_JTFH01001213v1_decoy" chrStart: 3699376128
/home/junseokp/workspaces/data/rTea-simul/ref/hg38/Homo_sapiens_assembly38.fasta : chr # 2056  "chrUn_JTFH01001214v1_decoy" chrStart: 3699638272
/home/junseokp/workspaces/data/rTea-simul/ref/hg38/Homo_sapiens_assembly38.fasta : chr # 2057  "chrUn_JTFH01001215v1_decoy" chrStart: 3699900416
/home/junseokp/workspaces/data/rTea-simul/ref/hg38/Homo_sapiens_assembly38.fasta : chr # 2058  "chrUn_JTFH01001216v1_decoy" chrStart: 3700162560
/home/junseokp/workspaces/data/rTea-simul/ref/hg38/Homo_sapiens_assembly38.fasta : chr # 2059  "chrUn_JTFH01001217v1_decoy" chrStart: 3700424704
/home/junseokp/workspaces/data/rTea-simul/ref/hg38/Homo_sapiens_assembly38.fasta : chr # 2060  "chrUn_JTFH01001218v1_decoy" chrStart: 3700686848
/home/junseokp/workspaces/data/rTea-simul/ref/hg38/Homo_sapiens_assembly38.fasta : chr # 2061  "chrUn_JTFH01001219v1_decoy" chrStart: 3700948992
/home/junseokp/workspaces/data/rTea-simul/ref/hg38/Homo_sapiens_assembly38.fasta : chr # 2062  "chrUn_JTFH01001220v1_decoy" chrStart: 3701211136
/home/junseokp/workspaces/data/rTea-simul/ref/hg38/Homo_sapiens_assembly38.fasta : chr # 2063  "chrUn_JTFH01001221v1_decoy" chrStart: 3701473280
/home/junseokp/workspaces/data/rTea-simul/ref/hg38/Homo_sapiens_assembly38.fasta : chr # 2064  "chrUn_JTFH01001222v1_decoy" chrStart: 3701735424
/home/junseokp/workspaces/data/rTea-simul/ref/hg38/Homo_sapiens_assembly38.fasta : chr # 2065  "chrUn_JTFH01001223v1_decoy" chrStart: 3701997568
/home/junseokp/workspaces/data/rTea-simul/ref/hg38/Homo_sapiens_assembly38.fasta : chr # 2066  "chrUn_JTFH01001224v1_decoy" chrStart: 3702259712
/home/junseokp/workspaces/data/rTea-simul/ref/hg38/Homo_sapiens_assembly38.fasta : chr # 2067  "chrUn_JTFH01001225v1_decoy" chrStart: 3702521856
/home/junseokp/workspaces/data/rTea-simul/ref/hg38/Homo_sapiens_assembly38.fasta : chr # 2068  "chrUn_JTFH01001226v1_decoy" chrStart: 3702784000
/home/junseokp/workspaces/data/rTea-simul/ref/hg38/Homo_sapiens_assembly38.fasta : chr # 2069  "chrUn_JTFH01001227v1_decoy" chrStart: 3703046144
/home/junseokp/workspaces/data/rTea-simul/ref/hg38/Homo_sapiens_assembly38.fasta : chr # 2070  "chrUn_JTFH01001228v1_decoy" chrStart: 3703308288
/home/junseokp/workspaces/data/rTea-simul/ref/hg38/Homo_sapiens_assembly38.fasta : chr # 2071  "chrUn_JTFH01001229v1_decoy" chrStart: 3703570432
/home/junseokp/workspaces/data/rTea-simul/ref/hg38/Homo_sapiens_assembly38.fasta : chr # 2072  "chrUn_JTFH01001230v1_decoy" chrStart: 3703832576
/home/junseokp/workspaces/data/rTea-simul/ref/hg38/Homo_sapiens_assembly38.fasta : chr # 2073  "chrUn_JTFH01001231v1_decoy" chrStart: 3704094720
/home/junseokp/workspaces/data/rTea-simul/ref/hg38/Homo_sapiens_assembly38.fasta : chr # 2074  "chrUn_JTFH01001232v1_decoy" chrStart: 3704356864
/home/junseokp/workspaces/data/rTea-simul/ref/hg38/Homo_sapiens_assembly38.fasta : chr # 2075  "chrUn_JTFH01001233v1_decoy" chrStart: 3704619008
/home/junseokp/workspaces/data/rTea-simul/ref/hg38/Homo_sapiens_assembly38.fasta : chr # 2076  "chrUn_JTFH01001234v1_decoy" chrStart: 3704881152
/home/junseokp/workspaces/data/rTea-simul/ref/hg38/Homo_sapiens_assembly38.fasta : chr # 2077  "chrUn_JTFH01001235v1_decoy" chrStart: 3705143296
/home/junseokp/workspaces/data/rTea-simul/ref/hg38/Homo_sapiens_assembly38.fasta : chr # 2078  "chrUn_JTFH01001236v1_decoy" chrStart: 3705405440
/home/junseokp/workspaces/data/rTea-simul/ref/hg38/Homo_sapiens_assembly38.fasta : chr # 2079  "chrUn_JTFH01001237v1_decoy" chrStart: 3705667584
/home/junseokp/workspaces/data/rTea-simul/ref/hg38/Homo_sapiens_assembly38.fasta : chr # 2080  "chrUn_JTFH01001238v1_decoy" chrStart: 3705929728
/home/junseokp/workspaces/data/rTea-simul/ref/hg38/Homo_sapiens_assembly38.fasta : chr # 2081  "chrUn_JTFH01001239v1_decoy" chrStart: 3706191872
/home/junseokp/workspaces/data/rTea-simul/ref/hg38/Homo_sapiens_assembly38.fasta : chr # 2082  "chrUn_JTFH01001240v1_decoy" chrStart: 3706454016
/home/junseokp/workspaces/data/rTea-simul/ref/hg38/Homo_sapiens_assembly38.fasta : chr # 2083  "chrUn_JTFH01001241v1_decoy" chrStart: 3706716160
/home/junseokp/workspaces/data/rTea-simul/ref/hg38/Homo_sapiens_assembly38.fasta : chr # 2084  "chrUn_JTFH01001242v1_decoy" chrStart: 3706978304
/home/junseokp/workspaces/data/rTea-simul/ref/hg38/Homo_sapiens_assembly38.fasta : chr # 2085  "chrUn_JTFH01001243v1_decoy" chrStart: 3707240448
/home/junseokp/workspaces/data/rTea-simul/ref/hg38/Homo_sapiens_assembly38.fasta : chr # 2086  "chrUn_JTFH01001244v1_decoy" chrStart: 3707502592
/home/junseokp/workspaces/data/rTea-simul/ref/hg38/Homo_sapiens_assembly38.fasta : chr # 2087  "chrUn_JTFH01001245v1_decoy" chrStart: 3707764736
/home/junseokp/workspaces/data/rTea-simul/ref/hg38/Homo_sapiens_assembly38.fasta : chr # 2088  "chrUn_JTFH01001246v1_decoy" chrStart: 3708026880
/home/junseokp/workspaces/data/rTea-simul/ref/hg38/Homo_sapiens_assembly38.fasta : chr # 2089  "chrUn_JTFH01001247v1_decoy" chrStart: 3708289024
/home/junseokp/workspaces/data/rTea-simul/ref/hg38/Homo_sapiens_assembly38.fasta : chr # 2090  "chrUn_JTFH01001248v1_decoy" chrStart: 3708551168
/home/junseokp/workspaces/data/rTea-simul/ref/hg38/Homo_sapiens_assembly38.fasta : chr # 2091  "chrUn_JTFH01001249v1_decoy" chrStart: 3708813312
/home/junseokp/workspaces/data/rTea-simul/ref/hg38/Homo_sapiens_assembly38.fasta : chr # 2092  "chrUn_JTFH01001250v1_decoy" chrStart: 3709075456
/home/junseokp/workspaces/data/rTea-simul/ref/hg38/Homo_sapiens_assembly38.fasta : chr # 2093  "chrUn_JTFH01001251v1_decoy" chrStart: 3709337600
/home/junseokp/workspaces/data/rTea-simul/ref/hg38/Homo_sapiens_assembly38.fasta : chr # 2094  "chrUn_JTFH01001252v1_decoy" chrStart: 3709599744
/home/junseokp/workspaces/data/rTea-simul/ref/hg38/Homo_sapiens_assembly38.fasta : chr # 2095  "chrUn_JTFH01001253v1_decoy" chrStart: 3709861888
/home/junseokp/workspaces/data/rTea-simul/ref/hg38/Homo_sapiens_assembly38.fasta : chr # 2096  "chrUn_JTFH01001254v1_decoy" chrStart: 3710124032
/home/junseokp/workspaces/data/rTea-simul/ref/hg38/Homo_sapiens_assembly38.fasta : chr # 2097  "chrUn_JTFH01001255v1_decoy" chrStart: 3710386176
/home/junseokp/workspaces/data/rTea-simul/ref/hg38/Homo_sapiens_assembly38.fasta : chr # 2098  "chrUn_JTFH01001256v1_decoy" chrStart: 3710648320
/home/junseokp/workspaces/data/rTea-simul/ref/hg38/Homo_sapiens_assembly38.fasta : chr # 2099  "chrUn_JTFH01001257v1_decoy" chrStart: 3710910464
/home/junseokp/workspaces/data/rTea-simul/ref/hg38/Homo_sapiens_assembly38.fasta : chr # 2100  "chrUn_JTFH01001258v1_decoy" chrStart: 3711172608
/home/junseokp/workspaces/data/rTea-simul/ref/hg38/Homo_sapiens_assembly38.fasta : chr # 2101  "chrUn_JTFH01001259v1_decoy" chrStart: 3711434752
/home/junseokp/workspaces/data/rTea-simul/ref/hg38/Homo_sapiens_assembly38.fasta : chr # 2102  "chrUn_JTFH01001260v1_decoy" chrStart: 3711696896
/home/junseokp/workspaces/data/rTea-simul/ref/hg38/Homo_sapiens_assembly38.fasta : chr # 2103  "chrUn_JTFH01001261v1_decoy" chrStart: 3711959040
/home/junseokp/workspaces/data/rTea-simul/ref/hg38/Homo_sapiens_assembly38.fasta : chr # 2104  "chrUn_JTFH01001262v1_decoy" chrStart: 3712221184
/home/junseokp/workspaces/data/rTea-simul/ref/hg38/Homo_sapiens_assembly38.fasta : chr # 2105  "chrUn_JTFH01001263v1_decoy" chrStart: 3712483328
/home/junseokp/workspaces/data/rTea-simul/ref/hg38/Homo_sapiens_assembly38.fasta : chr # 2106  "chrUn_JTFH01001264v1_decoy" chrStart: 3712745472
/home/junseokp/workspaces/data/rTea-simul/ref/hg38/Homo_sapiens_assembly38.fasta : chr # 2107  "chrUn_JTFH01001265v1_decoy" chrStart: 3713007616
/home/junseokp/workspaces/data/rTea-simul/ref/hg38/Homo_sapiens_assembly38.fasta : chr # 2108  "chrUn_JTFH01001266v1_decoy" chrStart: 3713269760
/home/junseokp/workspaces/data/rTea-simul/ref/hg38/Homo_sapiens_assembly38.fasta : chr # 2109  "chrUn_JTFH01001267v1_decoy" chrStart: 3713531904
/home/junseokp/workspaces/data/rTea-simul/ref/hg38/Homo_sapiens_assembly38.fasta : chr # 2110  "chrUn_JTFH01001268v1_decoy" chrStart: 3713794048
/home/junseokp/workspaces/data/rTea-simul/ref/hg38/Homo_sapiens_assembly38.fasta : chr # 2111  "chrUn_JTFH01001269v1_decoy" chrStart: 3714056192
/home/junseokp/workspaces/data/rTea-simul/ref/hg38/Homo_sapiens_assembly38.fasta : chr # 2112  "chrUn_JTFH01001270v1_decoy" chrStart: 3714318336
/home/junseokp/workspaces/data/rTea-simul/ref/hg38/Homo_sapiens_assembly38.fasta : chr # 2113  "chrUn_JTFH01001271v1_decoy" chrStart: 3714580480
/home/junseokp/workspaces/data/rTea-simul/ref/hg38/Homo_sapiens_assembly38.fasta : chr # 2114  "chrUn_JTFH01001272v1_decoy" chrStart: 3714842624
/home/junseokp/workspaces/data/rTea-simul/ref/hg38/Homo_sapiens_assembly38.fasta : chr # 2115  "chrUn_JTFH01001273v1_decoy" chrStart: 3715104768
/home/junseokp/workspaces/data/rTea-simul/ref/hg38/Homo_sapiens_assembly38.fasta : chr # 2116  "chrUn_JTFH01001274v1_decoy" chrStart: 3715366912
/home/junseokp/workspaces/data/rTea-simul/ref/hg38/Homo_sapiens_assembly38.fasta : chr # 2117  "chrUn_JTFH01001275v1_decoy" chrStart: 3715629056
/home/junseokp/workspaces/data/rTea-simul/ref/hg38/Homo_sapiens_assembly38.fasta : chr # 2118  "chrUn_JTFH01001276v1_decoy" chrStart: 3715891200
/home/junseokp/workspaces/data/rTea-simul/ref/hg38/Homo_sapiens_assembly38.fasta : chr # 2119  "chrUn_JTFH01001277v1_decoy" chrStart: 3716153344
/home/junseokp/workspaces/data/rTea-simul/ref/hg38/Homo_sapiens_assembly38.fasta : chr # 2120  "chrUn_JTFH01001278v1_decoy" chrStart: 3716415488
/home/junseokp/workspaces/data/rTea-simul/ref/hg38/Homo_sapiens_assembly38.fasta : chr # 2121  "chrUn_JTFH01001279v1_decoy" chrStart: 3716677632
/home/junseokp/workspaces/data/rTea-simul/ref/hg38/Homo_sapiens_assembly38.fasta : chr # 2122  "chrUn_JTFH01001280v1_decoy" chrStart: 3716939776
/home/junseokp/workspaces/data/rTea-simul/ref/hg38/Homo_sapiens_assembly38.fasta : chr # 2123  "chrUn_JTFH01001281v1_decoy" chrStart: 3717201920
/home/junseokp/workspaces/data/rTea-simul/ref/hg38/Homo_sapiens_assembly38.fasta : chr # 2124  "chrUn_JTFH01001282v1_decoy" chrStart: 3717464064
/home/junseokp/workspaces/data/rTea-simul/ref/hg38/Homo_sapiens_assembly38.fasta : chr # 2125  "chrUn_JTFH01001283v1_decoy" chrStart: 3717726208
/home/junseokp/workspaces/data/rTea-simul/ref/hg38/Homo_sapiens_assembly38.fasta : chr # 2126  "chrUn_JTFH01001284v1_decoy" chrStart: 3717988352
/home/junseokp/workspaces/data/rTea-simul/ref/hg38/Homo_sapiens_assembly38.fasta : chr # 2127  "chrUn_JTFH01001285v1_decoy" chrStart: 3718250496
/home/junseokp/workspaces/data/rTea-simul/ref/hg38/Homo_sapiens_assembly38.fasta : chr # 2128  "chrUn_JTFH01001286v1_decoy" chrStart: 3718512640
/home/junseokp/workspaces/data/rTea-simul/ref/hg38/Homo_sapiens_assembly38.fasta : chr # 2129  "chrUn_JTFH01001287v1_decoy" chrStart: 3718774784
/home/junseokp/workspaces/data/rTea-simul/ref/hg38/Homo_sapiens_assembly38.fasta : chr # 2130  "chrUn_JTFH01001288v1_decoy" chrStart: 3719036928
/home/junseokp/workspaces/data/rTea-simul/ref/hg38/Homo_sapiens_assembly38.fasta : chr # 2131  "chrUn_JTFH01001289v1_decoy" chrStart: 3719299072
/home/junseokp/workspaces/data/rTea-simul/ref/hg38/Homo_sapiens_assembly38.fasta : chr # 2132  "chrUn_JTFH01001290v1_decoy" chrStart: 3719561216
/home/junseokp/workspaces/data/rTea-simul/ref/hg38/Homo_sapiens_assembly38.fasta : chr # 2133  "chrUn_JTFH01001291v1_decoy" chrStart: 3719823360
/home/junseokp/workspaces/data/rTea-simul/ref/hg38/Homo_sapiens_assembly38.fasta : chr # 2134  "chrUn_JTFH01001292v1_decoy" chrStart: 3720085504
/home/junseokp/workspaces/data/rTea-simul/ref/hg38/Homo_sapiens_assembly38.fasta : chr # 2135  "chrUn_JTFH01001293v1_decoy" chrStart: 3720347648
/home/junseokp/workspaces/data/rTea-simul/ref/hg38/Homo_sapiens_assembly38.fasta : chr # 2136  "chrUn_JTFH01001294v1_decoy" chrStart: 3720609792
/home/junseokp/workspaces/data/rTea-simul/ref/hg38/Homo_sapiens_assembly38.fasta : chr # 2137  "chrUn_JTFH01001295v1_decoy" chrStart: 3720871936
/home/junseokp/workspaces/data/rTea-simul/ref/hg38/Homo_sapiens_assembly38.fasta : chr # 2138  "chrUn_JTFH01001296v1_decoy" chrStart: 3721134080
/home/junseokp/workspaces/data/rTea-simul/ref/hg38/Homo_sapiens_assembly38.fasta : chr # 2139  "chrUn_JTFH01001297v1_decoy" chrStart: 3721396224
/home/junseokp/workspaces/data/rTea-simul/ref/hg38/Homo_sapiens_assembly38.fasta : chr # 2140  "chrUn_JTFH01001298v1_decoy" chrStart: 3721658368
/home/junseokp/workspaces/data/rTea-simul/ref/hg38/Homo_sapiens_assembly38.fasta : chr # 2141  "chrUn_JTFH01001299v1_decoy" chrStart: 3721920512
/home/junseokp/workspaces/data/rTea-simul/ref/hg38/Homo_sapiens_assembly38.fasta : chr # 2142  "chrUn_JTFH01001300v1_decoy" chrStart: 3722182656
/home/junseokp/workspaces/data/rTea-simul/ref/hg38/Homo_sapiens_assembly38.fasta : chr # 2143  "chrUn_JTFH01001301v1_decoy" chrStart: 3722444800
/home/junseokp/workspaces/data/rTea-simul/ref/hg38/Homo_sapiens_assembly38.fasta : chr # 2144  "chrUn_JTFH01001302v1_decoy" chrStart: 3722706944
/home/junseokp/workspaces/data/rTea-simul/ref/hg38/Homo_sapiens_assembly38.fasta : chr # 2145  "chrUn_JTFH01001303v1_decoy" chrStart: 3722969088
/home/junseokp/workspaces/data/rTea-simul/ref/hg38/Homo_sapiens_assembly38.fasta : chr # 2146  "chrUn_JTFH01001304v1_decoy" chrStart: 3723231232
/home/junseokp/workspaces/data/rTea-simul/ref/hg38/Homo_sapiens_assembly38.fasta : chr # 2147  "chrUn_JTFH01001305v1_decoy" chrStart: 3723493376
/home/junseokp/workspaces/data/rTea-simul/ref/hg38/Homo_sapiens_assembly38.fasta : chr # 2148  "chrUn_JTFH01001306v1_decoy" chrStart: 3723755520
/home/junseokp/workspaces/data/rTea-simul/ref/hg38/Homo_sapiens_assembly38.fasta : chr # 2149  "chrUn_JTFH01001307v1_decoy" chrStart: 3724017664
/home/junseokp/workspaces/data/rTea-simul/ref/hg38/Homo_sapiens_assembly38.fasta : chr # 2150  "chrUn_JTFH01001308v1_decoy" chrStart: 3724279808
/home/junseokp/workspaces/data/rTea-simul/ref/hg38/Homo_sapiens_assembly38.fasta : chr # 2151  "chrUn_JTFH01001309v1_decoy" chrStart: 3724541952
/home/junseokp/workspaces/data/rTea-simul/ref/hg38/Homo_sapiens_assembly38.fasta : chr # 2152  "chrUn_JTFH01001310v1_decoy" chrStart: 3724804096
/home/junseokp/workspaces/data/rTea-simul/ref/hg38/Homo_sapiens_assembly38.fasta : chr # 2153  "chrUn_JTFH01001311v1_decoy" chrStart: 3725066240
/home/junseokp/workspaces/data/rTea-simul/ref/hg38/Homo_sapiens_assembly38.fasta : chr # 2154  "chrUn_JTFH01001312v1_decoy" chrStart: 3725328384
/home/junseokp/workspaces/data/rTea-simul/ref/hg38/Homo_sapiens_assembly38.fasta : chr # 2155  "chrUn_JTFH01001313v1_decoy" chrStart: 3725590528
/home/junseokp/workspaces/data/rTea-simul/ref/hg38/Homo_sapiens_assembly38.fasta : chr # 2156  "chrUn_JTFH01001314v1_decoy" chrStart: 3725852672
/home/junseokp/workspaces/data/rTea-simul/ref/hg38/Homo_sapiens_assembly38.fasta : chr # 2157  "chrUn_JTFH01001315v1_decoy" chrStart: 3726114816
/home/junseokp/workspaces/data/rTea-simul/ref/hg38/Homo_sapiens_assembly38.fasta : chr # 2158  "chrUn_JTFH01001316v1_decoy" chrStart: 3726376960
/home/junseokp/workspaces/data/rTea-simul/ref/hg38/Homo_sapiens_assembly38.fasta : chr # 2159  "chrUn_JTFH01001317v1_decoy" chrStart: 3726639104
/home/junseokp/workspaces/data/rTea-simul/ref/hg38/Homo_sapiens_assembly38.fasta : chr # 2160  "chrUn_JTFH01001318v1_decoy" chrStart: 3726901248
/home/junseokp/workspaces/data/rTea-simul/ref/hg38/Homo_sapiens_assembly38.fasta : chr # 2161  "chrUn_JTFH01001319v1_decoy" chrStart: 3727163392
/home/junseokp/workspaces/data/rTea-simul/ref/hg38/Homo_sapiens_assembly38.fasta : chr # 2162  "chrUn_JTFH01001320v1_decoy" chrStart: 3727425536
/home/junseokp/workspaces/data/rTea-simul/ref/hg38/Homo_sapiens_assembly38.fasta : chr # 2163  "chrUn_JTFH01001321v1_decoy" chrStart: 3727687680
/home/junseokp/workspaces/data/rTea-simul/ref/hg38/Homo_sapiens_assembly38.fasta : chr # 2164  "chrUn_JTFH01001322v1_decoy" chrStart: 3727949824
/home/junseokp/workspaces/data/rTea-simul/ref/hg38/Homo_sapiens_assembly38.fasta : chr # 2165  "chrUn_JTFH01001323v1_decoy" chrStart: 3728211968
/home/junseokp/workspaces/data/rTea-simul/ref/hg38/Homo_sapiens_assembly38.fasta : chr # 2166  "chrUn_JTFH01001324v1_decoy" chrStart: 3728474112
/home/junseokp/workspaces/data/rTea-simul/ref/hg38/Homo_sapiens_assembly38.fasta : chr # 2167  "chrUn_JTFH01001325v1_decoy" chrStart: 3728736256
/home/junseokp/workspaces/data/rTea-simul/ref/hg38/Homo_sapiens_assembly38.fasta : chr # 2168  "chrUn_JTFH01001326v1_decoy" chrStart: 3728998400
/home/junseokp/workspaces/data/rTea-simul/ref/hg38/Homo_sapiens_assembly38.fasta : chr # 2169  "chrUn_JTFH01001327v1_decoy" chrStart: 3729260544
/home/junseokp/workspaces/data/rTea-simul/ref/hg38/Homo_sapiens_assembly38.fasta : chr # 2170  "chrUn_JTFH01001328v1_decoy" chrStart: 3729522688
/home/junseokp/workspaces/data/rTea-simul/ref/hg38/Homo_sapiens_assembly38.fasta : chr # 2171  "chrUn_JTFH01001329v1_decoy" chrStart: 3729784832
/home/junseokp/workspaces/data/rTea-simul/ref/hg38/Homo_sapiens_assembly38.fasta : chr # 2172  "chrUn_JTFH01001330v1_decoy" chrStart: 3730046976
/home/junseokp/workspaces/data/rTea-simul/ref/hg38/Homo_sapiens_assembly38.fasta : chr # 2173  "chrUn_JTFH01001331v1_decoy" chrStart: 3730309120
/home/junseokp/workspaces/data/rTea-simul/ref/hg38/Homo_sapiens_assembly38.fasta : chr # 2174  "chrUn_JTFH01001332v1_decoy" chrStart: 3730571264
/home/junseokp/workspaces/data/rTea-simul/ref/hg38/Homo_sapiens_assembly38.fasta : chr # 2175  "chrUn_JTFH01001333v1_decoy" chrStart: 3730833408
/home/junseokp/workspaces/data/rTea-simul/ref/hg38/Homo_sapiens_assembly38.fasta : chr # 2176  "chrUn_JTFH01001334v1_decoy" chrStart: 3731095552
/home/junseokp/workspaces/data/rTea-simul/ref/hg38/Homo_sapiens_assembly38.fasta : chr # 2177  "chrUn_JTFH01001335v1_decoy" chrStart: 3731357696
/home/junseokp/workspaces/data/rTea-simul/ref/hg38/Homo_sapiens_assembly38.fasta : chr # 2178  "chrUn_JTFH01001336v1_decoy" chrStart: 3731619840
/home/junseokp/workspaces/data/rTea-simul/ref/hg38/Homo_sapiens_assembly38.fasta : chr # 2179  "chrUn_JTFH01001337v1_decoy" chrStart: 3731881984
/home/junseokp/workspaces/data/rTea-simul/ref/hg38/Homo_sapiens_assembly38.fasta : chr # 2180  "chrUn_JTFH01001338v1_decoy" chrStart: 3732144128
/home/junseokp/workspaces/data/rTea-simul/ref/hg38/Homo_sapiens_assembly38.fasta : chr # 2181  "chrUn_JTFH01001339v1_decoy" chrStart: 3732406272
/home/junseokp/workspaces/data/rTea-simul/ref/hg38/Homo_sapiens_assembly38.fasta : chr # 2182  "chrUn_JTFH01001340v1_decoy" chrStart: 3732668416
/home/junseokp/workspaces/data/rTea-simul/ref/hg38/Homo_sapiens_assembly38.fasta : chr # 2183  "chrUn_JTFH01001341v1_decoy" chrStart: 3732930560
/home/junseokp/workspaces/data/rTea-simul/ref/hg38/Homo_sapiens_assembly38.fasta : chr # 2184  "chrUn_JTFH01001342v1_decoy" chrStart: 3733192704
/home/junseokp/workspaces/data/rTea-simul/ref/hg38/Homo_sapiens_assembly38.fasta : chr # 2185  "chrUn_JTFH01001343v1_decoy" chrStart: 3733454848
/home/junseokp/workspaces/data/rTea-simul/ref/hg38/Homo_sapiens_assembly38.fasta : chr # 2186  "chrUn_JTFH01001344v1_decoy" chrStart: 3733716992
/home/junseokp/workspaces/data/rTea-simul/ref/hg38/Homo_sapiens_assembly38.fasta : chr # 2187  "chrUn_JTFH01001345v1_decoy" chrStart: 3733979136
/home/junseokp/workspaces/data/rTea-simul/ref/hg38/Homo_sapiens_assembly38.fasta : chr # 2188  "chrUn_JTFH01001346v1_decoy" chrStart: 3734241280
/home/junseokp/workspaces/data/rTea-simul/ref/hg38/Homo_sapiens_assembly38.fasta : chr # 2189  "chrUn_JTFH01001347v1_decoy" chrStart: 3734503424
/home/junseokp/workspaces/data/rTea-simul/ref/hg38/Homo_sapiens_assembly38.fasta : chr # 2190  "chrUn_JTFH01001348v1_decoy" chrStart: 3734765568
/home/junseokp/workspaces/data/rTea-simul/ref/hg38/Homo_sapiens_assembly38.fasta : chr # 2191  "chrUn_JTFH01001349v1_decoy" chrStart: 3735027712
/home/junseokp/workspaces/data/rTea-simul/ref/hg38/Homo_sapiens_assembly38.fasta : chr # 2192  "chrUn_JTFH01001350v1_decoy" chrStart: 3735289856
/home/junseokp/workspaces/data/rTea-simul/ref/hg38/Homo_sapiens_assembly38.fasta : chr # 2193  "chrUn_JTFH01001351v1_decoy" chrStart: 3735552000
/home/junseokp/workspaces/data/rTea-simul/ref/hg38/Homo_sapiens_assembly38.fasta : chr # 2194  "chrUn_JTFH01001352v1_decoy" chrStart: 3735814144
/home/junseokp/workspaces/data/rTea-simul/ref/hg38/Homo_sapiens_assembly38.fasta : chr # 2195  "chrUn_JTFH01001353v1_decoy" chrStart: 3736076288
/home/junseokp/workspaces/data/rTea-simul/ref/hg38/Homo_sapiens_assembly38.fasta : chr # 2196  "chrUn_JTFH01001354v1_decoy" chrStart: 3736338432
/home/junseokp/workspaces/data/rTea-simul/ref/hg38/Homo_sapiens_assembly38.fasta : chr # 2197  "chrUn_JTFH01001355v1_decoy" chrStart: 3736600576
/home/junseokp/workspaces/data/rTea-simul/ref/hg38/Homo_sapiens_assembly38.fasta : chr # 2198  "chrUn_JTFH01001356v1_decoy" chrStart: 3736862720
/home/junseokp/workspaces/data/rTea-simul/ref/hg38/Homo_sapiens_assembly38.fasta : chr # 2199  "chrUn_JTFH01001357v1_decoy" chrStart: 3737124864
/home/junseokp/workspaces/data/rTea-simul/ref/hg38/Homo_sapiens_assembly38.fasta : chr # 2200  "chrUn_JTFH01001358v1_decoy" chrStart: 3737387008
/home/junseokp/workspaces/data/rTea-simul/ref/hg38/Homo_sapiens_assembly38.fasta : chr # 2201  "chrUn_JTFH01001359v1_decoy" chrStart: 3737649152
/home/junseokp/workspaces/data/rTea-simul/ref/hg38/Homo_sapiens_assembly38.fasta : chr # 2202  "chrUn_JTFH01001360v1_decoy" chrStart: 3737911296
/home/junseokp/workspaces/data/rTea-simul/ref/hg38/Homo_sapiens_assembly38.fasta : chr # 2203  "chrUn_JTFH01001361v1_decoy" chrStart: 3738173440
/home/junseokp/workspaces/data/rTea-simul/ref/hg38/Homo_sapiens_assembly38.fasta : chr # 2204  "chrUn_JTFH01001362v1_decoy" chrStart: 3738435584
/home/junseokp/workspaces/data/rTea-simul/ref/hg38/Homo_sapiens_assembly38.fasta : chr # 2205  "chrUn_JTFH01001363v1_decoy" chrStart: 3738697728
/home/junseokp/workspaces/data/rTea-simul/ref/hg38/Homo_sapiens_assembly38.fasta : chr # 2206  "chrUn_JTFH01001364v1_decoy" chrStart: 3738959872
/home/junseokp/workspaces/data/rTea-simul/ref/hg38/Homo_sapiens_assembly38.fasta : chr # 2207  "chrUn_JTFH01001365v1_decoy" chrStart: 3739222016
/home/junseokp/workspaces/data/rTea-simul/ref/hg38/Homo_sapiens_assembly38.fasta : chr # 2208  "chrUn_JTFH01001366v1_decoy" chrStart: 3739484160
/home/junseokp/workspaces/data/rTea-simul/ref/hg38/Homo_sapiens_assembly38.fasta : chr # 2209  "chrUn_JTFH01001367v1_decoy" chrStart: 3739746304
/home/junseokp/workspaces/data/rTea-simul/ref/hg38/Homo_sapiens_assembly38.fasta : chr # 2210  "chrUn_JTFH01001368v1_decoy" chrStart: 3740008448
/home/junseokp/workspaces/data/rTea-simul/ref/hg38/Homo_sapiens_assembly38.fasta : chr # 2211  "chrUn_JTFH01001369v1_decoy" chrStart: 3740270592
/home/junseokp/workspaces/data/rTea-simul/ref/hg38/Homo_sapiens_assembly38.fasta : chr # 2212  "chrUn_JTFH01001370v1_decoy" chrStart: 3740532736
/home/junseokp/workspaces/data/rTea-simul/ref/hg38/Homo_sapiens_assembly38.fasta : chr # 2213  "chrUn_JTFH01001371v1_decoy" chrStart: 3740794880
/home/junseokp/workspaces/data/rTea-simul/ref/hg38/Homo_sapiens_assembly38.fasta : chr # 2214  "chrUn_JTFH01001372v1_decoy" chrStart: 3741057024
/home/junseokp/workspaces/data/rTea-simul/ref/hg38/Homo_sapiens_assembly38.fasta : chr # 2215  "chrUn_JTFH01001373v1_decoy" chrStart: 3741319168
/home/junseokp/workspaces/data/rTea-simul/ref/hg38/Homo_sapiens_assembly38.fasta : chr # 2216  "chrUn_JTFH01001374v1_decoy" chrStart: 3741581312
/home/junseokp/workspaces/data/rTea-simul/ref/hg38/Homo_sapiens_assembly38.fasta : chr # 2217  "chrUn_JTFH01001375v1_decoy" chrStart: 3741843456
/home/junseokp/workspaces/data/rTea-simul/ref/hg38/Homo_sapiens_assembly38.fasta : chr # 2218  "chrUn_JTFH01001376v1_decoy" chrStart: 3742105600
/home/junseokp/workspaces/data/rTea-simul/ref/hg38/Homo_sapiens_assembly38.fasta : chr # 2219  "chrUn_JTFH01001377v1_decoy" chrStart: 3742367744
/home/junseokp/workspaces/data/rTea-simul/ref/hg38/Homo_sapiens_assembly38.fasta : chr # 2220  "chrUn_JTFH01001378v1_decoy" chrStart: 3742629888
/home/junseokp/workspaces/data/rTea-simul/ref/hg38/Homo_sapiens_assembly38.fasta : chr # 2221  "chrUn_JTFH01001379v1_decoy" chrStart: 3742892032
/home/junseokp/workspaces/data/rTea-simul/ref/hg38/Homo_sapiens_assembly38.fasta : chr # 2222  "chrUn_JTFH01001380v1_decoy" chrStart: 3743154176
/home/junseokp/workspaces/data/rTea-simul/ref/hg38/Homo_sapiens_assembly38.fasta : chr # 2223  "chrUn_JTFH01001381v1_decoy" chrStart: 3743416320
/home/junseokp/workspaces/data/rTea-simul/ref/hg38/Homo_sapiens_assembly38.fasta : chr # 2224  "chrUn_JTFH01001382v1_decoy" chrStart: 3743678464
/home/junseokp/workspaces/data/rTea-simul/ref/hg38/Homo_sapiens_assembly38.fasta : chr # 2225  "chrUn_JTFH01001383v1_decoy" chrStart: 3743940608
/home/junseokp/workspaces/data/rTea-simul/ref/hg38/Homo_sapiens_assembly38.fasta : chr # 2226  "chrUn_JTFH01001384v1_decoy" chrStart: 3744202752
/home/junseokp/workspaces/data/rTea-simul/ref/hg38/Homo_sapiens_assembly38.fasta : chr # 2227  "chrUn_JTFH01001385v1_decoy" chrStart: 3744464896
/home/junseokp/workspaces/data/rTea-simul/ref/hg38/Homo_sapiens_assembly38.fasta : chr # 2228  "chrUn_JTFH01001386v1_decoy" chrStart: 3744727040
/home/junseokp/workspaces/data/rTea-simul/ref/hg38/Homo_sapiens_assembly38.fasta : chr # 2229  "chrUn_JTFH01001387v1_decoy" chrStart: 3744989184
/home/junseokp/workspaces/data/rTea-simul/ref/hg38/Homo_sapiens_assembly38.fasta : chr # 2230  "chrUn_JTFH01001388v1_decoy" chrStart: 3745251328
/home/junseokp/workspaces/data/rTea-simul/ref/hg38/Homo_sapiens_assembly38.fasta : chr # 2231  "chrUn_JTFH01001389v1_decoy" chrStart: 3745513472
/home/junseokp/workspaces/data/rTea-simul/ref/hg38/Homo_sapiens_assembly38.fasta : chr # 2232  "chrUn_JTFH01001390v1_decoy" chrStart: 3745775616
/home/junseokp/workspaces/data/rTea-simul/ref/hg38/Homo_sapiens_assembly38.fasta : chr # 2233  "chrUn_JTFH01001391v1_decoy" chrStart: 3746037760
/home/junseokp/workspaces/data/rTea-simul/ref/hg38/Homo_sapiens_assembly38.fasta : chr # 2234  "chrUn_JTFH01001392v1_decoy" chrStart: 3746299904
/home/junseokp/workspaces/data/rTea-simul/ref/hg38/Homo_sapiens_assembly38.fasta : chr # 2235  "chrUn_JTFH01001393v1_decoy" chrStart: 3746562048
/home/junseokp/workspaces/data/rTea-simul/ref/hg38/Homo_sapiens_assembly38.fasta : chr # 2236  "chrUn_JTFH01001394v1_decoy" chrStart: 3746824192
/home/junseokp/workspaces/data/rTea-simul/ref/hg38/Homo_sapiens_assembly38.fasta : chr # 2237  "chrUn_JTFH01001395v1_decoy" chrStart: 3747086336
/home/junseokp/workspaces/data/rTea-simul/ref/hg38/Homo_sapiens_assembly38.fasta : chr # 2238  "chrUn_JTFH01001396v1_decoy" chrStart: 3747348480
/home/junseokp/workspaces/data/rTea-simul/ref/hg38/Homo_sapiens_assembly38.fasta : chr # 2239  "chrUn_JTFH01001397v1_decoy" chrStart: 3747610624
/home/junseokp/workspaces/data/rTea-simul/ref/hg38/Homo_sapiens_assembly38.fasta : chr # 2240  "chrUn_JTFH01001398v1_decoy" chrStart: 3747872768
/home/junseokp/workspaces/data/rTea-simul/ref/hg38/Homo_sapiens_assembly38.fasta : chr # 2241  "chrUn_JTFH01001399v1_decoy" chrStart: 3748134912
/home/junseokp/workspaces/data/rTea-simul/ref/hg38/Homo_sapiens_assembly38.fasta : chr # 2242  "chrUn_JTFH01001400v1_decoy" chrStart: 3748397056
/home/junseokp/workspaces/data/rTea-simul/ref/hg38/Homo_sapiens_assembly38.fasta : chr # 2243  "chrUn_JTFH01001401v1_decoy" chrStart: 3748659200
/home/junseokp/workspaces/data/rTea-simul/ref/hg38/Homo_sapiens_assembly38.fasta : chr # 2244  "chrUn_JTFH01001402v1_decoy" chrStart: 3748921344
/home/junseokp/workspaces/data/rTea-simul/ref/hg38/Homo_sapiens_assembly38.fasta : chr # 2245  "chrUn_JTFH01001403v1_decoy" chrStart: 3749183488
/home/junseokp/workspaces/data/rTea-simul/ref/hg38/Homo_sapiens_assembly38.fasta : chr # 2246  "chrUn_JTFH01001404v1_decoy" chrStart: 3749445632
/home/junseokp/workspaces/data/rTea-simul/ref/hg38/Homo_sapiens_assembly38.fasta : chr # 2247  "chrUn_JTFH01001405v1_decoy" chrStart: 3749707776
/home/junseokp/workspaces/data/rTea-simul/ref/hg38/Homo_sapiens_assembly38.fasta : chr # 2248  "chrUn_JTFH01001406v1_decoy" chrStart: 3749969920
/home/junseokp/workspaces/data/rTea-simul/ref/hg38/Homo_sapiens_assembly38.fasta : chr # 2249  "chrUn_JTFH01001407v1_decoy" chrStart: 3750232064
/home/junseokp/workspaces/data/rTea-simul/ref/hg38/Homo_sapiens_assembly38.fasta : chr # 2250  "chrUn_JTFH01001408v1_decoy" chrStart: 3750494208
/home/junseokp/workspaces/data/rTea-simul/ref/hg38/Homo_sapiens_assembly38.fasta : chr # 2251  "chrUn_JTFH01001409v1_decoy" chrStart: 3750756352
/home/junseokp/workspaces/data/rTea-simul/ref/hg38/Homo_sapiens_assembly38.fasta : chr # 2252  "chrUn_JTFH01001410v1_decoy" chrStart: 3751018496
/home/junseokp/workspaces/data/rTea-simul/ref/hg38/Homo_sapiens_assembly38.fasta : chr # 2253  "chrUn_JTFH01001411v1_decoy" chrStart: 3751280640
/home/junseokp/workspaces/data/rTea-simul/ref/hg38/Homo_sapiens_assembly38.fasta : chr # 2254  "chrUn_JTFH01001412v1_decoy" chrStart: 3751542784
/home/junseokp/workspaces/data/rTea-simul/ref/hg38/Homo_sapiens_assembly38.fasta : chr # 2255  "chrUn_JTFH01001413v1_decoy" chrStart: 3751804928
/home/junseokp/workspaces/data/rTea-simul/ref/hg38/Homo_sapiens_assembly38.fasta : chr # 2256  "chrUn_JTFH01001414v1_decoy" chrStart: 3752067072
/home/junseokp/workspaces/data/rTea-simul/ref/hg38/Homo_sapiens_assembly38.fasta : chr # 2257  "chrUn_JTFH01001415v1_decoy" chrStart: 3752329216
/home/junseokp/workspaces/data/rTea-simul/ref/hg38/Homo_sapiens_assembly38.fasta : chr # 2258  "chrUn_JTFH01001416v1_decoy" chrStart: 3752591360
/home/junseokp/workspaces/data/rTea-simul/ref/hg38/Homo_sapiens_assembly38.fasta : chr # 2259  "chrUn_JTFH01001417v1_decoy" chrStart: 3752853504
/home/junseokp/workspaces/data/rTea-simul/ref/hg38/Homo_sapiens_assembly38.fasta : chr # 2260  "chrUn_JTFH01001418v1_decoy" chrStart: 3753115648
/home/junseokp/workspaces/data/rTea-simul/ref/hg38/Homo_sapiens_assembly38.fasta : chr # 2261  "chrUn_JTFH01001419v1_decoy" chrStart: 3753377792
/home/junseokp/workspaces/data/rTea-simul/ref/hg38/Homo_sapiens_assembly38.fasta : chr # 2262  "chrUn_JTFH01001420v1_decoy" chrStart: 3753639936
/home/junseokp/workspaces/data/rTea-simul/ref/hg38/Homo_sapiens_assembly38.fasta : chr # 2263  "chrUn_JTFH01001421v1_decoy" chrStart: 3753902080
/home/junseokp/workspaces/data/rTea-simul/ref/hg38/Homo_sapiens_assembly38.fasta : chr # 2264  "chrUn_JTFH01001422v1_decoy" chrStart: 3754164224
/home/junseokp/workspaces/data/rTea-simul/ref/hg38/Homo_sapiens_assembly38.fasta : chr # 2265  "chrUn_JTFH01001423v1_decoy" chrStart: 3754426368
/home/junseokp/workspaces/data/rTea-simul/ref/hg38/Homo_sapiens_assembly38.fasta : chr # 2266  "chrUn_JTFH01001424v1_decoy" chrStart: 3754688512
/home/junseokp/workspaces/data/rTea-simul/ref/hg38/Homo_sapiens_assembly38.fasta : chr # 2267  "chrUn_JTFH01001425v1_decoy" chrStart: 3754950656
/home/junseokp/workspaces/data/rTea-simul/ref/hg38/Homo_sapiens_assembly38.fasta : chr # 2268  "chrUn_JTFH01001426v1_decoy" chrStart: 3755212800
/home/junseokp/workspaces/data/rTea-simul/ref/hg38/Homo_sapiens_assembly38.fasta : chr # 2269  "chrUn_JTFH01001427v1_decoy" chrStart: 3755474944
/home/junseokp/workspaces/data/rTea-simul/ref/hg38/Homo_sapiens_assembly38.fasta : chr # 2270  "chrUn_JTFH01001428v1_decoy" chrStart: 3755737088
/home/junseokp/workspaces/data/rTea-simul/ref/hg38/Homo_sapiens_assembly38.fasta : chr # 2271  "chrUn_JTFH01001429v1_decoy" chrStart: 3755999232
/home/junseokp/workspaces/data/rTea-simul/ref/hg38/Homo_sapiens_assembly38.fasta : chr # 2272  "chrUn_JTFH01001430v1_decoy" chrStart: 3756261376
/home/junseokp/workspaces/data/rTea-simul/ref/hg38/Homo_sapiens_assembly38.fasta : chr # 2273  "chrUn_JTFH01001431v1_decoy" chrStart: 3756523520
/home/junseokp/workspaces/data/rTea-simul/ref/hg38/Homo_sapiens_assembly38.fasta : chr # 2274  "chrUn_JTFH01001432v1_decoy" chrStart: 3756785664
/home/junseokp/workspaces/data/rTea-simul/ref/hg38/Homo_sapiens_assembly38.fasta : chr # 2275  "chrUn_JTFH01001433v1_decoy" chrStart: 3757047808
/home/junseokp/workspaces/data/rTea-simul/ref/hg38/Homo_sapiens_assembly38.fasta : chr # 2276  "chrUn_JTFH01001434v1_decoy" chrStart: 3757309952
/home/junseokp/workspaces/data/rTea-simul/ref/hg38/Homo_sapiens_assembly38.fasta : chr # 2277  "chrUn_JTFH01001435v1_decoy" chrStart: 3757572096
/home/junseokp/workspaces/data/rTea-simul/ref/hg38/Homo_sapiens_assembly38.fasta : chr # 2278  "chrUn_JTFH01001436v1_decoy" chrStart: 3757834240
/home/junseokp/workspaces/data/rTea-simul/ref/hg38/Homo_sapiens_assembly38.fasta : chr # 2279  "chrUn_JTFH01001437v1_decoy" chrStart: 3758096384
/home/junseokp/workspaces/data/rTea-simul/ref/hg38/Homo_sapiens_assembly38.fasta : chr # 2280  "chrUn_JTFH01001438v1_decoy" chrStart: 3758358528
/home/junseokp/workspaces/data/rTea-simul/ref/hg38/Homo_sapiens_assembly38.fasta : chr # 2281  "chrUn_JTFH01001439v1_decoy" chrStart: 3758620672
/home/junseokp/workspaces/data/rTea-simul/ref/hg38/Homo_sapiens_assembly38.fasta : chr # 2282  "chrUn_JTFH01001440v1_decoy" chrStart: 3758882816
/home/junseokp/workspaces/data/rTea-simul/ref/hg38/Homo_sapiens_assembly38.fasta : chr # 2283  "chrUn_JTFH01001441v1_decoy" chrStart: 3759144960
/home/junseokp/workspaces/data/rTea-simul/ref/hg38/Homo_sapiens_assembly38.fasta : chr # 2284  "chrUn_JTFH01001442v1_decoy" chrStart: 3759407104
/home/junseokp/workspaces/data/rTea-simul/ref/hg38/Homo_sapiens_assembly38.fasta : chr # 2285  "chrUn_JTFH01001443v1_decoy" chrStart: 3759669248
/home/junseokp/workspaces/data/rTea-simul/ref/hg38/Homo_sapiens_assembly38.fasta : chr # 2286  "chrUn_JTFH01001444v1_decoy" chrStart: 3759931392
/home/junseokp/workspaces/data/rTea-simul/ref/hg38/Homo_sapiens_assembly38.fasta : chr # 2287  "chrUn_JTFH01001445v1_decoy" chrStart: 3760193536
/home/junseokp/workspaces/data/rTea-simul/ref/hg38/Homo_sapiens_assembly38.fasta : chr # 2288  "chrUn_JTFH01001446v1_decoy" chrStart: 3760455680
/home/junseokp/workspaces/data/rTea-simul/ref/hg38/Homo_sapiens_assembly38.fasta : chr # 2289  "chrUn_JTFH01001447v1_decoy" chrStart: 3760717824
/home/junseokp/workspaces/data/rTea-simul/ref/hg38/Homo_sapiens_assembly38.fasta : chr # 2290  "chrUn_JTFH01001448v1_decoy" chrStart: 3760979968
/home/junseokp/workspaces/data/rTea-simul/ref/hg38/Homo_sapiens_assembly38.fasta : chr # 2291  "chrUn_JTFH01001449v1_decoy" chrStart: 3761242112
/home/junseokp/workspaces/data/rTea-simul/ref/hg38/Homo_sapiens_assembly38.fasta : chr # 2292  "chrUn_JTFH01001450v1_decoy" chrStart: 3761504256
/home/junseokp/workspaces/data/rTea-simul/ref/hg38/Homo_sapiens_assembly38.fasta : chr # 2293  "chrUn_JTFH01001451v1_decoy" chrStart: 3761766400
/home/junseokp/workspaces/data/rTea-simul/ref/hg38/Homo_sapiens_assembly38.fasta : chr # 2294  "chrUn_JTFH01001452v1_decoy" chrStart: 3762028544
/home/junseokp/workspaces/data/rTea-simul/ref/hg38/Homo_sapiens_assembly38.fasta : chr # 2295  "chrUn_JTFH01001453v1_decoy" chrStart: 3762290688
/home/junseokp/workspaces/data/rTea-simul/ref/hg38/Homo_sapiens_assembly38.fasta : chr # 2296  "chrUn_JTFH01001454v1_decoy" chrStart: 3762552832
/home/junseokp/workspaces/data/rTea-simul/ref/hg38/Homo_sapiens_assembly38.fasta : chr # 2297  "chrUn_JTFH01001455v1_decoy" chrStart: 3762814976
/home/junseokp/workspaces/data/rTea-simul/ref/hg38/Homo_sapiens_assembly38.fasta : chr # 2298  "chrUn_JTFH01001456v1_decoy" chrStart: 3763077120
/home/junseokp/workspaces/data/rTea-simul/ref/hg38/Homo_sapiens_assembly38.fasta : chr # 2299  "chrUn_JTFH01001457v1_decoy" chrStart: 3763339264
/home/junseokp/workspaces/data/rTea-simul/ref/hg38/Homo_sapiens_assembly38.fasta : chr # 2300  "chrUn_JTFH01001458v1_decoy" chrStart: 3763601408
/home/junseokp/workspaces/data/rTea-simul/ref/hg38/Homo_sapiens_assembly38.fasta : chr # 2301  "chrUn_JTFH01001459v1_decoy" chrStart: 3763863552
/home/junseokp/workspaces/data/rTea-simul/ref/hg38/Homo_sapiens_assembly38.fasta : chr # 2302  "chrUn_JTFH01001460v1_decoy" chrStart: 3764125696
/home/junseokp/workspaces/data/rTea-simul/ref/hg38/Homo_sapiens_assembly38.fasta : chr # 2303  "chrUn_JTFH01001461v1_decoy" chrStart: 3764387840
/home/junseokp/workspaces/data/rTea-simul/ref/hg38/Homo_sapiens_assembly38.fasta : chr # 2304  "chrUn_JTFH01001462v1_decoy" chrStart: 3764649984
/home/junseokp/workspaces/data/rTea-simul/ref/hg38/Homo_sapiens_assembly38.fasta : chr # 2305  "chrUn_JTFH01001463v1_decoy" chrStart: 3764912128
/home/junseokp/workspaces/data/rTea-simul/ref/hg38/Homo_sapiens_assembly38.fasta : chr # 2306  "chrUn_JTFH01001464v1_decoy" chrStart: 3765174272
/home/junseokp/workspaces/data/rTea-simul/ref/hg38/Homo_sapiens_assembly38.fasta : chr # 2307  "chrUn_JTFH01001465v1_decoy" chrStart: 3765436416
/home/junseokp/workspaces/data/rTea-simul/ref/hg38/Homo_sapiens_assembly38.fasta : chr # 2308  "chrUn_JTFH01001466v1_decoy" chrStart: 3765698560
/home/junseokp/workspaces/data/rTea-simul/ref/hg38/Homo_sapiens_assembly38.fasta : chr # 2309  "chrUn_JTFH01001467v1_decoy" chrStart: 3765960704
/home/junseokp/workspaces/data/rTea-simul/ref/hg38/Homo_sapiens_assembly38.fasta : chr # 2310  "chrUn_JTFH01001468v1_decoy" chrStart: 3766222848
/home/junseokp/workspaces/data/rTea-simul/ref/hg38/Homo_sapiens_assembly38.fasta : chr # 2311  "chrUn_JTFH01001469v1_decoy" chrStart: 3766484992
/home/junseokp/workspaces/data/rTea-simul/ref/hg38/Homo_sapiens_assembly38.fasta : chr # 2312  "chrUn_JTFH01001470v1_decoy" chrStart: 3766747136
/home/junseokp/workspaces/data/rTea-simul/ref/hg38/Homo_sapiens_assembly38.fasta : chr # 2313  "chrUn_JTFH01001471v1_decoy" chrStart: 3767009280
/home/junseokp/workspaces/data/rTea-simul/ref/hg38/Homo_sapiens_assembly38.fasta : chr # 2314  "chrUn_JTFH01001472v1_decoy" chrStart: 3767271424
/home/junseokp/workspaces/data/rTea-simul/ref/hg38/Homo_sapiens_assembly38.fasta : chr # 2315  "chrUn_JTFH01001473v1_decoy" chrStart: 3767533568
/home/junseokp/workspaces/data/rTea-simul/ref/hg38/Homo_sapiens_assembly38.fasta : chr # 2316  "chrUn_JTFH01001474v1_decoy" chrStart: 3767795712
/home/junseokp/workspaces/data/rTea-simul/ref/hg38/Homo_sapiens_assembly38.fasta : chr # 2317  "chrUn_JTFH01001475v1_decoy" chrStart: 3768057856
/home/junseokp/workspaces/data/rTea-simul/ref/hg38/Homo_sapiens_assembly38.fasta : chr # 2318  "chrUn_JTFH01001476v1_decoy" chrStart: 3768320000
/home/junseokp/workspaces/data/rTea-simul/ref/hg38/Homo_sapiens_assembly38.fasta : chr # 2319  "chrUn_JTFH01001477v1_decoy" chrStart: 3768582144
/home/junseokp/workspaces/data/rTea-simul/ref/hg38/Homo_sapiens_assembly38.fasta : chr # 2320  "chrUn_JTFH01001478v1_decoy" chrStart: 3768844288
/home/junseokp/workspaces/data/rTea-simul/ref/hg38/Homo_sapiens_assembly38.fasta : chr # 2321  "chrUn_JTFH01001479v1_decoy" chrStart: 3769106432
/home/junseokp/workspaces/data/rTea-simul/ref/hg38/Homo_sapiens_assembly38.fasta : chr # 2322  "chrUn_JTFH01001480v1_decoy" chrStart: 3769368576
/home/junseokp/workspaces/data/rTea-simul/ref/hg38/Homo_sapiens_assembly38.fasta : chr # 2323  "chrUn_JTFH01001481v1_decoy" chrStart: 3769630720
/home/junseokp/workspaces/data/rTea-simul/ref/hg38/Homo_sapiens_assembly38.fasta : chr # 2324  "chrUn_JTFH01001482v1_decoy" chrStart: 3769892864
/home/junseokp/workspaces/data/rTea-simul/ref/hg38/Homo_sapiens_assembly38.fasta : chr # 2325  "chrUn_JTFH01001483v1_decoy" chrStart: 3770155008
/home/junseokp/workspaces/data/rTea-simul/ref/hg38/Homo_sapiens_assembly38.fasta : chr # 2326  "chrUn_JTFH01001484v1_decoy" chrStart: 3770417152
/home/junseokp/workspaces/data/rTea-simul/ref/hg38/Homo_sapiens_assembly38.fasta : chr # 2327  "chrUn_JTFH01001485v1_decoy" chrStart: 3770679296
/home/junseokp/workspaces/data/rTea-simul/ref/hg38/Homo_sapiens_assembly38.fasta : chr # 2328  "chrUn_JTFH01001486v1_decoy" chrStart: 3770941440
/home/junseokp/workspaces/data/rTea-simul/ref/hg38/Homo_sapiens_assembly38.fasta : chr # 2329  "chrUn_JTFH01001487v1_decoy" chrStart: 3771203584
/home/junseokp/workspaces/data/rTea-simul/ref/hg38/Homo_sapiens_assembly38.fasta : chr # 2330  "chrUn_JTFH01001488v1_decoy" chrStart: 3771465728
/home/junseokp/workspaces/data/rTea-simul/ref/hg38/Homo_sapiens_assembly38.fasta : chr # 2331  "chrUn_JTFH01001489v1_decoy" chrStart: 3771727872
/home/junseokp/workspaces/data/rTea-simul/ref/hg38/Homo_sapiens_assembly38.fasta : chr # 2332  "chrUn_JTFH01001490v1_decoy" chrStart: 3771990016
/home/junseokp/workspaces/data/rTea-simul/ref/hg38/Homo_sapiens_assembly38.fasta : chr # 2333  "chrUn_JTFH01001491v1_decoy" chrStart: 3772252160
/home/junseokp/workspaces/data/rTea-simul/ref/hg38/Homo_sapiens_assembly38.fasta : chr # 2334  "chrUn_JTFH01001492v1_decoy" chrStart: 3772514304
/home/junseokp/workspaces/data/rTea-simul/ref/hg38/Homo_sapiens_assembly38.fasta : chr # 2335  "chrUn_JTFH01001493v1_decoy" chrStart: 3772776448
/home/junseokp/workspaces/data/rTea-simul/ref/hg38/Homo_sapiens_assembly38.fasta : chr # 2336  "chrUn_JTFH01001494v1_decoy" chrStart: 3773038592
/home/junseokp/workspaces/data/rTea-simul/ref/hg38/Homo_sapiens_assembly38.fasta : chr # 2337  "chrUn_JTFH01001495v1_decoy" chrStart: 3773300736
/home/junseokp/workspaces/data/rTea-simul/ref/hg38/Homo_sapiens_assembly38.fasta : chr # 2338  "chrUn_JTFH01001496v1_decoy" chrStart: 3773562880
/home/junseokp/workspaces/data/rTea-simul/ref/hg38/Homo_sapiens_assembly38.fasta : chr # 2339  "chrUn_JTFH01001497v1_decoy" chrStart: 3773825024
/home/junseokp/workspaces/data/rTea-simul/ref/hg38/Homo_sapiens_assembly38.fasta : chr # 2340  "chrUn_JTFH01001498v1_decoy" chrStart: 3774087168
/home/junseokp/workspaces/data/rTea-simul/ref/hg38/Homo_sapiens_assembly38.fasta : chr # 2341  "chrUn_JTFH01001499v1_decoy" chrStart: 3774349312
/home/junseokp/workspaces/data/rTea-simul/ref/hg38/Homo_sapiens_assembly38.fasta : chr # 2342  "chrUn_JTFH01001500v1_decoy" chrStart: 3774611456
/home/junseokp/workspaces/data/rTea-simul/ref/hg38/Homo_sapiens_assembly38.fasta : chr # 2343  "chrUn_JTFH01001501v1_decoy" chrStart: 3774873600
/home/junseokp/workspaces/data/rTea-simul/ref/hg38/Homo_sapiens_assembly38.fasta : chr # 2344  "chrUn_JTFH01001502v1_decoy" chrStart: 3775135744
/home/junseokp/workspaces/data/rTea-simul/ref/hg38/Homo_sapiens_assembly38.fasta : chr # 2345  "chrUn_JTFH01001503v1_decoy" chrStart: 3775397888
/home/junseokp/workspaces/data/rTea-simul/ref/hg38/Homo_sapiens_assembly38.fasta : chr # 2346  "chrUn_JTFH01001504v1_decoy" chrStart: 3775660032
/home/junseokp/workspaces/data/rTea-simul/ref/hg38/Homo_sapiens_assembly38.fasta : chr # 2347  "chrUn_JTFH01001505v1_decoy" chrStart: 3775922176
/home/junseokp/workspaces/data/rTea-simul/ref/hg38/Homo_sapiens_assembly38.fasta : chr # 2348  "chrUn_JTFH01001506v1_decoy" chrStart: 3776184320
/home/junseokp/workspaces/data/rTea-simul/ref/hg38/Homo_sapiens_assembly38.fasta : chr # 2349  "chrUn_JTFH01001507v1_decoy" chrStart: 3776446464
/home/junseokp/workspaces/data/rTea-simul/ref/hg38/Homo_sapiens_assembly38.fasta : chr # 2350  "chrUn_JTFH01001508v1_decoy" chrStart: 3776708608
/home/junseokp/workspaces/data/rTea-simul/ref/hg38/Homo_sapiens_assembly38.fasta : chr # 2351  "chrUn_JTFH01001509v1_decoy" chrStart: 3776970752
/home/junseokp/workspaces/data/rTea-simul/ref/hg38/Homo_sapiens_assembly38.fasta : chr # 2352  "chrUn_JTFH01001510v1_decoy" chrStart: 3777232896
/home/junseokp/workspaces/data/rTea-simul/ref/hg38/Homo_sapiens_assembly38.fasta : chr # 2353  "chrUn_JTFH01001511v1_decoy" chrStart: 3777495040
/home/junseokp/workspaces/data/rTea-simul/ref/hg38/Homo_sapiens_assembly38.fasta : chr # 2354  "chrUn_JTFH01001512v1_decoy" chrStart: 3777757184
/home/junseokp/workspaces/data/rTea-simul/ref/hg38/Homo_sapiens_assembly38.fasta : chr # 2355  "chrUn_JTFH01001513v1_decoy" chrStart: 3778019328
/home/junseokp/workspaces/data/rTea-simul/ref/hg38/Homo_sapiens_assembly38.fasta : chr # 2356  "chrUn_JTFH01001514v1_decoy" chrStart: 3778281472
/home/junseokp/workspaces/data/rTea-simul/ref/hg38/Homo_sapiens_assembly38.fasta : chr # 2357  "chrUn_JTFH01001515v1_decoy" chrStart: 3778543616
/home/junseokp/workspaces/data/rTea-simul/ref/hg38/Homo_sapiens_assembly38.fasta : chr # 2358  "chrUn_JTFH01001516v1_decoy" chrStart: 3778805760
/home/junseokp/workspaces/data/rTea-simul/ref/hg38/Homo_sapiens_assembly38.fasta : chr # 2359  "chrUn_JTFH01001517v1_decoy" chrStart: 3779067904
/home/junseokp/workspaces/data/rTea-simul/ref/hg38/Homo_sapiens_assembly38.fasta : chr # 2360  "chrUn_JTFH01001518v1_decoy" chrStart: 3779330048
/home/junseokp/workspaces/data/rTea-simul/ref/hg38/Homo_sapiens_assembly38.fasta : chr # 2361  "chrUn_JTFH01001519v1_decoy" chrStart: 3779592192
/home/junseokp/workspaces/data/rTea-simul/ref/hg38/Homo_sapiens_assembly38.fasta : chr # 2362  "chrUn_JTFH01001520v1_decoy" chrStart: 3779854336
/home/junseokp/workspaces/data/rTea-simul/ref/hg38/Homo_sapiens_assembly38.fasta : chr # 2363  "chrUn_JTFH01001521v1_decoy" chrStart: 3780116480
/home/junseokp/workspaces/data/rTea-simul/ref/hg38/Homo_sapiens_assembly38.fasta : chr # 2364  "chrUn_JTFH01001522v1_decoy" chrStart: 3780378624
/home/junseokp/workspaces/data/rTea-simul/ref/hg38/Homo_sapiens_assembly38.fasta : chr # 2365  "chrUn_JTFH01001523v1_decoy" chrStart: 3780640768
/home/junseokp/workspaces/data/rTea-simul/ref/hg38/Homo_sapiens_assembly38.fasta : chr # 2366  "chrUn_JTFH01001524v1_decoy" chrStart: 3780902912
/home/junseokp/workspaces/data/rTea-simul/ref/hg38/Homo_sapiens_assembly38.fasta : chr # 2367  "chrUn_JTFH01001525v1_decoy" chrStart: 3781165056
/home/junseokp/workspaces/data/rTea-simul/ref/hg38/Homo_sapiens_assembly38.fasta : chr # 2368  "chrUn_JTFH01001526v1_decoy" chrStart: 3781427200
/home/junseokp/workspaces/data/rTea-simul/ref/hg38/Homo_sapiens_assembly38.fasta : chr # 2369  "chrUn_JTFH01001527v1_decoy" chrStart: 3781689344
/home/junseokp/workspaces/data/rTea-simul/ref/hg38/Homo_sapiens_assembly38.fasta : chr # 2370  "chrUn_JTFH01001528v1_decoy" chrStart: 3781951488
/home/junseokp/workspaces/data/rTea-simul/ref/hg38/Homo_sapiens_assembly38.fasta : chr # 2371  "chrUn_JTFH01001529v1_decoy" chrStart: 3782213632
/home/junseokp/workspaces/data/rTea-simul/ref/hg38/Homo_sapiens_assembly38.fasta : chr # 2372  "chrUn_JTFH01001530v1_decoy" chrStart: 3782475776
/home/junseokp/workspaces/data/rTea-simul/ref/hg38/Homo_sapiens_assembly38.fasta : chr # 2373  "chrUn_JTFH01001531v1_decoy" chrStart: 3782737920
/home/junseokp/workspaces/data/rTea-simul/ref/hg38/Homo_sapiens_assembly38.fasta : chr # 2374  "chrUn_JTFH01001532v1_decoy" chrStart: 3783000064
/home/junseokp/workspaces/data/rTea-simul/ref/hg38/Homo_sapiens_assembly38.fasta : chr # 2375  "chrUn_JTFH01001533v1_decoy" chrStart: 3783262208
/home/junseokp/workspaces/data/rTea-simul/ref/hg38/Homo_sapiens_assembly38.fasta : chr # 2376  "chrUn_JTFH01001534v1_decoy" chrStart: 3783524352
/home/junseokp/workspaces/data/rTea-simul/ref/hg38/Homo_sapiens_assembly38.fasta : chr # 2377  "chrUn_JTFH01001535v1_decoy" chrStart: 3783786496
/home/junseokp/workspaces/data/rTea-simul/ref/hg38/Homo_sapiens_assembly38.fasta : chr # 2378  "chrUn_JTFH01001536v1_decoy" chrStart: 3784048640
/home/junseokp/workspaces/data/rTea-simul/ref/hg38/Homo_sapiens_assembly38.fasta : chr # 2379  "chrUn_JTFH01001537v1_decoy" chrStart: 3784310784
/home/junseokp/workspaces/data/rTea-simul/ref/hg38/Homo_sapiens_assembly38.fasta : chr # 2380  "chrUn_JTFH01001538v1_decoy" chrStart: 3784572928
/home/junseokp/workspaces/data/rTea-simul/ref/hg38/Homo_sapiens_assembly38.fasta : chr # 2381  "chrUn_JTFH01001539v1_decoy" chrStart: 3784835072
/home/junseokp/workspaces/data/rTea-simul/ref/hg38/Homo_sapiens_assembly38.fasta : chr # 2382  "chrUn_JTFH01001540v1_decoy" chrStart: 3785097216
/home/junseokp/workspaces/data/rTea-simul/ref/hg38/Homo_sapiens_assembly38.fasta : chr # 2383  "chrUn_JTFH01001541v1_decoy" chrStart: 3785359360
/home/junseokp/workspaces/data/rTea-simul/ref/hg38/Homo_sapiens_assembly38.fasta : chr # 2384  "chrUn_JTFH01001542v1_decoy" chrStart: 3785621504
/home/junseokp/workspaces/data/rTea-simul/ref/hg38/Homo_sapiens_assembly38.fasta : chr # 2385  "chrUn_JTFH01001543v1_decoy" chrStart: 3785883648
/home/junseokp/workspaces/data/rTea-simul/ref/hg38/Homo_sapiens_assembly38.fasta : chr # 2386  "chrUn_JTFH01001544v1_decoy" chrStart: 3786145792
/home/junseokp/workspaces/data/rTea-simul/ref/hg38/Homo_sapiens_assembly38.fasta : chr # 2387  "chrUn_JTFH01001545v1_decoy" chrStart: 3786407936
/home/junseokp/workspaces/data/rTea-simul/ref/hg38/Homo_sapiens_assembly38.fasta : chr # 2388  "chrUn_JTFH01001546v1_decoy" chrStart: 3786670080
/home/junseokp/workspaces/data/rTea-simul/ref/hg38/Homo_sapiens_assembly38.fasta : chr # 2389  "chrUn_JTFH01001547v1_decoy" chrStart: 3786932224
/home/junseokp/workspaces/data/rTea-simul/ref/hg38/Homo_sapiens_assembly38.fasta : chr # 2390  "chrUn_JTFH01001548v1_decoy" chrStart: 3787194368
/home/junseokp/workspaces/data/rTea-simul/ref/hg38/Homo_sapiens_assembly38.fasta : chr # 2391  "chrUn_JTFH01001549v1_decoy" chrStart: 3787456512
/home/junseokp/workspaces/data/rTea-simul/ref/hg38/Homo_sapiens_assembly38.fasta : chr # 2392  "chrUn_JTFH01001550v1_decoy" chrStart: 3787718656
/home/junseokp/workspaces/data/rTea-simul/ref/hg38/Homo_sapiens_assembly38.fasta : chr # 2393  "chrUn_JTFH01001551v1_decoy" chrStart: 3787980800
/home/junseokp/workspaces/data/rTea-simul/ref/hg38/Homo_sapiens_assembly38.fasta : chr # 2394  "chrUn_JTFH01001552v1_decoy" chrStart: 3788242944
/home/junseokp/workspaces/data/rTea-simul/ref/hg38/Homo_sapiens_assembly38.fasta : chr # 2395  "chrUn_JTFH01001553v1_decoy" chrStart: 3788505088
/home/junseokp/workspaces/data/rTea-simul/ref/hg38/Homo_sapiens_assembly38.fasta : chr # 2396  "chrUn_JTFH01001554v1_decoy" chrStart: 3788767232
/home/junseokp/workspaces/data/rTea-simul/ref/hg38/Homo_sapiens_assembly38.fasta : chr # 2397  "chrUn_JTFH01001555v1_decoy" chrStart: 3789029376
/home/junseokp/workspaces/data/rTea-simul/ref/hg38/Homo_sapiens_assembly38.fasta : chr # 2398  "chrUn_JTFH01001556v1_decoy" chrStart: 3789291520
/home/junseokp/workspaces/data/rTea-simul/ref/hg38/Homo_sapiens_assembly38.fasta : chr # 2399  "chrUn_JTFH01001557v1_decoy" chrStart: 3789553664
/home/junseokp/workspaces/data/rTea-simul/ref/hg38/Homo_sapiens_assembly38.fasta : chr # 2400  "chrUn_JTFH01001558v1_decoy" chrStart: 3789815808
/home/junseokp/workspaces/data/rTea-simul/ref/hg38/Homo_sapiens_assembly38.fasta : chr # 2401  "chrUn_JTFH01001559v1_decoy" chrStart: 3790077952
/home/junseokp/workspaces/data/rTea-simul/ref/hg38/Homo_sapiens_assembly38.fasta : chr # 2402  "chrUn_JTFH01001560v1_decoy" chrStart: 3790340096
/home/junseokp/workspaces/data/rTea-simul/ref/hg38/Homo_sapiens_assembly38.fasta : chr # 2403  "chrUn_JTFH01001561v1_decoy" chrStart: 3790602240
/home/junseokp/workspaces/data/rTea-simul/ref/hg38/Homo_sapiens_assembly38.fasta : chr # 2404  "chrUn_JTFH01001562v1_decoy" chrStart: 3790864384
/home/junseokp/workspaces/data/rTea-simul/ref/hg38/Homo_sapiens_assembly38.fasta : chr # 2405  "chrUn_JTFH01001563v1_decoy" chrStart: 3791126528
/home/junseokp/workspaces/data/rTea-simul/ref/hg38/Homo_sapiens_assembly38.fasta : chr # 2406  "chrUn_JTFH01001564v1_decoy" chrStart: 3791388672
/home/junseokp/workspaces/data/rTea-simul/ref/hg38/Homo_sapiens_assembly38.fasta : chr # 2407  "chrUn_JTFH01001565v1_decoy" chrStart: 3791650816
/home/junseokp/workspaces/data/rTea-simul/ref/hg38/Homo_sapiens_assembly38.fasta : chr # 2408  "chrUn_JTFH01001566v1_decoy" chrStart: 3791912960
/home/junseokp/workspaces/data/rTea-simul/ref/hg38/Homo_sapiens_assembly38.fasta : chr # 2409  "chrUn_JTFH01001567v1_decoy" chrStart: 3792175104
/home/junseokp/workspaces/data/rTea-simul/ref/hg38/Homo_sapiens_assembly38.fasta : chr # 2410  "chrUn_JTFH01001568v1_decoy" chrStart: 3792437248
/home/junseokp/workspaces/data/rTea-simul/ref/hg38/Homo_sapiens_assembly38.fasta : chr # 2411  "chrUn_JTFH01001569v1_decoy" chrStart: 3792699392
/home/junseokp/workspaces/data/rTea-simul/ref/hg38/Homo_sapiens_assembly38.fasta : chr # 2412  "chrUn_JTFH01001570v1_decoy" chrStart: 3792961536
/home/junseokp/workspaces/data/rTea-simul/ref/hg38/Homo_sapiens_assembly38.fasta : chr # 2413  "chrUn_JTFH01001571v1_decoy" chrStart: 3793223680
/home/junseokp/workspaces/data/rTea-simul/ref/hg38/Homo_sapiens_assembly38.fasta : chr # 2414  "chrUn_JTFH01001572v1_decoy" chrStart: 3793485824
/home/junseokp/workspaces/data/rTea-simul/ref/hg38/Homo_sapiens_assembly38.fasta : chr # 2415  "chrUn_JTFH01001573v1_decoy" chrStart: 3793747968
/home/junseokp/workspaces/data/rTea-simul/ref/hg38/Homo_sapiens_assembly38.fasta : chr # 2416  "chrUn_JTFH01001574v1_decoy" chrStart: 3794010112
/home/junseokp/workspaces/data/rTea-simul/ref/hg38/Homo_sapiens_assembly38.fasta : chr # 2417  "chrUn_JTFH01001575v1_decoy" chrStart: 3794272256
/home/junseokp/workspaces/data/rTea-simul/ref/hg38/Homo_sapiens_assembly38.fasta : chr # 2418  "chrUn_JTFH01001576v1_decoy" chrStart: 3794534400
/home/junseokp/workspaces/data/rTea-simul/ref/hg38/Homo_sapiens_assembly38.fasta : chr # 2419  "chrUn_JTFH01001577v1_decoy" chrStart: 3794796544
/home/junseokp/workspaces/data/rTea-simul/ref/hg38/Homo_sapiens_assembly38.fasta : chr # 2420  "chrUn_JTFH01001578v1_decoy" chrStart: 3795058688
/home/junseokp/workspaces/data/rTea-simul/ref/hg38/Homo_sapiens_assembly38.fasta : chr # 2421  "chrUn_JTFH01001579v1_decoy" chrStart: 3795320832
/home/junseokp/workspaces/data/rTea-simul/ref/hg38/Homo_sapiens_assembly38.fasta : chr # 2422  "chrUn_JTFH01001580v1_decoy" chrStart: 3795582976
/home/junseokp/workspaces/data/rTea-simul/ref/hg38/Homo_sapiens_assembly38.fasta : chr # 2423  "chrUn_JTFH01001581v1_decoy" chrStart: 3795845120
/home/junseokp/workspaces/data/rTea-simul/ref/hg38/Homo_sapiens_assembly38.fasta : chr # 2424  "chrUn_JTFH01001582v1_decoy" chrStart: 3796107264
/home/junseokp/workspaces/data/rTea-simul/ref/hg38/Homo_sapiens_assembly38.fasta : chr # 2425  "chrUn_JTFH01001583v1_decoy" chrStart: 3796369408
/home/junseokp/workspaces/data/rTea-simul/ref/hg38/Homo_sapiens_assembly38.fasta : chr # 2426  "chrUn_JTFH01001584v1_decoy" chrStart: 3796631552
/home/junseokp/workspaces/data/rTea-simul/ref/hg38/Homo_sapiens_assembly38.fasta : chr # 2427  "chrUn_JTFH01001585v1_decoy" chrStart: 3796893696
/home/junseokp/workspaces/data/rTea-simul/ref/hg38/Homo_sapiens_assembly38.fasta : chr # 2428  "chrUn_JTFH01001586v1_decoy" chrStart: 3797155840
/home/junseokp/workspaces/data/rTea-simul/ref/hg38/Homo_sapiens_assembly38.fasta : chr # 2429  "chrUn_JTFH01001587v1_decoy" chrStart: 3797417984
/home/junseokp/workspaces/data/rTea-simul/ref/hg38/Homo_sapiens_assembly38.fasta : chr # 2430  "chrUn_JTFH01001588v1_decoy" chrStart: 3797680128
/home/junseokp/workspaces/data/rTea-simul/ref/hg38/Homo_sapiens_assembly38.fasta : chr # 2431  "chrUn_JTFH01001589v1_decoy" chrStart: 3797942272
/home/junseokp/workspaces/data/rTea-simul/ref/hg38/Homo_sapiens_assembly38.fasta : chr # 2432  "chrUn_JTFH01001590v1_decoy" chrStart: 3798204416
/home/junseokp/workspaces/data/rTea-simul/ref/hg38/Homo_sapiens_assembly38.fasta : chr # 2433  "chrUn_JTFH01001591v1_decoy" chrStart: 3798466560
/home/junseokp/workspaces/data/rTea-simul/ref/hg38/Homo_sapiens_assembly38.fasta : chr # 2434  "chrUn_JTFH01001592v1_decoy" chrStart: 3798728704
/home/junseokp/workspaces/data/rTea-simul/ref/hg38/Homo_sapiens_assembly38.fasta : chr # 2435  "chrUn_JTFH01001593v1_decoy" chrStart: 3798990848
/home/junseokp/workspaces/data/rTea-simul/ref/hg38/Homo_sapiens_assembly38.fasta : chr # 2436  "chrUn_JTFH01001594v1_decoy" chrStart: 3799252992
/home/junseokp/workspaces/data/rTea-simul/ref/hg38/Homo_sapiens_assembly38.fasta : chr # 2437  "chrUn_JTFH01001595v1_decoy" chrStart: 3799515136
/home/junseokp/workspaces/data/rTea-simul/ref/hg38/Homo_sapiens_assembly38.fasta : chr # 2438  "chrUn_JTFH01001596v1_decoy" chrStart: 3799777280
/home/junseokp/workspaces/data/rTea-simul/ref/hg38/Homo_sapiens_assembly38.fasta : chr # 2439  "chrUn_JTFH01001597v1_decoy" chrStart: 3800039424
/home/junseokp/workspaces/data/rTea-simul/ref/hg38/Homo_sapiens_assembly38.fasta : chr # 2440  "chrUn_JTFH01001598v1_decoy" chrStart: 3800301568
/home/junseokp/workspaces/data/rTea-simul/ref/hg38/Homo_sapiens_assembly38.fasta : chr # 2441  "chrUn_JTFH01001599v1_decoy" chrStart: 3800563712
/home/junseokp/workspaces/data/rTea-simul/ref/hg38/Homo_sapiens_assembly38.fasta : chr # 2442  "chrUn_JTFH01001600v1_decoy" chrStart: 3800825856
/home/junseokp/workspaces/data/rTea-simul/ref/hg38/Homo_sapiens_assembly38.fasta : chr # 2443  "chrUn_JTFH01001601v1_decoy" chrStart: 3801088000
/home/junseokp/workspaces/data/rTea-simul/ref/hg38/Homo_sapiens_assembly38.fasta : chr # 2444  "chrUn_JTFH01001602v1_decoy" chrStart: 3801350144
/home/junseokp/workspaces/data/rTea-simul/ref/hg38/Homo_sapiens_assembly38.fasta : chr # 2445  "chrUn_JTFH01001603v1_decoy" chrStart: 3801612288
/home/junseokp/workspaces/data/rTea-simul/ref/hg38/Homo_sapiens_assembly38.fasta : chr # 2446  "chrUn_JTFH01001604v1_decoy" chrStart: 3801874432
/home/junseokp/workspaces/data/rTea-simul/ref/hg38/Homo_sapiens_assembly38.fasta : chr # 2447  "chrUn_JTFH01001605v1_decoy" chrStart: 3802136576
/home/junseokp/workspaces/data/rTea-simul/ref/hg38/Homo_sapiens_assembly38.fasta : chr # 2448  "chrUn_JTFH01001606v1_decoy" chrStart: 3802398720
/home/junseokp/workspaces/data/rTea-simul/ref/hg38/Homo_sapiens_assembly38.fasta : chr # 2449  "chrUn_JTFH01001607v1_decoy" chrStart: 3802660864
/home/junseokp/workspaces/data/rTea-simul/ref/hg38/Homo_sapiens_assembly38.fasta : chr # 2450  "chrUn_JTFH01001608v1_decoy" chrStart: 3802923008
/home/junseokp/workspaces/data/rTea-simul/ref/hg38/Homo_sapiens_assembly38.fasta : chr # 2451  "chrUn_JTFH01001609v1_decoy" chrStart: 3803185152
/home/junseokp/workspaces/data/rTea-simul/ref/hg38/Homo_sapiens_assembly38.fasta : chr # 2452  "chrUn_JTFH01001610v1_decoy" chrStart: 3803447296
/home/junseokp/workspaces/data/rTea-simul/ref/hg38/Homo_sapiens_assembly38.fasta : chr # 2453  "chrUn_JTFH01001611v1_decoy" chrStart: 3803709440
/home/junseokp/workspaces/data/rTea-simul/ref/hg38/Homo_sapiens_assembly38.fasta : chr # 2454  "chrUn_JTFH01001612v1_decoy" chrStart: 3803971584
/home/junseokp/workspaces/data/rTea-simul/ref/hg38/Homo_sapiens_assembly38.fasta : chr # 2455  "chrUn_JTFH01001613v1_decoy" chrStart: 3804233728
/home/junseokp/workspaces/data/rTea-simul/ref/hg38/Homo_sapiens_assembly38.fasta : chr # 2456  "chrUn_JTFH01001614v1_decoy" chrStart: 3804495872
/home/junseokp/workspaces/data/rTea-simul/ref/hg38/Homo_sapiens_assembly38.fasta : chr # 2457  "chrUn_JTFH01001615v1_decoy" chrStart: 3804758016
/home/junseokp/workspaces/data/rTea-simul/ref/hg38/Homo_sapiens_assembly38.fasta : chr # 2458  "chrUn_JTFH01001616v1_decoy" chrStart: 3805020160
/home/junseokp/workspaces/data/rTea-simul/ref/hg38/Homo_sapiens_assembly38.fasta : chr # 2459  "chrUn_JTFH01001617v1_decoy" chrStart: 3805282304
/home/junseokp/workspaces/data/rTea-simul/ref/hg38/Homo_sapiens_assembly38.fasta : chr # 2460  "chrUn_JTFH01001618v1_decoy" chrStart: 3805544448
/home/junseokp/workspaces/data/rTea-simul/ref/hg38/Homo_sapiens_assembly38.fasta : chr # 2461  "chrUn_JTFH01001619v1_decoy" chrStart: 3805806592
/home/junseokp/workspaces/data/rTea-simul/ref/hg38/Homo_sapiens_assembly38.fasta : chr # 2462  "chrUn_JTFH01001620v1_decoy" chrStart: 3806068736
/home/junseokp/workspaces/data/rTea-simul/ref/hg38/Homo_sapiens_assembly38.fasta : chr # 2463  "chrUn_JTFH01001621v1_decoy" chrStart: 3806330880
/home/junseokp/workspaces/data/rTea-simul/ref/hg38/Homo_sapiens_assembly38.fasta : chr # 2464  "chrUn_JTFH01001622v1_decoy" chrStart: 3806593024
/home/junseokp/workspaces/data/rTea-simul/ref/hg38/Homo_sapiens_assembly38.fasta : chr # 2465  "chrUn_JTFH01001623v1_decoy" chrStart: 3806855168
/home/junseokp/workspaces/data/rTea-simul/ref/hg38/Homo_sapiens_assembly38.fasta : chr # 2466  "chrUn_JTFH01001624v1_decoy" chrStart: 3807117312
/home/junseokp/workspaces/data/rTea-simul/ref/hg38/Homo_sapiens_assembly38.fasta : chr # 2467  "chrUn_JTFH01001625v1_decoy" chrStart: 3807379456
/home/junseokp/workspaces/data/rTea-simul/ref/hg38/Homo_sapiens_assembly38.fasta : chr # 2468  "chrUn_JTFH01001626v1_decoy" chrStart: 3807641600
/home/junseokp/workspaces/data/rTea-simul/ref/hg38/Homo_sapiens_assembly38.fasta : chr # 2469  "chrUn_JTFH01001627v1_decoy" chrStart: 3807903744
/home/junseokp/workspaces/data/rTea-simul/ref/hg38/Homo_sapiens_assembly38.fasta : chr # 2470  "chrUn_JTFH01001628v1_decoy" chrStart: 3808165888
/home/junseokp/workspaces/data/rTea-simul/ref/hg38/Homo_sapiens_assembly38.fasta : chr # 2471  "chrUn_JTFH01001629v1_decoy" chrStart: 3808428032
/home/junseokp/workspaces/data/rTea-simul/ref/hg38/Homo_sapiens_assembly38.fasta : chr # 2472  "chrUn_JTFH01001630v1_decoy" chrStart: 3808690176
/home/junseokp/workspaces/data/rTea-simul/ref/hg38/Homo_sapiens_assembly38.fasta : chr # 2473  "chrUn_JTFH01001631v1_decoy" chrStart: 3808952320
/home/junseokp/workspaces/data/rTea-simul/ref/hg38/Homo_sapiens_assembly38.fasta : chr # 2474  "chrUn_JTFH01001632v1_decoy" chrStart: 3809214464
/home/junseokp/workspaces/data/rTea-simul/ref/hg38/Homo_sapiens_assembly38.fasta : chr # 2475  "chrUn_JTFH01001633v1_decoy" chrStart: 3809476608
/home/junseokp/workspaces/data/rTea-simul/ref/hg38/Homo_sapiens_assembly38.fasta : chr # 2476  "chrUn_JTFH01001634v1_decoy" chrStart: 3809738752
/home/junseokp/workspaces/data/rTea-simul/ref/hg38/Homo_sapiens_assembly38.fasta : chr # 2477  "chrUn_JTFH01001635v1_decoy" chrStart: 3810000896
/home/junseokp/workspaces/data/rTea-simul/ref/hg38/Homo_sapiens_assembly38.fasta : chr # 2478  "chrUn_JTFH01001636v1_decoy" chrStart: 3810263040
/home/junseokp/workspaces/data/rTea-simul/ref/hg38/Homo_sapiens_assembly38.fasta : chr # 2479  "chrUn_JTFH01001637v1_decoy" chrStart: 3810525184
/home/junseokp/workspaces/data/rTea-simul/ref/hg38/Homo_sapiens_assembly38.fasta : chr # 2480  "chrUn_JTFH01001638v1_decoy" chrStart: 3810787328
/home/junseokp/workspaces/data/rTea-simul/ref/hg38/Homo_sapiens_assembly38.fasta : chr # 2481  "chrUn_JTFH01001639v1_decoy" chrStart: 3811049472
/home/junseokp/workspaces/data/rTea-simul/ref/hg38/Homo_sapiens_assembly38.fasta : chr # 2482  "chrUn_JTFH01001640v1_decoy" chrStart: 3811311616
/home/junseokp/workspaces/data/rTea-simul/ref/hg38/Homo_sapiens_assembly38.fasta : chr # 2483  "chrUn_JTFH01001641v1_decoy" chrStart: 3811573760
/home/junseokp/workspaces/data/rTea-simul/ref/hg38/Homo_sapiens_assembly38.fasta : chr # 2484  "chrUn_JTFH01001642v1_decoy" chrStart: 3811835904
/home/junseokp/workspaces/data/rTea-simul/ref/hg38/Homo_sapiens_assembly38.fasta : chr # 2485  "chrUn_JTFH01001643v1_decoy" chrStart: 3812098048
/home/junseokp/workspaces/data/rTea-simul/ref/hg38/Homo_sapiens_assembly38.fasta : chr # 2486  "chrUn_JTFH01001644v1_decoy" chrStart: 3812360192
/home/junseokp/workspaces/data/rTea-simul/ref/hg38/Homo_sapiens_assembly38.fasta : chr # 2487  "chrUn_JTFH01001645v1_decoy" chrStart: 3812622336
/home/junseokp/workspaces/data/rTea-simul/ref/hg38/Homo_sapiens_assembly38.fasta : chr # 2488  "chrUn_JTFH01001646v1_decoy" chrStart: 3812884480
/home/junseokp/workspaces/data/rTea-simul/ref/hg38/Homo_sapiens_assembly38.fasta : chr # 2489  "chrUn_JTFH01001647v1_decoy" chrStart: 3813146624
/home/junseokp/workspaces/data/rTea-simul/ref/hg38/Homo_sapiens_assembly38.fasta : chr # 2490  "chrUn_JTFH01001648v1_decoy" chrStart: 3813408768
/home/junseokp/workspaces/data/rTea-simul/ref/hg38/Homo_sapiens_assembly38.fasta : chr # 2491  "chrUn_JTFH01001649v1_decoy" chrStart: 3813670912
/home/junseokp/workspaces/data/rTea-simul/ref/hg38/Homo_sapiens_assembly38.fasta : chr # 2492  "chrUn_JTFH01001650v1_decoy" chrStart: 3813933056
/home/junseokp/workspaces/data/rTea-simul/ref/hg38/Homo_sapiens_assembly38.fasta : chr # 2493  "chrUn_JTFH01001651v1_decoy" chrStart: 3814195200
/home/junseokp/workspaces/data/rTea-simul/ref/hg38/Homo_sapiens_assembly38.fasta : chr # 2494  "chrUn_JTFH01001652v1_decoy" chrStart: 3814457344
/home/junseokp/workspaces/data/rTea-simul/ref/hg38/Homo_sapiens_assembly38.fasta : chr # 2495  "chrUn_JTFH01001653v1_decoy" chrStart: 3814719488
/home/junseokp/workspaces/data/rTea-simul/ref/hg38/Homo_sapiens_assembly38.fasta : chr # 2496  "chrUn_JTFH01001654v1_decoy" chrStart: 3814981632
/home/junseokp/workspaces/data/rTea-simul/ref/hg38/Homo_sapiens_assembly38.fasta : chr # 2497  "chrUn_JTFH01001655v1_decoy" chrStart: 3815243776
/home/junseokp/workspaces/data/rTea-simul/ref/hg38/Homo_sapiens_assembly38.fasta : chr # 2498  "chrUn_JTFH01001656v1_decoy" chrStart: 3815505920
/home/junseokp/workspaces/data/rTea-simul/ref/hg38/Homo_sapiens_assembly38.fasta : chr # 2499  "chrUn_JTFH01001657v1_decoy" chrStart: 3815768064
/home/junseokp/workspaces/data/rTea-simul/ref/hg38/Homo_sapiens_assembly38.fasta : chr # 2500  "chrUn_JTFH01001658v1_decoy" chrStart: 3816030208
/home/junseokp/workspaces/data/rTea-simul/ref/hg38/Homo_sapiens_assembly38.fasta : chr # 2501  "chrUn_JTFH01001659v1_decoy" chrStart: 3816292352
/home/junseokp/workspaces/data/rTea-simul/ref/hg38/Homo_sapiens_assembly38.fasta : chr # 2502  "chrUn_JTFH01001660v1_decoy" chrStart: 3816554496
/home/junseokp/workspaces/data/rTea-simul/ref/hg38/Homo_sapiens_assembly38.fasta : chr # 2503  "chrUn_JTFH01001661v1_decoy" chrStart: 3816816640
/home/junseokp/workspaces/data/rTea-simul/ref/hg38/Homo_sapiens_assembly38.fasta : chr # 2504  "chrUn_JTFH01001662v1_decoy" chrStart: 3817078784
/home/junseokp/workspaces/data/rTea-simul/ref/hg38/Homo_sapiens_assembly38.fasta : chr # 2505  "chrUn_JTFH01001663v1_decoy" chrStart: 3817340928
/home/junseokp/workspaces/data/rTea-simul/ref/hg38/Homo_sapiens_assembly38.fasta : chr # 2506  "chrUn_JTFH01001664v1_decoy" chrStart: 3817603072
/home/junseokp/workspaces/data/rTea-simul/ref/hg38/Homo_sapiens_assembly38.fasta : chr # 2507  "chrUn_JTFH01001665v1_decoy" chrStart: 3817865216
/home/junseokp/workspaces/data/rTea-simul/ref/hg38/Homo_sapiens_assembly38.fasta : chr # 2508  "chrUn_JTFH01001666v1_decoy" chrStart: 3818127360
/home/junseokp/workspaces/data/rTea-simul/ref/hg38/Homo_sapiens_assembly38.fasta : chr # 2509  "chrUn_JTFH01001667v1_decoy" chrStart: 3818389504
/home/junseokp/workspaces/data/rTea-simul/ref/hg38/Homo_sapiens_assembly38.fasta : chr # 2510  "chrUn_JTFH01001668v1_decoy" chrStart: 3818651648
/home/junseokp/workspaces/data/rTea-simul/ref/hg38/Homo_sapiens_assembly38.fasta : chr # 2511  "chrUn_JTFH01001669v1_decoy" chrStart: 3818913792
/home/junseokp/workspaces/data/rTea-simul/ref/hg38/Homo_sapiens_assembly38.fasta : chr # 2512  "chrUn_JTFH01001670v1_decoy" chrStart: 3819175936
/home/junseokp/workspaces/data/rTea-simul/ref/hg38/Homo_sapiens_assembly38.fasta : chr # 2513  "chrUn_JTFH01001671v1_decoy" chrStart: 3819438080
/home/junseokp/workspaces/data/rTea-simul/ref/hg38/Homo_sapiens_assembly38.fasta : chr # 2514  "chrUn_JTFH01001672v1_decoy" chrStart: 3819700224
/home/junseokp/workspaces/data/rTea-simul/ref/hg38/Homo_sapiens_assembly38.fasta : chr # 2515  "chrUn_JTFH01001673v1_decoy" chrStart: 3819962368
/home/junseokp/workspaces/data/rTea-simul/ref/hg38/Homo_sapiens_assembly38.fasta : chr # 2516  "chrUn_JTFH01001674v1_decoy" chrStart: 3820224512
/home/junseokp/workspaces/data/rTea-simul/ref/hg38/Homo_sapiens_assembly38.fasta : chr # 2517  "chrUn_JTFH01001675v1_decoy" chrStart: 3820486656
/home/junseokp/workspaces/data/rTea-simul/ref/hg38/Homo_sapiens_assembly38.fasta : chr # 2518  "chrUn_JTFH01001676v1_decoy" chrStart: 3820748800
/home/junseokp/workspaces/data/rTea-simul/ref/hg38/Homo_sapiens_assembly38.fasta : chr # 2519  "chrUn_JTFH01001677v1_decoy" chrStart: 3821010944
/home/junseokp/workspaces/data/rTea-simul/ref/hg38/Homo_sapiens_assembly38.fasta : chr # 2520  "chrUn_JTFH01001678v1_decoy" chrStart: 3821273088
/home/junseokp/workspaces/data/rTea-simul/ref/hg38/Homo_sapiens_assembly38.fasta : chr # 2521  "chrUn_JTFH01001679v1_decoy" chrStart: 3821535232
/home/junseokp/workspaces/data/rTea-simul/ref/hg38/Homo_sapiens_assembly38.fasta : chr # 2522  "chrUn_JTFH01001680v1_decoy" chrStart: 3821797376
/home/junseokp/workspaces/data/rTea-simul/ref/hg38/Homo_sapiens_assembly38.fasta : chr # 2523  "chrUn_JTFH01001681v1_decoy" chrStart: 3822059520
/home/junseokp/workspaces/data/rTea-simul/ref/hg38/Homo_sapiens_assembly38.fasta : chr # 2524  "chrUn_JTFH01001682v1_decoy" chrStart: 3822321664
/home/junseokp/workspaces/data/rTea-simul/ref/hg38/Homo_sapiens_assembly38.fasta : chr # 2525  "chrUn_JTFH01001683v1_decoy" chrStart: 3822583808
/home/junseokp/workspaces/data/rTea-simul/ref/hg38/Homo_sapiens_assembly38.fasta : chr # 2526  "chrUn_JTFH01001684v1_decoy" chrStart: 3822845952
/home/junseokp/workspaces/data/rTea-simul/ref/hg38/Homo_sapiens_assembly38.fasta : chr # 2527  "chrUn_JTFH01001685v1_decoy" chrStart: 3823108096
/home/junseokp/workspaces/data/rTea-simul/ref/hg38/Homo_sapiens_assembly38.fasta : chr # 2528  "chrUn_JTFH01001686v1_decoy" chrStart: 3823370240
/home/junseokp/workspaces/data/rTea-simul/ref/hg38/Homo_sapiens_assembly38.fasta : chr # 2529  "chrUn_JTFH01001687v1_decoy" chrStart: 3823632384
/home/junseokp/workspaces/data/rTea-simul/ref/hg38/Homo_sapiens_assembly38.fasta : chr # 2530  "chrUn_JTFH01001688v1_decoy" chrStart: 3823894528
/home/junseokp/workspaces/data/rTea-simul/ref/hg38/Homo_sapiens_assembly38.fasta : chr # 2531  "chrUn_JTFH01001689v1_decoy" chrStart: 3824156672
/home/junseokp/workspaces/data/rTea-simul/ref/hg38/Homo_sapiens_assembly38.fasta : chr # 2532  "chrUn_JTFH01001690v1_decoy" chrStart: 3824418816
/home/junseokp/workspaces/data/rTea-simul/ref/hg38/Homo_sapiens_assembly38.fasta : chr # 2533  "chrUn_JTFH01001691v1_decoy" chrStart: 3824680960
/home/junseokp/workspaces/data/rTea-simul/ref/hg38/Homo_sapiens_assembly38.fasta : chr # 2534  "chrUn_JTFH01001692v1_decoy" chrStart: 3824943104
/home/junseokp/workspaces/data/rTea-simul/ref/hg38/Homo_sapiens_assembly38.fasta : chr # 2535  "chrUn_JTFH01001693v1_decoy" chrStart: 3825205248
/home/junseokp/workspaces/data/rTea-simul/ref/hg38/Homo_sapiens_assembly38.fasta : chr # 2536  "chrUn_JTFH01001694v1_decoy" chrStart: 3825467392
/home/junseokp/workspaces/data/rTea-simul/ref/hg38/Homo_sapiens_assembly38.fasta : chr # 2537  "chrUn_JTFH01001695v1_decoy" chrStart: 3825729536
/home/junseokp/workspaces/data/rTea-simul/ref/hg38/Homo_sapiens_assembly38.fasta : chr # 2538  "chrUn_JTFH01001696v1_decoy" chrStart: 3825991680
/home/junseokp/workspaces/data/rTea-simul/ref/hg38/Homo_sapiens_assembly38.fasta : chr # 2539  "chrUn_JTFH01001697v1_decoy" chrStart: 3826253824
/home/junseokp/workspaces/data/rTea-simul/ref/hg38/Homo_sapiens_assembly38.fasta : chr # 2540  "chrUn_JTFH01001698v1_decoy" chrStart: 3826515968
/home/junseokp/workspaces/data/rTea-simul/ref/hg38/Homo_sapiens_assembly38.fasta : chr # 2541  "chrUn_JTFH01001699v1_decoy" chrStart: 3826778112
/home/junseokp/workspaces/data/rTea-simul/ref/hg38/Homo_sapiens_assembly38.fasta : chr # 2542  "chrUn_JTFH01001700v1_decoy" chrStart: 3827040256
/home/junseokp/workspaces/data/rTea-simul/ref/hg38/Homo_sapiens_assembly38.fasta : chr # 2543  "chrUn_JTFH01001701v1_decoy" chrStart: 3827302400
/home/junseokp/workspaces/data/rTea-simul/ref/hg38/Homo_sapiens_assembly38.fasta : chr # 2544  "chrUn_JTFH01001702v1_decoy" chrStart: 3827564544
/home/junseokp/workspaces/data/rTea-simul/ref/hg38/Homo_sapiens_assembly38.fasta : chr # 2545  "chrUn_JTFH01001703v1_decoy" chrStart: 3827826688
/home/junseokp/workspaces/data/rTea-simul/ref/hg38/Homo_sapiens_assembly38.fasta : chr # 2546  "chrUn_JTFH01001704v1_decoy" chrStart: 3828088832
/home/junseokp/workspaces/data/rTea-simul/ref/hg38/Homo_sapiens_assembly38.fasta : chr # 2547  "chrUn_JTFH01001705v1_decoy" chrStart: 3828350976
/home/junseokp/workspaces/data/rTea-simul/ref/hg38/Homo_sapiens_assembly38.fasta : chr # 2548  "chrUn_JTFH01001706v1_decoy" chrStart: 3828613120
/home/junseokp/workspaces/data/rTea-simul/ref/hg38/Homo_sapiens_assembly38.fasta : chr # 2549  "chrUn_JTFH01001707v1_decoy" chrStart: 3828875264
/home/junseokp/workspaces/data/rTea-simul/ref/hg38/Homo_sapiens_assembly38.fasta : chr # 2550  "chrUn_JTFH01001708v1_decoy" chrStart: 3829137408
/home/junseokp/workspaces/data/rTea-simul/ref/hg38/Homo_sapiens_assembly38.fasta : chr # 2551  "chrUn_JTFH01001709v1_decoy" chrStart: 3829399552
/home/junseokp/workspaces/data/rTea-simul/ref/hg38/Homo_sapiens_assembly38.fasta : chr # 2552  "chrUn_JTFH01001710v1_decoy" chrStart: 3829661696
/home/junseokp/workspaces/data/rTea-simul/ref/hg38/Homo_sapiens_assembly38.fasta : chr # 2553  "chrUn_JTFH01001711v1_decoy" chrStart: 3829923840
/home/junseokp/workspaces/data/rTea-simul/ref/hg38/Homo_sapiens_assembly38.fasta : chr # 2554  "chrUn_JTFH01001712v1_decoy" chrStart: 3830185984
/home/junseokp/workspaces/data/rTea-simul/ref/hg38/Homo_sapiens_assembly38.fasta : chr # 2555  "chrUn_JTFH01001713v1_decoy" chrStart: 3830448128
/home/junseokp/workspaces/data/rTea-simul/ref/hg38/Homo_sapiens_assembly38.fasta : chr # 2556  "chrUn_JTFH01001714v1_decoy" chrStart: 3830710272
/home/junseokp/workspaces/data/rTea-simul/ref/hg38/Homo_sapiens_assembly38.fasta : chr # 2557  "chrUn_JTFH01001715v1_decoy" chrStart: 3830972416
/home/junseokp/workspaces/data/rTea-simul/ref/hg38/Homo_sapiens_assembly38.fasta : chr # 2558  "chrUn_JTFH01001716v1_decoy" chrStart: 3831234560
/home/junseokp/workspaces/data/rTea-simul/ref/hg38/Homo_sapiens_assembly38.fasta : chr # 2559  "chrUn_JTFH01001717v1_decoy" chrStart: 3831496704
/home/junseokp/workspaces/data/rTea-simul/ref/hg38/Homo_sapiens_assembly38.fasta : chr # 2560  "chrUn_JTFH01001718v1_decoy" chrStart: 3831758848
/home/junseokp/workspaces/data/rTea-simul/ref/hg38/Homo_sapiens_assembly38.fasta : chr # 2561  "chrUn_JTFH01001719v1_decoy" chrStart: 3832020992
/home/junseokp/workspaces/data/rTea-simul/ref/hg38/Homo_sapiens_assembly38.fasta : chr # 2562  "chrUn_JTFH01001720v1_decoy" chrStart: 3832283136
/home/junseokp/workspaces/data/rTea-simul/ref/hg38/Homo_sapiens_assembly38.fasta : chr # 2563  "chrUn_JTFH01001721v1_decoy" chrStart: 3832545280
/home/junseokp/workspaces/data/rTea-simul/ref/hg38/Homo_sapiens_assembly38.fasta : chr # 2564  "chrUn_JTFH01001722v1_decoy" chrStart: 3832807424
/home/junseokp/workspaces/data/rTea-simul/ref/hg38/Homo_sapiens_assembly38.fasta : chr # 2565  "chrUn_JTFH01001723v1_decoy" chrStart: 3833069568
/home/junseokp/workspaces/data/rTea-simul/ref/hg38/Homo_sapiens_assembly38.fasta : chr # 2566  "chrUn_JTFH01001724v1_decoy" chrStart: 3833331712
/home/junseokp/workspaces/data/rTea-simul/ref/hg38/Homo_sapiens_assembly38.fasta : chr # 2567  "chrUn_JTFH01001725v1_decoy" chrStart: 3833593856
/home/junseokp/workspaces/data/rTea-simul/ref/hg38/Homo_sapiens_assembly38.fasta : chr # 2568  "chrUn_JTFH01001726v1_decoy" chrStart: 3833856000
/home/junseokp/workspaces/data/rTea-simul/ref/hg38/Homo_sapiens_assembly38.fasta : chr # 2569  "chrUn_JTFH01001727v1_decoy" chrStart: 3834118144
/home/junseokp/workspaces/data/rTea-simul/ref/hg38/Homo_sapiens_assembly38.fasta : chr # 2570  "chrUn_JTFH01001728v1_decoy" chrStart: 3834380288
/home/junseokp/workspaces/data/rTea-simul/ref/hg38/Homo_sapiens_assembly38.fasta : chr # 2571  "chrUn_JTFH01001729v1_decoy" chrStart: 3834642432
/home/junseokp/workspaces/data/rTea-simul/ref/hg38/Homo_sapiens_assembly38.fasta : chr # 2572  "chrUn_JTFH01001730v1_decoy" chrStart: 3834904576
/home/junseokp/workspaces/data/rTea-simul/ref/hg38/Homo_sapiens_assembly38.fasta : chr # 2573  "chrUn_JTFH01001731v1_decoy" chrStart: 3835166720
/home/junseokp/workspaces/data/rTea-simul/ref/hg38/Homo_sapiens_assembly38.fasta : chr # 2574  "chrUn_JTFH01001732v1_decoy" chrStart: 3835428864
/home/junseokp/workspaces/data/rTea-simul/ref/hg38/Homo_sapiens_assembly38.fasta : chr # 2575  "chrUn_JTFH01001733v1_decoy" chrStart: 3835691008
/home/junseokp/workspaces/data/rTea-simul/ref/hg38/Homo_sapiens_assembly38.fasta : chr # 2576  "chrUn_JTFH01001734v1_decoy" chrStart: 3835953152
/home/junseokp/workspaces/data/rTea-simul/ref/hg38/Homo_sapiens_assembly38.fasta : chr # 2577  "chrUn_JTFH01001735v1_decoy" chrStart: 3836215296
/home/junseokp/workspaces/data/rTea-simul/ref/hg38/Homo_sapiens_assembly38.fasta : chr # 2578  "chrUn_JTFH01001736v1_decoy" chrStart: 3836477440
/home/junseokp/workspaces/data/rTea-simul/ref/hg38/Homo_sapiens_assembly38.fasta : chr # 2579  "chrUn_JTFH01001737v1_decoy" chrStart: 3836739584
/home/junseokp/workspaces/data/rTea-simul/ref/hg38/Homo_sapiens_assembly38.fasta : chr # 2580  "chrUn_JTFH01001738v1_decoy" chrStart: 3837001728
/home/junseokp/workspaces/data/rTea-simul/ref/hg38/Homo_sapiens_assembly38.fasta : chr # 2581  "chrUn_JTFH01001739v1_decoy" chrStart: 3837263872
/home/junseokp/workspaces/data/rTea-simul/ref/hg38/Homo_sapiens_assembly38.fasta : chr # 2582  "chrUn_JTFH01001740v1_decoy" chrStart: 3837526016
/home/junseokp/workspaces/data/rTea-simul/ref/hg38/Homo_sapiens_assembly38.fasta : chr # 2583  "chrUn_JTFH01001741v1_decoy" chrStart: 3837788160
/home/junseokp/workspaces/data/rTea-simul/ref/hg38/Homo_sapiens_assembly38.fasta : chr # 2584  "chrUn_JTFH01001742v1_decoy" chrStart: 3838050304
/home/junseokp/workspaces/data/rTea-simul/ref/hg38/Homo_sapiens_assembly38.fasta : chr # 2585  "chrUn_JTFH01001743v1_decoy" chrStart: 3838312448
/home/junseokp/workspaces/data/rTea-simul/ref/hg38/Homo_sapiens_assembly38.fasta : chr # 2586  "chrUn_JTFH01001744v1_decoy" chrStart: 3838574592
/home/junseokp/workspaces/data/rTea-simul/ref/hg38/Homo_sapiens_assembly38.fasta : chr # 2587  "chrUn_JTFH01001745v1_decoy" chrStart: 3838836736
/home/junseokp/workspaces/data/rTea-simul/ref/hg38/Homo_sapiens_assembly38.fasta : chr # 2588  "chrUn_JTFH01001746v1_decoy" chrStart: 3839098880
/home/junseokp/workspaces/data/rTea-simul/ref/hg38/Homo_sapiens_assembly38.fasta : chr # 2589  "chrUn_JTFH01001747v1_decoy" chrStart: 3839361024
/home/junseokp/workspaces/data/rTea-simul/ref/hg38/Homo_sapiens_assembly38.fasta : chr # 2590  "chrUn_JTFH01001748v1_decoy" chrStart: 3839623168
/home/junseokp/workspaces/data/rTea-simul/ref/hg38/Homo_sapiens_assembly38.fasta : chr # 2591  "chrUn_JTFH01001749v1_decoy" chrStart: 3839885312
/home/junseokp/workspaces/data/rTea-simul/ref/hg38/Homo_sapiens_assembly38.fasta : chr # 2592  "chrUn_JTFH01001750v1_decoy" chrStart: 3840147456
/home/junseokp/workspaces/data/rTea-simul/ref/hg38/Homo_sapiens_assembly38.fasta : chr # 2593  "chrUn_JTFH01001751v1_decoy" chrStart: 3840409600
/home/junseokp/workspaces/data/rTea-simul/ref/hg38/Homo_sapiens_assembly38.fasta : chr # 2594  "chrUn_JTFH01001752v1_decoy" chrStart: 3840671744
/home/junseokp/workspaces/data/rTea-simul/ref/hg38/Homo_sapiens_assembly38.fasta : chr # 2595  "chrUn_JTFH01001753v1_decoy" chrStart: 3840933888
/home/junseokp/workspaces/data/rTea-simul/ref/hg38/Homo_sapiens_assembly38.fasta : chr # 2596  "chrUn_JTFH01001754v1_decoy" chrStart: 3841196032
/home/junseokp/workspaces/data/rTea-simul/ref/hg38/Homo_sapiens_assembly38.fasta : chr # 2597  "chrUn_JTFH01001755v1_decoy" chrStart: 3841458176
/home/junseokp/workspaces/data/rTea-simul/ref/hg38/Homo_sapiens_assembly38.fasta : chr # 2598  "chrUn_JTFH01001756v1_decoy" chrStart: 3841720320
/home/junseokp/workspaces/data/rTea-simul/ref/hg38/Homo_sapiens_assembly38.fasta : chr # 2599  "chrUn_JTFH01001757v1_decoy" chrStart: 3841982464
/home/junseokp/workspaces/data/rTea-simul/ref/hg38/Homo_sapiens_assembly38.fasta : chr # 2600  "chrUn_JTFH01001758v1_decoy" chrStart: 3842244608
/home/junseokp/workspaces/data/rTea-simul/ref/hg38/Homo_sapiens_assembly38.fasta : chr # 2601  "chrUn_JTFH01001759v1_decoy" chrStart: 3842506752
/home/junseokp/workspaces/data/rTea-simul/ref/hg38/Homo_sapiens_assembly38.fasta : chr # 2602  "chrUn_JTFH01001760v1_decoy" chrStart: 3842768896
/home/junseokp/workspaces/data/rTea-simul/ref/hg38/Homo_sapiens_assembly38.fasta : chr # 2603  "chrUn_JTFH01001761v1_decoy" chrStart: 3843031040
/home/junseokp/workspaces/data/rTea-simul/ref/hg38/Homo_sapiens_assembly38.fasta : chr # 2604  "chrUn_JTFH01001762v1_decoy" chrStart: 3843293184
/home/junseokp/workspaces/data/rTea-simul/ref/hg38/Homo_sapiens_assembly38.fasta : chr # 2605  "chrUn_JTFH01001763v1_decoy" chrStart: 3843555328
/home/junseokp/workspaces/data/rTea-simul/ref/hg38/Homo_sapiens_assembly38.fasta : chr # 2606  "chrUn_JTFH01001764v1_decoy" chrStart: 3843817472
/home/junseokp/workspaces/data/rTea-simul/ref/hg38/Homo_sapiens_assembly38.fasta : chr # 2607  "chrUn_JTFH01001765v1_decoy" chrStart: 3844079616
/home/junseokp/workspaces/data/rTea-simul/ref/hg38/Homo_sapiens_assembly38.fasta : chr # 2608  "chrUn_JTFH01001766v1_decoy" chrStart: 3844341760
/home/junseokp/workspaces/data/rTea-simul/ref/hg38/Homo_sapiens_assembly38.fasta : chr # 2609  "chrUn_JTFH01001767v1_decoy" chrStart: 3844603904
/home/junseokp/workspaces/data/rTea-simul/ref/hg38/Homo_sapiens_assembly38.fasta : chr # 2610  "chrUn_JTFH01001768v1_decoy" chrStart: 3844866048
/home/junseokp/workspaces/data/rTea-simul/ref/hg38/Homo_sapiens_assembly38.fasta : chr # 2611  "chrUn_JTFH01001769v1_decoy" chrStart: 3845128192
/home/junseokp/workspaces/data/rTea-simul/ref/hg38/Homo_sapiens_assembly38.fasta : chr # 2612  "chrUn_JTFH01001770v1_decoy" chrStart: 3845390336
/home/junseokp/workspaces/data/rTea-simul/ref/hg38/Homo_sapiens_assembly38.fasta : chr # 2613  "chrUn_JTFH01001771v1_decoy" chrStart: 3845652480
/home/junseokp/workspaces/data/rTea-simul/ref/hg38/Homo_sapiens_assembly38.fasta : chr # 2614  "chrUn_JTFH01001772v1_decoy" chrStart: 3845914624
/home/junseokp/workspaces/data/rTea-simul/ref/hg38/Homo_sapiens_assembly38.fasta : chr # 2615  "chrUn_JTFH01001773v1_decoy" chrStart: 3846176768
/home/junseokp/workspaces/data/rTea-simul/ref/hg38/Homo_sapiens_assembly38.fasta : chr # 2616  "chrUn_JTFH01001774v1_decoy" chrStart: 3846438912
/home/junseokp/workspaces/data/rTea-simul/ref/hg38/Homo_sapiens_assembly38.fasta : chr # 2617  "chrUn_JTFH01001775v1_decoy" chrStart: 3846701056
/home/junseokp/workspaces/data/rTea-simul/ref/hg38/Homo_sapiens_assembly38.fasta : chr # 2618  "chrUn_JTFH01001776v1_decoy" chrStart: 3846963200
/home/junseokp/workspaces/data/rTea-simul/ref/hg38/Homo_sapiens_assembly38.fasta : chr # 2619  "chrUn_JTFH01001777v1_decoy" chrStart: 3847225344
/home/junseokp/workspaces/data/rTea-simul/ref/hg38/Homo_sapiens_assembly38.fasta : chr # 2620  "chrUn_JTFH01001778v1_decoy" chrStart: 3847487488
/home/junseokp/workspaces/data/rTea-simul/ref/hg38/Homo_sapiens_assembly38.fasta : chr # 2621  "chrUn_JTFH01001779v1_decoy" chrStart: 3847749632
/home/junseokp/workspaces/data/rTea-simul/ref/hg38/Homo_sapiens_assembly38.fasta : chr # 2622  "chrUn_JTFH01001780v1_decoy" chrStart: 3848011776
/home/junseokp/workspaces/data/rTea-simul/ref/hg38/Homo_sapiens_assembly38.fasta : chr # 2623  "chrUn_JTFH01001781v1_decoy" chrStart: 3848273920
/home/junseokp/workspaces/data/rTea-simul/ref/hg38/Homo_sapiens_assembly38.fasta : chr # 2624  "chrUn_JTFH01001782v1_decoy" chrStart: 3848536064
/home/junseokp/workspaces/data/rTea-simul/ref/hg38/Homo_sapiens_assembly38.fasta : chr # 2625  "chrUn_JTFH01001783v1_decoy" chrStart: 3848798208
/home/junseokp/workspaces/data/rTea-simul/ref/hg38/Homo_sapiens_assembly38.fasta : chr # 2626  "chrUn_JTFH01001784v1_decoy" chrStart: 3849060352
/home/junseokp/workspaces/data/rTea-simul/ref/hg38/Homo_sapiens_assembly38.fasta : chr # 2627  "chrUn_JTFH01001785v1_decoy" chrStart: 3849322496
/home/junseokp/workspaces/data/rTea-simul/ref/hg38/Homo_sapiens_assembly38.fasta : chr # 2628  "chrUn_JTFH01001786v1_decoy" chrStart: 3849584640
/home/junseokp/workspaces/data/rTea-simul/ref/hg38/Homo_sapiens_assembly38.fasta : chr # 2629  "chrUn_JTFH01001787v1_decoy" chrStart: 3849846784
/home/junseokp/workspaces/data/rTea-simul/ref/hg38/Homo_sapiens_assembly38.fasta : chr # 2630  "chrUn_JTFH01001788v1_decoy" chrStart: 3850108928
/home/junseokp/workspaces/data/rTea-simul/ref/hg38/Homo_sapiens_assembly38.fasta : chr # 2631  "chrUn_JTFH01001789v1_decoy" chrStart: 3850371072
/home/junseokp/workspaces/data/rTea-simul/ref/hg38/Homo_sapiens_assembly38.fasta : chr # 2632  "chrUn_JTFH01001790v1_decoy" chrStart: 3850633216
/home/junseokp/workspaces/data/rTea-simul/ref/hg38/Homo_sapiens_assembly38.fasta : chr # 2633  "chrUn_JTFH01001791v1_decoy" chrStart: 3850895360
/home/junseokp/workspaces/data/rTea-simul/ref/hg38/Homo_sapiens_assembly38.fasta : chr # 2634  "chrUn_JTFH01001792v1_decoy" chrStart: 3851157504
/home/junseokp/workspaces/data/rTea-simul/ref/hg38/Homo_sapiens_assembly38.fasta : chr # 2635  "chrUn_JTFH01001793v1_decoy" chrStart: 3851419648
/home/junseokp/workspaces/data/rTea-simul/ref/hg38/Homo_sapiens_assembly38.fasta : chr # 2636  "chrUn_JTFH01001794v1_decoy" chrStart: 3851681792
/home/junseokp/workspaces/data/rTea-simul/ref/hg38/Homo_sapiens_assembly38.fasta : chr # 2637  "chrUn_JTFH01001795v1_decoy" chrStart: 3851943936
/home/junseokp/workspaces/data/rTea-simul/ref/hg38/Homo_sapiens_assembly38.fasta : chr # 2638  "chrUn_JTFH01001796v1_decoy" chrStart: 3852206080
/home/junseokp/workspaces/data/rTea-simul/ref/hg38/Homo_sapiens_assembly38.fasta : chr # 2639  "chrUn_JTFH01001797v1_decoy" chrStart: 3852468224
/home/junseokp/workspaces/data/rTea-simul/ref/hg38/Homo_sapiens_assembly38.fasta : chr # 2640  "chrUn_JTFH01001798v1_decoy" chrStart: 3852730368
/home/junseokp/workspaces/data/rTea-simul/ref/hg38/Homo_sapiens_assembly38.fasta : chr # 2641  "chrUn_JTFH01001799v1_decoy" chrStart: 3852992512
/home/junseokp/workspaces/data/rTea-simul/ref/hg38/Homo_sapiens_assembly38.fasta : chr # 2642  "chrUn_JTFH01001800v1_decoy" chrStart: 3853254656
/home/junseokp/workspaces/data/rTea-simul/ref/hg38/Homo_sapiens_assembly38.fasta : chr # 2643  "chrUn_JTFH01001801v1_decoy" chrStart: 3853516800
/home/junseokp/workspaces/data/rTea-simul/ref/hg38/Homo_sapiens_assembly38.fasta : chr # 2644  "chrUn_JTFH01001802v1_decoy" chrStart: 3853778944
/home/junseokp/workspaces/data/rTea-simul/ref/hg38/Homo_sapiens_assembly38.fasta : chr # 2645  "chrUn_JTFH01001803v1_decoy" chrStart: 3854041088
/home/junseokp/workspaces/data/rTea-simul/ref/hg38/Homo_sapiens_assembly38.fasta : chr # 2646  "chrUn_JTFH01001804v1_decoy" chrStart: 3854303232
/home/junseokp/workspaces/data/rTea-simul/ref/hg38/Homo_sapiens_assembly38.fasta : chr # 2647  "chrUn_JTFH01001805v1_decoy" chrStart: 3854565376
/home/junseokp/workspaces/data/rTea-simul/ref/hg38/Homo_sapiens_assembly38.fasta : chr # 2648  "chrUn_JTFH01001806v1_decoy" chrStart: 3854827520
/home/junseokp/workspaces/data/rTea-simul/ref/hg38/Homo_sapiens_assembly38.fasta : chr # 2649  "chrUn_JTFH01001807v1_decoy" chrStart: 3855089664
/home/junseokp/workspaces/data/rTea-simul/ref/hg38/Homo_sapiens_assembly38.fasta : chr # 2650  "chrUn_JTFH01001808v1_decoy" chrStart: 3855351808
/home/junseokp/workspaces/data/rTea-simul/ref/hg38/Homo_sapiens_assembly38.fasta : chr # 2651  "chrUn_JTFH01001809v1_decoy" chrStart: 3855613952
/home/junseokp/workspaces/data/rTea-simul/ref/hg38/Homo_sapiens_assembly38.fasta : chr # 2652  "chrUn_JTFH01001810v1_decoy" chrStart: 3855876096
/home/junseokp/workspaces/data/rTea-simul/ref/hg38/Homo_sapiens_assembly38.fasta : chr # 2653  "chrUn_JTFH01001811v1_decoy" chrStart: 3856138240
/home/junseokp/workspaces/data/rTea-simul/ref/hg38/Homo_sapiens_assembly38.fasta : chr # 2654  "chrUn_JTFH01001812v1_decoy" chrStart: 3856400384
/home/junseokp/workspaces/data/rTea-simul/ref/hg38/Homo_sapiens_assembly38.fasta : chr # 2655  "chrUn_JTFH01001813v1_decoy" chrStart: 3856662528
/home/junseokp/workspaces/data/rTea-simul/ref/hg38/Homo_sapiens_assembly38.fasta : chr # 2656  "chrUn_JTFH01001814v1_decoy" chrStart: 3856924672
/home/junseokp/workspaces/data/rTea-simul/ref/hg38/Homo_sapiens_assembly38.fasta : chr # 2657  "chrUn_JTFH01001815v1_decoy" chrStart: 3857186816
/home/junseokp/workspaces/data/rTea-simul/ref/hg38/Homo_sapiens_assembly38.fasta : chr # 2658  "chrUn_JTFH01001816v1_decoy" chrStart: 3857448960
/home/junseokp/workspaces/data/rTea-simul/ref/hg38/Homo_sapiens_assembly38.fasta : chr # 2659  "chrUn_JTFH01001817v1_decoy" chrStart: 3857711104
/home/junseokp/workspaces/data/rTea-simul/ref/hg38/Homo_sapiens_assembly38.fasta : chr # 2660  "chrUn_JTFH01001818v1_decoy" chrStart: 3857973248
/home/junseokp/workspaces/data/rTea-simul/ref/hg38/Homo_sapiens_assembly38.fasta : chr # 2661  "chrUn_JTFH01001819v1_decoy" chrStart: 3858235392
/home/junseokp/workspaces/data/rTea-simul/ref/hg38/Homo_sapiens_assembly38.fasta : chr # 2662  "chrUn_JTFH01001820v1_decoy" chrStart: 3858497536
/home/junseokp/workspaces/data/rTea-simul/ref/hg38/Homo_sapiens_assembly38.fasta : chr # 2663  "chrUn_JTFH01001821v1_decoy" chrStart: 3858759680
/home/junseokp/workspaces/data/rTea-simul/ref/hg38/Homo_sapiens_assembly38.fasta : chr # 2664  "chrUn_JTFH01001822v1_decoy" chrStart: 3859021824
/home/junseokp/workspaces/data/rTea-simul/ref/hg38/Homo_sapiens_assembly38.fasta : chr # 2665  "chrUn_JTFH01001823v1_decoy" chrStart: 3859283968
/home/junseokp/workspaces/data/rTea-simul/ref/hg38/Homo_sapiens_assembly38.fasta : chr # 2666  "chrUn_JTFH01001824v1_decoy" chrStart: 3859546112
/home/junseokp/workspaces/data/rTea-simul/ref/hg38/Homo_sapiens_assembly38.fasta : chr # 2667  "chrUn_JTFH01001825v1_decoy" chrStart: 3859808256
/home/junseokp/workspaces/data/rTea-simul/ref/hg38/Homo_sapiens_assembly38.fasta : chr # 2668  "chrUn_JTFH01001826v1_decoy" chrStart: 3860070400
/home/junseokp/workspaces/data/rTea-simul/ref/hg38/Homo_sapiens_assembly38.fasta : chr # 2669  "chrUn_JTFH01001827v1_decoy" chrStart: 3860332544
/home/junseokp/workspaces/data/rTea-simul/ref/hg38/Homo_sapiens_assembly38.fasta : chr # 2670  "chrUn_JTFH01001828v1_decoy" chrStart: 3860594688
/home/junseokp/workspaces/data/rTea-simul/ref/hg38/Homo_sapiens_assembly38.fasta : chr # 2671  "chrUn_JTFH01001829v1_decoy" chrStart: 3860856832
/home/junseokp/workspaces/data/rTea-simul/ref/hg38/Homo_sapiens_assembly38.fasta : chr # 2672  "chrUn_JTFH01001830v1_decoy" chrStart: 3861118976
/home/junseokp/workspaces/data/rTea-simul/ref/hg38/Homo_sapiens_assembly38.fasta : chr # 2673  "chrUn_JTFH01001831v1_decoy" chrStart: 3861381120
/home/junseokp/workspaces/data/rTea-simul/ref/hg38/Homo_sapiens_assembly38.fasta : chr # 2674  "chrUn_JTFH01001832v1_decoy" chrStart: 3861643264
/home/junseokp/workspaces/data/rTea-simul/ref/hg38/Homo_sapiens_assembly38.fasta : chr # 2675  "chrUn_JTFH01001833v1_decoy" chrStart: 3861905408
/home/junseokp/workspaces/data/rTea-simul/ref/hg38/Homo_sapiens_assembly38.fasta : chr # 2676  "chrUn_JTFH01001834v1_decoy" chrStart: 3862167552
/home/junseokp/workspaces/data/rTea-simul/ref/hg38/Homo_sapiens_assembly38.fasta : chr # 2677  "chrUn_JTFH01001835v1_decoy" chrStart: 3862429696
/home/junseokp/workspaces/data/rTea-simul/ref/hg38/Homo_sapiens_assembly38.fasta : chr # 2678  "chrUn_JTFH01001836v1_decoy" chrStart: 3862691840
/home/junseokp/workspaces/data/rTea-simul/ref/hg38/Homo_sapiens_assembly38.fasta : chr # 2679  "chrUn_JTFH01001837v1_decoy" chrStart: 3862953984
/home/junseokp/workspaces/data/rTea-simul/ref/hg38/Homo_sapiens_assembly38.fasta : chr # 2680  "chrUn_JTFH01001838v1_decoy" chrStart: 3863216128
/home/junseokp/workspaces/data/rTea-simul/ref/hg38/Homo_sapiens_assembly38.fasta : chr # 2681  "chrUn_JTFH01001839v1_decoy" chrStart: 3863478272
/home/junseokp/workspaces/data/rTea-simul/ref/hg38/Homo_sapiens_assembly38.fasta : chr # 2682  "chrUn_JTFH01001840v1_decoy" chrStart: 3863740416
/home/junseokp/workspaces/data/rTea-simul/ref/hg38/Homo_sapiens_assembly38.fasta : chr # 2683  "chrUn_JTFH01001841v1_decoy" chrStart: 3864002560
/home/junseokp/workspaces/data/rTea-simul/ref/hg38/Homo_sapiens_assembly38.fasta : chr # 2684  "chrUn_JTFH01001842v1_decoy" chrStart: 3864264704
/home/junseokp/workspaces/data/rTea-simul/ref/hg38/Homo_sapiens_assembly38.fasta : chr # 2685  "chrUn_JTFH01001843v1_decoy" chrStart: 3864526848
/home/junseokp/workspaces/data/rTea-simul/ref/hg38/Homo_sapiens_assembly38.fasta : chr # 2686  "chrUn_JTFH01001844v1_decoy" chrStart: 3864788992
/home/junseokp/workspaces/data/rTea-simul/ref/hg38/Homo_sapiens_assembly38.fasta : chr # 2687  "chrUn_JTFH01001845v1_decoy" chrStart: 3865051136
/home/junseokp/workspaces/data/rTea-simul/ref/hg38/Homo_sapiens_assembly38.fasta : chr # 2688  "chrUn_JTFH01001846v1_decoy" chrStart: 3865313280
/home/junseokp/workspaces/data/rTea-simul/ref/hg38/Homo_sapiens_assembly38.fasta : chr # 2689  "chrUn_JTFH01001847v1_decoy" chrStart: 3865575424
/home/junseokp/workspaces/data/rTea-simul/ref/hg38/Homo_sapiens_assembly38.fasta : chr # 2690  "chrUn_JTFH01001848v1_decoy" chrStart: 3865837568
/home/junseokp/workspaces/data/rTea-simul/ref/hg38/Homo_sapiens_assembly38.fasta : chr # 2691  "chrUn_JTFH01001849v1_decoy" chrStart: 3866099712
/home/junseokp/workspaces/data/rTea-simul/ref/hg38/Homo_sapiens_assembly38.fasta : chr # 2692  "chrUn_JTFH01001850v1_decoy" chrStart: 3866361856
/home/junseokp/workspaces/data/rTea-simul/ref/hg38/Homo_sapiens_assembly38.fasta : chr # 2693  "chrUn_JTFH01001851v1_decoy" chrStart: 3866624000
/home/junseokp/workspaces/data/rTea-simul/ref/hg38/Homo_sapiens_assembly38.fasta : chr # 2694  "chrUn_JTFH01001852v1_decoy" chrStart: 3866886144
/home/junseokp/workspaces/data/rTea-simul/ref/hg38/Homo_sapiens_assembly38.fasta : chr # 2695  "chrUn_JTFH01001853v1_decoy" chrStart: 3867148288
/home/junseokp/workspaces/data/rTea-simul/ref/hg38/Homo_sapiens_assembly38.fasta : chr # 2696  "chrUn_JTFH01001854v1_decoy" chrStart: 3867410432
/home/junseokp/workspaces/data/rTea-simul/ref/hg38/Homo_sapiens_assembly38.fasta : chr # 2697  "chrUn_JTFH01001855v1_decoy" chrStart: 3867672576
/home/junseokp/workspaces/data/rTea-simul/ref/hg38/Homo_sapiens_assembly38.fasta : chr # 2698  "chrUn_JTFH01001856v1_decoy" chrStart: 3867934720
/home/junseokp/workspaces/data/rTea-simul/ref/hg38/Homo_sapiens_assembly38.fasta : chr # 2699  "chrUn_JTFH01001857v1_decoy" chrStart: 3868196864
/home/junseokp/workspaces/data/rTea-simul/ref/hg38/Homo_sapiens_assembly38.fasta : chr # 2700  "chrUn_JTFH01001858v1_decoy" chrStart: 3868459008
/home/junseokp/workspaces/data/rTea-simul/ref/hg38/Homo_sapiens_assembly38.fasta : chr # 2701  "chrUn_JTFH01001859v1_decoy" chrStart: 3868721152
/home/junseokp/workspaces/data/rTea-simul/ref/hg38/Homo_sapiens_assembly38.fasta : chr # 2702  "chrUn_JTFH01001860v1_decoy" chrStart: 3868983296
/home/junseokp/workspaces/data/rTea-simul/ref/hg38/Homo_sapiens_assembly38.fasta : chr # 2703  "chrUn_JTFH01001861v1_decoy" chrStart: 3869245440
/home/junseokp/workspaces/data/rTea-simul/ref/hg38/Homo_sapiens_assembly38.fasta : chr # 2704  "chrUn_JTFH01001862v1_decoy" chrStart: 3869507584
/home/junseokp/workspaces/data/rTea-simul/ref/hg38/Homo_sapiens_assembly38.fasta : chr # 2705  "chrUn_JTFH01001863v1_decoy" chrStart: 3869769728
/home/junseokp/workspaces/data/rTea-simul/ref/hg38/Homo_sapiens_assembly38.fasta : chr # 2706  "chrUn_JTFH01001864v1_decoy" chrStart: 3870031872
/home/junseokp/workspaces/data/rTea-simul/ref/hg38/Homo_sapiens_assembly38.fasta : chr # 2707  "chrUn_JTFH01001865v1_decoy" chrStart: 3870294016
/home/junseokp/workspaces/data/rTea-simul/ref/hg38/Homo_sapiens_assembly38.fasta : chr # 2708  "chrUn_JTFH01001866v1_decoy" chrStart: 3870556160
/home/junseokp/workspaces/data/rTea-simul/ref/hg38/Homo_sapiens_assembly38.fasta : chr # 2709  "chrUn_JTFH01001867v1_decoy" chrStart: 3870818304
/home/junseokp/workspaces/data/rTea-simul/ref/hg38/Homo_sapiens_assembly38.fasta : chr # 2710  "chrUn_JTFH01001868v1_decoy" chrStart: 3871080448
/home/junseokp/workspaces/data/rTea-simul/ref/hg38/Homo_sapiens_assembly38.fasta : chr # 2711  "chrUn_JTFH01001869v1_decoy" chrStart: 3871342592
/home/junseokp/workspaces/data/rTea-simul/ref/hg38/Homo_sapiens_assembly38.fasta : chr # 2712  "chrUn_JTFH01001870v1_decoy" chrStart: 3871604736
/home/junseokp/workspaces/data/rTea-simul/ref/hg38/Homo_sapiens_assembly38.fasta : chr # 2713  "chrUn_JTFH01001871v1_decoy" chrStart: 3871866880
/home/junseokp/workspaces/data/rTea-simul/ref/hg38/Homo_sapiens_assembly38.fasta : chr # 2714  "chrUn_JTFH01001872v1_decoy" chrStart: 3872129024
/home/junseokp/workspaces/data/rTea-simul/ref/hg38/Homo_sapiens_assembly38.fasta : chr # 2715  "chrUn_JTFH01001873v1_decoy" chrStart: 3872391168
/home/junseokp/workspaces/data/rTea-simul/ref/hg38/Homo_sapiens_assembly38.fasta : chr # 2716  "chrUn_JTFH01001874v1_decoy" chrStart: 3872653312
/home/junseokp/workspaces/data/rTea-simul/ref/hg38/Homo_sapiens_assembly38.fasta : chr # 2717  "chrUn_JTFH01001875v1_decoy" chrStart: 3872915456
/home/junseokp/workspaces/data/rTea-simul/ref/hg38/Homo_sapiens_assembly38.fasta : chr # 2718  "chrUn_JTFH01001876v1_decoy" chrStart: 3873177600
/home/junseokp/workspaces/data/rTea-simul/ref/hg38/Homo_sapiens_assembly38.fasta : chr # 2719  "chrUn_JTFH01001877v1_decoy" chrStart: 3873439744
/home/junseokp/workspaces/data/rTea-simul/ref/hg38/Homo_sapiens_assembly38.fasta : chr # 2720  "chrUn_JTFH01001878v1_decoy" chrStart: 3873701888
/home/junseokp/workspaces/data/rTea-simul/ref/hg38/Homo_sapiens_assembly38.fasta : chr # 2721  "chrUn_JTFH01001879v1_decoy" chrStart: 3873964032
/home/junseokp/workspaces/data/rTea-simul/ref/hg38/Homo_sapiens_assembly38.fasta : chr # 2722  "chrUn_JTFH01001880v1_decoy" chrStart: 3874226176
/home/junseokp/workspaces/data/rTea-simul/ref/hg38/Homo_sapiens_assembly38.fasta : chr # 2723  "chrUn_JTFH01001881v1_decoy" chrStart: 3874488320
/home/junseokp/workspaces/data/rTea-simul/ref/hg38/Homo_sapiens_assembly38.fasta : chr # 2724  "chrUn_JTFH01001882v1_decoy" chrStart: 3874750464
/home/junseokp/workspaces/data/rTea-simul/ref/hg38/Homo_sapiens_assembly38.fasta : chr # 2725  "chrUn_JTFH01001883v1_decoy" chrStart: 3875012608
/home/junseokp/workspaces/data/rTea-simul/ref/hg38/Homo_sapiens_assembly38.fasta : chr # 2726  "chrUn_JTFH01001884v1_decoy" chrStart: 3875274752
/home/junseokp/workspaces/data/rTea-simul/ref/hg38/Homo_sapiens_assembly38.fasta : chr # 2727  "chrUn_JTFH01001885v1_decoy" chrStart: 3875536896
/home/junseokp/workspaces/data/rTea-simul/ref/hg38/Homo_sapiens_assembly38.fasta : chr # 2728  "chrUn_JTFH01001886v1_decoy" chrStart: 3875799040
/home/junseokp/workspaces/data/rTea-simul/ref/hg38/Homo_sapiens_assembly38.fasta : chr # 2729  "chrUn_JTFH01001887v1_decoy" chrStart: 3876061184
/home/junseokp/workspaces/data/rTea-simul/ref/hg38/Homo_sapiens_assembly38.fasta : chr # 2730  "chrUn_JTFH01001888v1_decoy" chrStart: 3876323328
/home/junseokp/workspaces/data/rTea-simul/ref/hg38/Homo_sapiens_assembly38.fasta : chr # 2731  "chrUn_JTFH01001889v1_decoy" chrStart: 3876585472
/home/junseokp/workspaces/data/rTea-simul/ref/hg38/Homo_sapiens_assembly38.fasta : chr # 2732  "chrUn_JTFH01001890v1_decoy" chrStart: 3876847616
/home/junseokp/workspaces/data/rTea-simul/ref/hg38/Homo_sapiens_assembly38.fasta : chr # 2733  "chrUn_JTFH01001891v1_decoy" chrStart: 3877109760
/home/junseokp/workspaces/data/rTea-simul/ref/hg38/Homo_sapiens_assembly38.fasta : chr # 2734  "chrUn_JTFH01001892v1_decoy" chrStart: 3877371904
/home/junseokp/workspaces/data/rTea-simul/ref/hg38/Homo_sapiens_assembly38.fasta : chr # 2735  "chrUn_JTFH01001893v1_decoy" chrStart: 3877634048
/home/junseokp/workspaces/data/rTea-simul/ref/hg38/Homo_sapiens_assembly38.fasta : chr # 2736  "chrUn_JTFH01001894v1_decoy" chrStart: 3877896192
/home/junseokp/workspaces/data/rTea-simul/ref/hg38/Homo_sapiens_assembly38.fasta : chr # 2737  "chrUn_JTFH01001895v1_decoy" chrStart: 3878158336
/home/junseokp/workspaces/data/rTea-simul/ref/hg38/Homo_sapiens_assembly38.fasta : chr # 2738  "chrUn_JTFH01001896v1_decoy" chrStart: 3878420480
/home/junseokp/workspaces/data/rTea-simul/ref/hg38/Homo_sapiens_assembly38.fasta : chr # 2739  "chrUn_JTFH01001897v1_decoy" chrStart: 3878682624
/home/junseokp/workspaces/data/rTea-simul/ref/hg38/Homo_sapiens_assembly38.fasta : chr # 2740  "chrUn_JTFH01001898v1_decoy" chrStart: 3878944768
/home/junseokp/workspaces/data/rTea-simul/ref/hg38/Homo_sapiens_assembly38.fasta : chr # 2741  "chrUn_JTFH01001899v1_decoy" chrStart: 3879206912
/home/junseokp/workspaces/data/rTea-simul/ref/hg38/Homo_sapiens_assembly38.fasta : chr # 2742  "chrUn_JTFH01001900v1_decoy" chrStart: 3879469056
/home/junseokp/workspaces/data/rTea-simul/ref/hg38/Homo_sapiens_assembly38.fasta : chr # 2743  "chrUn_JTFH01001901v1_decoy" chrStart: 3879731200
/home/junseokp/workspaces/data/rTea-simul/ref/hg38/Homo_sapiens_assembly38.fasta : chr # 2744  "chrUn_JTFH01001902v1_decoy" chrStart: 3879993344
/home/junseokp/workspaces/data/rTea-simul/ref/hg38/Homo_sapiens_assembly38.fasta : chr # 2745  "chrUn_JTFH01001903v1_decoy" chrStart: 3880255488
/home/junseokp/workspaces/data/rTea-simul/ref/hg38/Homo_sapiens_assembly38.fasta : chr # 2746  "chrUn_JTFH01001904v1_decoy" chrStart: 3880517632
/home/junseokp/workspaces/data/rTea-simul/ref/hg38/Homo_sapiens_assembly38.fasta : chr # 2747  "chrUn_JTFH01001905v1_decoy" chrStart: 3880779776
/home/junseokp/workspaces/data/rTea-simul/ref/hg38/Homo_sapiens_assembly38.fasta : chr # 2748  "chrUn_JTFH01001906v1_decoy" chrStart: 3881041920
/home/junseokp/workspaces/data/rTea-simul/ref/hg38/Homo_sapiens_assembly38.fasta : chr # 2749  "chrUn_JTFH01001907v1_decoy" chrStart: 3881304064
/home/junseokp/workspaces/data/rTea-simul/ref/hg38/Homo_sapiens_assembly38.fasta : chr # 2750  "chrUn_JTFH01001908v1_decoy" chrStart: 3881566208
/home/junseokp/workspaces/data/rTea-simul/ref/hg38/Homo_sapiens_assembly38.fasta : chr # 2751  "chrUn_JTFH01001909v1_decoy" chrStart: 3881828352
/home/junseokp/workspaces/data/rTea-simul/ref/hg38/Homo_sapiens_assembly38.fasta : chr # 2752  "chrUn_JTFH01001910v1_decoy" chrStart: 3882090496
/home/junseokp/workspaces/data/rTea-simul/ref/hg38/Homo_sapiens_assembly38.fasta : chr # 2753  "chrUn_JTFH01001911v1_decoy" chrStart: 3882352640
/home/junseokp/workspaces/data/rTea-simul/ref/hg38/Homo_sapiens_assembly38.fasta : chr # 2754  "chrUn_JTFH01001912v1_decoy" chrStart: 3882614784
/home/junseokp/workspaces/data/rTea-simul/ref/hg38/Homo_sapiens_assembly38.fasta : chr # 2755  "chrUn_JTFH01001913v1_decoy" chrStart: 3882876928
/home/junseokp/workspaces/data/rTea-simul/ref/hg38/Homo_sapiens_assembly38.fasta : chr # 2756  "chrUn_JTFH01001914v1_decoy" chrStart: 3883139072
/home/junseokp/workspaces/data/rTea-simul/ref/hg38/Homo_sapiens_assembly38.fasta : chr # 2757  "chrUn_JTFH01001915v1_decoy" chrStart: 3883401216
/home/junseokp/workspaces/data/rTea-simul/ref/hg38/Homo_sapiens_assembly38.fasta : chr # 2758  "chrUn_JTFH01001916v1_decoy" chrStart: 3883663360
/home/junseokp/workspaces/data/rTea-simul/ref/hg38/Homo_sapiens_assembly38.fasta : chr # 2759  "chrUn_JTFH01001917v1_decoy" chrStart: 3883925504
/home/junseokp/workspaces/data/rTea-simul/ref/hg38/Homo_sapiens_assembly38.fasta : chr # 2760  "chrUn_JTFH01001918v1_decoy" chrStart: 3884187648
/home/junseokp/workspaces/data/rTea-simul/ref/hg38/Homo_sapiens_assembly38.fasta : chr # 2761  "chrUn_JTFH01001919v1_decoy" chrStart: 3884449792
/home/junseokp/workspaces/data/rTea-simul/ref/hg38/Homo_sapiens_assembly38.fasta : chr # 2762  "chrUn_JTFH01001920v1_decoy" chrStart: 3884711936
/home/junseokp/workspaces/data/rTea-simul/ref/hg38/Homo_sapiens_assembly38.fasta : chr # 2763  "chrUn_JTFH01001921v1_decoy" chrStart: 3884974080
/home/junseokp/workspaces/data/rTea-simul/ref/hg38/Homo_sapiens_assembly38.fasta : chr # 2764  "chrUn_JTFH01001922v1_decoy" chrStart: 3885236224
/home/junseokp/workspaces/data/rTea-simul/ref/hg38/Homo_sapiens_assembly38.fasta : chr # 2765  "chrUn_JTFH01001923v1_decoy" chrStart: 3885498368
/home/junseokp/workspaces/data/rTea-simul/ref/hg38/Homo_sapiens_assembly38.fasta : chr # 2766  "chrUn_JTFH01001924v1_decoy" chrStart: 3885760512
/home/junseokp/workspaces/data/rTea-simul/ref/hg38/Homo_sapiens_assembly38.fasta : chr # 2767  "chrUn_JTFH01001925v1_decoy" chrStart: 3886022656
/home/junseokp/workspaces/data/rTea-simul/ref/hg38/Homo_sapiens_assembly38.fasta : chr # 2768  "chrUn_JTFH01001926v1_decoy" chrStart: 3886284800
/home/junseokp/workspaces/data/rTea-simul/ref/hg38/Homo_sapiens_assembly38.fasta : chr # 2769  "chrUn_JTFH01001927v1_decoy" chrStart: 3886546944
/home/junseokp/workspaces/data/rTea-simul/ref/hg38/Homo_sapiens_assembly38.fasta : chr # 2770  "chrUn_JTFH01001928v1_decoy" chrStart: 3886809088
/home/junseokp/workspaces/data/rTea-simul/ref/hg38/Homo_sapiens_assembly38.fasta : chr # 2771  "chrUn_JTFH01001929v1_decoy" chrStart: 3887071232
/home/junseokp/workspaces/data/rTea-simul/ref/hg38/Homo_sapiens_assembly38.fasta : chr # 2772  "chrUn_JTFH01001930v1_decoy" chrStart: 3887333376
/home/junseokp/workspaces/data/rTea-simul/ref/hg38/Homo_sapiens_assembly38.fasta : chr # 2773  "chrUn_JTFH01001931v1_decoy" chrStart: 3887595520
/home/junseokp/workspaces/data/rTea-simul/ref/hg38/Homo_sapiens_assembly38.fasta : chr # 2774  "chrUn_JTFH01001932v1_decoy" chrStart: 3887857664
/home/junseokp/workspaces/data/rTea-simul/ref/hg38/Homo_sapiens_assembly38.fasta : chr # 2775  "chrUn_JTFH01001933v1_decoy" chrStart: 3888119808
/home/junseokp/workspaces/data/rTea-simul/ref/hg38/Homo_sapiens_assembly38.fasta : chr # 2776  "chrUn_JTFH01001934v1_decoy" chrStart: 3888381952
/home/junseokp/workspaces/data/rTea-simul/ref/hg38/Homo_sapiens_assembly38.fasta : chr # 2777  "chrUn_JTFH01001935v1_decoy" chrStart: 3888644096
/home/junseokp/workspaces/data/rTea-simul/ref/hg38/Homo_sapiens_assembly38.fasta : chr # 2778  "chrUn_JTFH01001936v1_decoy" chrStart: 3888906240
/home/junseokp/workspaces/data/rTea-simul/ref/hg38/Homo_sapiens_assembly38.fasta : chr # 2779  "chrUn_JTFH01001937v1_decoy" chrStart: 3889168384
/home/junseokp/workspaces/data/rTea-simul/ref/hg38/Homo_sapiens_assembly38.fasta : chr # 2780  "chrUn_JTFH01001938v1_decoy" chrStart: 3889430528
/home/junseokp/workspaces/data/rTea-simul/ref/hg38/Homo_sapiens_assembly38.fasta : chr # 2781  "chrUn_JTFH01001939v1_decoy" chrStart: 3889692672
/home/junseokp/workspaces/data/rTea-simul/ref/hg38/Homo_sapiens_assembly38.fasta : chr # 2782  "chrUn_JTFH01001940v1_decoy" chrStart: 3889954816
/home/junseokp/workspaces/data/rTea-simul/ref/hg38/Homo_sapiens_assembly38.fasta : chr # 2783  "chrUn_JTFH01001941v1_decoy" chrStart: 3890216960
/home/junseokp/workspaces/data/rTea-simul/ref/hg38/Homo_sapiens_assembly38.fasta : chr # 2784  "chrUn_JTFH01001942v1_decoy" chrStart: 3890479104
/home/junseokp/workspaces/data/rTea-simul/ref/hg38/Homo_sapiens_assembly38.fasta : chr # 2785  "chrUn_JTFH01001943v1_decoy" chrStart: 3890741248
/home/junseokp/workspaces/data/rTea-simul/ref/hg38/Homo_sapiens_assembly38.fasta : chr # 2786  "chrUn_JTFH01001944v1_decoy" chrStart: 3891003392
/home/junseokp/workspaces/data/rTea-simul/ref/hg38/Homo_sapiens_assembly38.fasta : chr # 2787  "chrUn_JTFH01001945v1_decoy" chrStart: 3891265536
/home/junseokp/workspaces/data/rTea-simul/ref/hg38/Homo_sapiens_assembly38.fasta : chr # 2788  "chrUn_JTFH01001946v1_decoy" chrStart: 3891527680
/home/junseokp/workspaces/data/rTea-simul/ref/hg38/Homo_sapiens_assembly38.fasta : chr # 2789  "chrUn_JTFH01001947v1_decoy" chrStart: 3891789824
/home/junseokp/workspaces/data/rTea-simul/ref/hg38/Homo_sapiens_assembly38.fasta : chr # 2790  "chrUn_JTFH01001948v1_decoy" chrStart: 3892051968
/home/junseokp/workspaces/data/rTea-simul/ref/hg38/Homo_sapiens_assembly38.fasta : chr # 2791  "chrUn_JTFH01001949v1_decoy" chrStart: 3892314112
/home/junseokp/workspaces/data/rTea-simul/ref/hg38/Homo_sapiens_assembly38.fasta : chr # 2792  "chrUn_JTFH01001950v1_decoy" chrStart: 3892576256
/home/junseokp/workspaces/data/rTea-simul/ref/hg38/Homo_sapiens_assembly38.fasta : chr # 2793  "chrUn_JTFH01001951v1_decoy" chrStart: 3892838400
/home/junseokp/workspaces/data/rTea-simul/ref/hg38/Homo_sapiens_assembly38.fasta : chr # 2794  "chrUn_JTFH01001952v1_decoy" chrStart: 3893100544
/home/junseokp/workspaces/data/rTea-simul/ref/hg38/Homo_sapiens_assembly38.fasta : chr # 2795  "chrUn_JTFH01001953v1_decoy" chrStart: 3893362688
/home/junseokp/workspaces/data/rTea-simul/ref/hg38/Homo_sapiens_assembly38.fasta : chr # 2796  "chrUn_JTFH01001954v1_decoy" chrStart: 3893624832
/home/junseokp/workspaces/data/rTea-simul/ref/hg38/Homo_sapiens_assembly38.fasta : chr # 2797  "chrUn_JTFH01001955v1_decoy" chrStart: 3893886976
/home/junseokp/workspaces/data/rTea-simul/ref/hg38/Homo_sapiens_assembly38.fasta : chr # 2798  "chrUn_JTFH01001956v1_decoy" chrStart: 3894149120
/home/junseokp/workspaces/data/rTea-simul/ref/hg38/Homo_sapiens_assembly38.fasta : chr # 2799  "chrUn_JTFH01001957v1_decoy" chrStart: 3894411264
/home/junseokp/workspaces/data/rTea-simul/ref/hg38/Homo_sapiens_assembly38.fasta : chr # 2800  "chrUn_JTFH01001958v1_decoy" chrStart: 3894673408
/home/junseokp/workspaces/data/rTea-simul/ref/hg38/Homo_sapiens_assembly38.fasta : chr # 2801  "chrUn_JTFH01001959v1_decoy" chrStart: 3894935552
/home/junseokp/workspaces/data/rTea-simul/ref/hg38/Homo_sapiens_assembly38.fasta : chr # 2802  "chrUn_JTFH01001960v1_decoy" chrStart: 3895197696
/home/junseokp/workspaces/data/rTea-simul/ref/hg38/Homo_sapiens_assembly38.fasta : chr # 2803  "chrUn_JTFH01001961v1_decoy" chrStart: 3895459840
/home/junseokp/workspaces/data/rTea-simul/ref/hg38/Homo_sapiens_assembly38.fasta : chr # 2804  "chrUn_JTFH01001962v1_decoy" chrStart: 3895721984
/home/junseokp/workspaces/data/rTea-simul/ref/hg38/Homo_sapiens_assembly38.fasta : chr # 2805  "chrUn_JTFH01001963v1_decoy" chrStart: 3895984128
/home/junseokp/workspaces/data/rTea-simul/ref/hg38/Homo_sapiens_assembly38.fasta : chr # 2806  "chrUn_JTFH01001964v1_decoy" chrStart: 3896246272
/home/junseokp/workspaces/data/rTea-simul/ref/hg38/Homo_sapiens_assembly38.fasta : chr # 2807  "chrUn_JTFH01001965v1_decoy" chrStart: 3896508416
/home/junseokp/workspaces/data/rTea-simul/ref/hg38/Homo_sapiens_assembly38.fasta : chr # 2808  "chrUn_JTFH01001966v1_decoy" chrStart: 3896770560
/home/junseokp/workspaces/data/rTea-simul/ref/hg38/Homo_sapiens_assembly38.fasta : chr # 2809  "chrUn_JTFH01001967v1_decoy" chrStart: 3897032704
/home/junseokp/workspaces/data/rTea-simul/ref/hg38/Homo_sapiens_assembly38.fasta : chr # 2810  "chrUn_JTFH01001968v1_decoy" chrStart: 3897294848
/home/junseokp/workspaces/data/rTea-simul/ref/hg38/Homo_sapiens_assembly38.fasta : chr # 2811  "chrUn_JTFH01001969v1_decoy" chrStart: 3897556992
/home/junseokp/workspaces/data/rTea-simul/ref/hg38/Homo_sapiens_assembly38.fasta : chr # 2812  "chrUn_JTFH01001970v1_decoy" chrStart: 3897819136
/home/junseokp/workspaces/data/rTea-simul/ref/hg38/Homo_sapiens_assembly38.fasta : chr # 2813  "chrUn_JTFH01001971v1_decoy" chrStart: 3898081280
/home/junseokp/workspaces/data/rTea-simul/ref/hg38/Homo_sapiens_assembly38.fasta : chr # 2814  "chrUn_JTFH01001972v1_decoy" chrStart: 3898343424
/home/junseokp/workspaces/data/rTea-simul/ref/hg38/Homo_sapiens_assembly38.fasta : chr # 2815  "chrUn_JTFH01001973v1_decoy" chrStart: 3898605568
/home/junseokp/workspaces/data/rTea-simul/ref/hg38/Homo_sapiens_assembly38.fasta : chr # 2816  "chrUn_JTFH01001974v1_decoy" chrStart: 3898867712
/home/junseokp/workspaces/data/rTea-simul/ref/hg38/Homo_sapiens_assembly38.fasta : chr # 2817  "chrUn_JTFH01001975v1_decoy" chrStart: 3899129856
/home/junseokp/workspaces/data/rTea-simul/ref/hg38/Homo_sapiens_assembly38.fasta : chr # 2818  "chrUn_JTFH01001976v1_decoy" chrStart: 3899392000
/home/junseokp/workspaces/data/rTea-simul/ref/hg38/Homo_sapiens_assembly38.fasta : chr # 2819  "chrUn_JTFH01001977v1_decoy" chrStart: 3899654144
/home/junseokp/workspaces/data/rTea-simul/ref/hg38/Homo_sapiens_assembly38.fasta : chr # 2820  "chrUn_JTFH01001978v1_decoy" chrStart: 3899916288
/home/junseokp/workspaces/data/rTea-simul/ref/hg38/Homo_sapiens_assembly38.fasta : chr # 2821  "chrUn_JTFH01001979v1_decoy" chrStart: 3900178432
/home/junseokp/workspaces/data/rTea-simul/ref/hg38/Homo_sapiens_assembly38.fasta : chr # 2822  "chrUn_JTFH01001980v1_decoy" chrStart: 3900440576
/home/junseokp/workspaces/data/rTea-simul/ref/hg38/Homo_sapiens_assembly38.fasta : chr # 2823  "chrUn_JTFH01001981v1_decoy" chrStart: 3900702720
/home/junseokp/workspaces/data/rTea-simul/ref/hg38/Homo_sapiens_assembly38.fasta : chr # 2824  "chrUn_JTFH01001982v1_decoy" chrStart: 3900964864
/home/junseokp/workspaces/data/rTea-simul/ref/hg38/Homo_sapiens_assembly38.fasta : chr # 2825  "chrUn_JTFH01001983v1_decoy" chrStart: 3901227008
/home/junseokp/workspaces/data/rTea-simul/ref/hg38/Homo_sapiens_assembly38.fasta : chr # 2826  "chrUn_JTFH01001984v1_decoy" chrStart: 3901489152
/home/junseokp/workspaces/data/rTea-simul/ref/hg38/Homo_sapiens_assembly38.fasta : chr # 2827  "chrUn_JTFH01001985v1_decoy" chrStart: 3901751296
/home/junseokp/workspaces/data/rTea-simul/ref/hg38/Homo_sapiens_assembly38.fasta : chr # 2828  "chrUn_JTFH01001986v1_decoy" chrStart: 3902013440
/home/junseokp/workspaces/data/rTea-simul/ref/hg38/Homo_sapiens_assembly38.fasta : chr # 2829  "chrUn_JTFH01001987v1_decoy" chrStart: 3902275584
/home/junseokp/workspaces/data/rTea-simul/ref/hg38/Homo_sapiens_assembly38.fasta : chr # 2830  "chrUn_JTFH01001988v1_decoy" chrStart: 3902537728
/home/junseokp/workspaces/data/rTea-simul/ref/hg38/Homo_sapiens_assembly38.fasta : chr # 2831  "chrUn_JTFH01001989v1_decoy" chrStart: 3902799872
/home/junseokp/workspaces/data/rTea-simul/ref/hg38/Homo_sapiens_assembly38.fasta : chr # 2832  "chrUn_JTFH01001990v1_decoy" chrStart: 3903062016
/home/junseokp/workspaces/data/rTea-simul/ref/hg38/Homo_sapiens_assembly38.fasta : chr # 2833  "chrUn_JTFH01001991v1_decoy" chrStart: 3903324160
/home/junseokp/workspaces/data/rTea-simul/ref/hg38/Homo_sapiens_assembly38.fasta : chr # 2834  "chrUn_JTFH01001992v1_decoy" chrStart: 3903586304
/home/junseokp/workspaces/data/rTea-simul/ref/hg38/Homo_sapiens_assembly38.fasta : chr # 2835  "chrUn_JTFH01001993v1_decoy" chrStart: 3903848448
/home/junseokp/workspaces/data/rTea-simul/ref/hg38/Homo_sapiens_assembly38.fasta : chr # 2836  "chrUn_JTFH01001994v1_decoy" chrStart: 3904110592
/home/junseokp/workspaces/data/rTea-simul/ref/hg38/Homo_sapiens_assembly38.fasta : chr # 2837  "chrUn_JTFH01001995v1_decoy" chrStart: 3904372736
/home/junseokp/workspaces/data/rTea-simul/ref/hg38/Homo_sapiens_assembly38.fasta : chr # 2838  "chrUn_JTFH01001996v1_decoy" chrStart: 3904634880
/home/junseokp/workspaces/data/rTea-simul/ref/hg38/Homo_sapiens_assembly38.fasta : chr # 2839  "chrUn_JTFH01001997v1_decoy" chrStart: 3904897024
/home/junseokp/workspaces/data/rTea-simul/ref/hg38/Homo_sapiens_assembly38.fasta : chr # 2840  "chrUn_JTFH01001998v1_decoy" chrStart: 3905159168
/home/junseokp/workspaces/data/rTea-simul/ref/hg38/Homo_sapiens_assembly38.fasta : chr # 2841  "HLA-A*01:01:01:01" chrStart: 3905421312
/home/junseokp/workspaces/data/rTea-simul/ref/hg38/Homo_sapiens_assembly38.fasta : chr # 2842  "HLA-A*01:01:01:02N" chrStart: 3905683456
/home/junseokp/workspaces/data/rTea-simul/ref/hg38/Homo_sapiens_assembly38.fasta : chr # 2843  "HLA-A*01:01:38L" chrStart: 3905945600
/home/junseokp/workspaces/data/rTea-simul/ref/hg38/Homo_sapiens_assembly38.fasta : chr # 2844  "HLA-A*01:02" chrStart: 3906207744
/home/junseokp/workspaces/data/rTea-simul/ref/hg38/Homo_sapiens_assembly38.fasta : chr # 2845  "HLA-A*01:03" chrStart: 3906469888
/home/junseokp/workspaces/data/rTea-simul/ref/hg38/Homo_sapiens_assembly38.fasta : chr # 2846  "HLA-A*01:04N" chrStart: 3906732032
/home/junseokp/workspaces/data/rTea-simul/ref/hg38/Homo_sapiens_assembly38.fasta : chr # 2847  "HLA-A*01:09" chrStart: 3906994176
/home/junseokp/workspaces/data/rTea-simul/ref/hg38/Homo_sapiens_assembly38.fasta : chr # 2848  "HLA-A*01:11N" chrStart: 3907256320
/home/junseokp/workspaces/data/rTea-simul/ref/hg38/Homo_sapiens_assembly38.fasta : chr # 2849  "HLA-A*01:14" chrStart: 3907518464
/home/junseokp/workspaces/data/rTea-simul/ref/hg38/Homo_sapiens_assembly38.fasta : chr # 2850  "HLA-A*01:16N" chrStart: 3907780608
/home/junseokp/workspaces/data/rTea-simul/ref/hg38/Homo_sapiens_assembly38.fasta : chr # 2851  "HLA-A*01:20" chrStart: 3908042752
/home/junseokp/workspaces/data/rTea-simul/ref/hg38/Homo_sapiens_assembly38.fasta : chr # 2852  "HLA-A*02:01:01:01" chrStart: 3908304896
/home/junseokp/workspaces/data/rTea-simul/ref/hg38/Homo_sapiens_assembly38.fasta : chr # 2853  "HLA-A*02:01:01:02L" chrStart: 3908567040
/home/junseokp/workspaces/data/rTea-simul/ref/hg38/Homo_sapiens_assembly38.fasta : chr # 2854  "HLA-A*02:01:01:03" chrStart: 3908829184
/home/junseokp/workspaces/data/rTea-simul/ref/hg38/Homo_sapiens_assembly38.fasta : chr # 2855  "HLA-A*02:01:01:04" chrStart: 3909091328
/home/junseokp/workspaces/data/rTea-simul/ref/hg38/Homo_sapiens_assembly38.fasta : chr # 2856  "HLA-A*02:02:01" chrStart: 3909353472
/home/junseokp/workspaces/data/rTea-simul/ref/hg38/Homo_sapiens_assembly38.fasta : chr # 2857  "HLA-A*02:03:01" chrStart: 3909615616
/home/junseokp/workspaces/data/rTea-simul/ref/hg38/Homo_sapiens_assembly38.fasta : chr # 2858  "HLA-A*02:03:03" chrStart: 3909877760
/home/junseokp/workspaces/data/rTea-simul/ref/hg38/Homo_sapiens_assembly38.fasta : chr # 2859  "HLA-A*02:05:01" chrStart: 3910139904
/home/junseokp/workspaces/data/rTea-simul/ref/hg38/Homo_sapiens_assembly38.fasta : chr # 2860  "HLA-A*02:06:01" chrStart: 3910402048
/home/junseokp/workspaces/data/rTea-simul/ref/hg38/Homo_sapiens_assembly38.fasta : chr # 2861  "HLA-A*02:07:01" chrStart: 3910664192
/home/junseokp/workspaces/data/rTea-simul/ref/hg38/Homo_sapiens_assembly38.fasta : chr # 2862  "HLA-A*02:10" chrStart: 3910926336
/home/junseokp/workspaces/data/rTea-simul/ref/hg38/Homo_sapiens_assembly38.fasta : chr # 2863  "HLA-A*02:251" chrStart: 3911188480
/home/junseokp/workspaces/data/rTea-simul/ref/hg38/Homo_sapiens_assembly38.fasta : chr # 2864  "HLA-A*02:259" chrStart: 3911450624
/home/junseokp/workspaces/data/rTea-simul/ref/hg38/Homo_sapiens_assembly38.fasta : chr # 2865  "HLA-A*02:264" chrStart: 3911712768
/home/junseokp/workspaces/data/rTea-simul/ref/hg38/Homo_sapiens_assembly38.fasta : chr # 2866  "HLA-A*02:265" chrStart: 3911974912
/home/junseokp/workspaces/data/rTea-simul/ref/hg38/Homo_sapiens_assembly38.fasta : chr # 2867  "HLA-A*02:266" chrStart: 3912237056
/home/junseokp/workspaces/data/rTea-simul/ref/hg38/Homo_sapiens_assembly38.fasta : chr # 2868  "HLA-A*02:269" chrStart: 3912499200
/home/junseokp/workspaces/data/rTea-simul/ref/hg38/Homo_sapiens_assembly38.fasta : chr # 2869  "HLA-A*02:279" chrStart: 3912761344
/home/junseokp/workspaces/data/rTea-simul/ref/hg38/Homo_sapiens_assembly38.fasta : chr # 2870  "HLA-A*02:32N" chrStart: 3913023488
/home/junseokp/workspaces/data/rTea-simul/ref/hg38/Homo_sapiens_assembly38.fasta : chr # 2871  "HLA-A*02:376" chrStart: 3913285632
/home/junseokp/workspaces/data/rTea-simul/ref/hg38/Homo_sapiens_assembly38.fasta : chr # 2872  "HLA-A*02:43N" chrStart: 3913547776
/home/junseokp/workspaces/data/rTea-simul/ref/hg38/Homo_sapiens_assembly38.fasta : chr # 2873  "HLA-A*02:455" chrStart: 3913809920
/home/junseokp/workspaces/data/rTea-simul/ref/hg38/Homo_sapiens_assembly38.fasta : chr # 2874  "HLA-A*02:48" chrStart: 3914072064
/home/junseokp/workspaces/data/rTea-simul/ref/hg38/Homo_sapiens_assembly38.fasta : chr # 2875  "HLA-A*02:51" chrStart: 3914334208
/home/junseokp/workspaces/data/rTea-simul/ref/hg38/Homo_sapiens_assembly38.fasta : chr # 2876  "HLA-A*02:533" chrStart: 3914596352
/home/junseokp/workspaces/data/rTea-simul/ref/hg38/Homo_sapiens_assembly38.fasta : chr # 2877  "HLA-A*02:53N" chrStart: 3914858496
/home/junseokp/workspaces/data/rTea-simul/ref/hg38/Homo_sapiens_assembly38.fasta : chr # 2878  "HLA-A*02:57" chrStart: 3915120640
/home/junseokp/workspaces/data/rTea-simul/ref/hg38/Homo_sapiens_assembly38.fasta : chr # 2879  "HLA-A*02:60:01" chrStart: 3915382784
/home/junseokp/workspaces/data/rTea-simul/ref/hg38/Homo_sapiens_assembly38.fasta : chr # 2880  "HLA-A*02:65" chrStart: 3915644928
/home/junseokp/workspaces/data/rTea-simul/ref/hg38/Homo_sapiens_assembly38.fasta : chr # 2881  "HLA-A*02:68" chrStart: 3915907072
/home/junseokp/workspaces/data/rTea-simul/ref/hg38/Homo_sapiens_assembly38.fasta : chr # 2882  "HLA-A*02:77" chrStart: 3916169216
/home/junseokp/workspaces/data/rTea-simul/ref/hg38/Homo_sapiens_assembly38.fasta : chr # 2883  "HLA-A*02:81" chrStart: 3916431360
/home/junseokp/workspaces/data/rTea-simul/ref/hg38/Homo_sapiens_assembly38.fasta : chr # 2884  "HLA-A*02:89" chrStart: 3916693504
/home/junseokp/workspaces/data/rTea-simul/ref/hg38/Homo_sapiens_assembly38.fasta : chr # 2885  "HLA-A*02:95" chrStart: 3916955648
/home/junseokp/workspaces/data/rTea-simul/ref/hg38/Homo_sapiens_assembly38.fasta : chr # 2886  "HLA-A*03:01:01:01" chrStart: 3917217792
/home/junseokp/workspaces/data/rTea-simul/ref/hg38/Homo_sapiens_assembly38.fasta : chr # 2887  "HLA-A*03:01:01:02N" chrStart: 3917479936
/home/junseokp/workspaces/data/rTea-simul/ref/hg38/Homo_sapiens_assembly38.fasta : chr # 2888  "HLA-A*03:01:01:03" chrStart: 3917742080
/home/junseokp/workspaces/data/rTea-simul/ref/hg38/Homo_sapiens_assembly38.fasta : chr # 2889  "HLA-A*03:02:01" chrStart: 3918004224
/home/junseokp/workspaces/data/rTea-simul/ref/hg38/Homo_sapiens_assembly38.fasta : chr # 2890  "HLA-A*03:11N" chrStart: 3918266368
/home/junseokp/workspaces/data/rTea-simul/ref/hg38/Homo_sapiens_assembly38.fasta : chr # 2891  "HLA-A*03:21N" chrStart: 3918528512
/home/junseokp/workspaces/data/rTea-simul/ref/hg38/Homo_sapiens_assembly38.fasta : chr # 2892  "HLA-A*03:36N" chrStart: 3918790656
/home/junseokp/workspaces/data/rTea-simul/ref/hg38/Homo_sapiens_assembly38.fasta : chr # 2893  "HLA-A*11:01:01" chrStart: 3919052800
/home/junseokp/workspaces/data/rTea-simul/ref/hg38/Homo_sapiens_assembly38.fasta : chr # 2894  "HLA-A*11:01:18" chrStart: 3919314944
/home/junseokp/workspaces/data/rTea-simul/ref/hg38/Homo_sapiens_assembly38.fasta : chr # 2895  "HLA-A*11:02:01" chrStart: 3919577088
/home/junseokp/workspaces/data/rTea-simul/ref/hg38/Homo_sapiens_assembly38.fasta : chr # 2896  "HLA-A*11:05" chrStart: 3919839232
/home/junseokp/workspaces/data/rTea-simul/ref/hg38/Homo_sapiens_assembly38.fasta : chr # 2897  "HLA-A*11:110" chrStart: 3920101376
/home/junseokp/workspaces/data/rTea-simul/ref/hg38/Homo_sapiens_assembly38.fasta : chr # 2898  "HLA-A*11:25" chrStart: 3920363520
/home/junseokp/workspaces/data/rTea-simul/ref/hg38/Homo_sapiens_assembly38.fasta : chr # 2899  "HLA-A*11:50Q" chrStart: 3920625664
/home/junseokp/workspaces/data/rTea-simul/ref/hg38/Homo_sapiens_assembly38.fasta : chr # 2900  "HLA-A*11:60" chrStart: 3920887808
/home/junseokp/workspaces/data/rTea-simul/ref/hg38/Homo_sapiens_assembly38.fasta : chr # 2901  "HLA-A*11:69N" chrStart: 3921149952
/home/junseokp/workspaces/data/rTea-simul/ref/hg38/Homo_sapiens_assembly38.fasta : chr # 2902  "HLA-A*11:74" chrStart: 3921412096
/home/junseokp/workspaces/data/rTea-simul/ref/hg38/Homo_sapiens_assembly38.fasta : chr # 2903  "HLA-A*11:75" chrStart: 3921674240
/home/junseokp/workspaces/data/rTea-simul/ref/hg38/Homo_sapiens_assembly38.fasta : chr # 2904  "HLA-A*11:77" chrStart: 3921936384
/home/junseokp/workspaces/data/rTea-simul/ref/hg38/Homo_sapiens_assembly38.fasta : chr # 2905  "HLA-A*23:01:01" chrStart: 3922198528
/home/junseokp/workspaces/data/rTea-simul/ref/hg38/Homo_sapiens_assembly38.fasta : chr # 2906  "HLA-A*23:09" chrStart: 3922460672
/home/junseokp/workspaces/data/rTea-simul/ref/hg38/Homo_sapiens_assembly38.fasta : chr # 2907  "HLA-A*23:38N" chrStart: 3922722816
/home/junseokp/workspaces/data/rTea-simul/ref/hg38/Homo_sapiens_assembly38.fasta : chr # 2908  "HLA-A*24:02:01:01" chrStart: 3922984960
/home/junseokp/workspaces/data/rTea-simul/ref/hg38/Homo_sapiens_assembly38.fasta : chr # 2909  "HLA-A*24:02:01:02L" chrStart: 3923247104
/home/junseokp/workspaces/data/rTea-simul/ref/hg38/Homo_sapiens_assembly38.fasta : chr # 2910  "HLA-A*24:02:01:03" chrStart: 3923509248
/home/junseokp/workspaces/data/rTea-simul/ref/hg38/Homo_sapiens_assembly38.fasta : chr # 2911  "HLA-A*24:02:03Q" chrStart: 3923771392
/home/junseokp/workspaces/data/rTea-simul/ref/hg38/Homo_sapiens_assembly38.fasta : chr # 2912  "HLA-A*24:02:10" chrStart: 3924033536
/home/junseokp/workspaces/data/rTea-simul/ref/hg38/Homo_sapiens_assembly38.fasta : chr # 2913  "HLA-A*24:03:01" chrStart: 3924295680
/home/junseokp/workspaces/data/rTea-simul/ref/hg38/Homo_sapiens_assembly38.fasta : chr # 2914  "HLA-A*24:07:01" chrStart: 3924557824
/home/junseokp/workspaces/data/rTea-simul/ref/hg38/Homo_sapiens_assembly38.fasta : chr # 2915  "HLA-A*24:08" chrStart: 3924819968
/home/junseokp/workspaces/data/rTea-simul/ref/hg38/Homo_sapiens_assembly38.fasta : chr # 2916  "HLA-A*24:09N" chrStart: 3925082112
/home/junseokp/workspaces/data/rTea-simul/ref/hg38/Homo_sapiens_assembly38.fasta : chr # 2917  "HLA-A*24:10:01" chrStart: 3925344256
/home/junseokp/workspaces/data/rTea-simul/ref/hg38/Homo_sapiens_assembly38.fasta : chr # 2918  "HLA-A*24:11N" chrStart: 3925606400
/home/junseokp/workspaces/data/rTea-simul/ref/hg38/Homo_sapiens_assembly38.fasta : chr # 2919  "HLA-A*24:152" chrStart: 3925868544
/home/junseokp/workspaces/data/rTea-simul/ref/hg38/Homo_sapiens_assembly38.fasta : chr # 2920  "HLA-A*24:20" chrStart: 3926130688
/home/junseokp/workspaces/data/rTea-simul/ref/hg38/Homo_sapiens_assembly38.fasta : chr # 2921  "HLA-A*24:215" chrStart: 3926392832
/home/junseokp/workspaces/data/rTea-simul/ref/hg38/Homo_sapiens_assembly38.fasta : chr # 2922  "HLA-A*24:61" chrStart: 3926654976
/home/junseokp/workspaces/data/rTea-simul/ref/hg38/Homo_sapiens_assembly38.fasta : chr # 2923  "HLA-A*24:86N" chrStart: 3926917120
/home/junseokp/workspaces/data/rTea-simul/ref/hg38/Homo_sapiens_assembly38.fasta : chr # 2924  "HLA-A*25:01:01" chrStart: 3927179264
/home/junseokp/workspaces/data/rTea-simul/ref/hg38/Homo_sapiens_assembly38.fasta : chr # 2925  "HLA-A*26:01:01" chrStart: 3927441408
/home/junseokp/workspaces/data/rTea-simul/ref/hg38/Homo_sapiens_assembly38.fasta : chr # 2926  "HLA-A*26:11N" chrStart: 3927703552
/home/junseokp/workspaces/data/rTea-simul/ref/hg38/Homo_sapiens_assembly38.fasta : chr # 2927  "HLA-A*26:15" chrStart: 3927965696
/home/junseokp/workspaces/data/rTea-simul/ref/hg38/Homo_sapiens_assembly38.fasta : chr # 2928  "HLA-A*26:50" chrStart: 3928227840
/home/junseokp/workspaces/data/rTea-simul/ref/hg38/Homo_sapiens_assembly38.fasta : chr # 2929  "HLA-A*29:01:01:01" chrStart: 3928489984
/home/junseokp/workspaces/data/rTea-simul/ref/hg38/Homo_sapiens_assembly38.fasta : chr # 2930  "HLA-A*29:01:01:02N" chrStart: 3928752128
/home/junseokp/workspaces/data/rTea-simul/ref/hg38/Homo_sapiens_assembly38.fasta : chr # 2931  "HLA-A*29:02:01:01" chrStart: 3929014272
/home/junseokp/workspaces/data/rTea-simul/ref/hg38/Homo_sapiens_assembly38.fasta : chr # 2932  "HLA-A*29:02:01:02" chrStart: 3929276416
/home/junseokp/workspaces/data/rTea-simul/ref/hg38/Homo_sapiens_assembly38.fasta : chr # 2933  "HLA-A*29:46" chrStart: 3929538560
/home/junseokp/workspaces/data/rTea-simul/ref/hg38/Homo_sapiens_assembly38.fasta : chr # 2934  "HLA-A*30:01:01" chrStart: 3929800704
/home/junseokp/workspaces/data/rTea-simul/ref/hg38/Homo_sapiens_assembly38.fasta : chr # 2935  "HLA-A*30:02:01:01" chrStart: 3930062848
/home/junseokp/workspaces/data/rTea-simul/ref/hg38/Homo_sapiens_assembly38.fasta : chr # 2936  "HLA-A*30:02:01:02" chrStart: 3930324992
/home/junseokp/workspaces/data/rTea-simul/ref/hg38/Homo_sapiens_assembly38.fasta : chr # 2937  "HLA-A*30:04:01" chrStart: 3930587136
/home/junseokp/workspaces/data/rTea-simul/ref/hg38/Homo_sapiens_assembly38.fasta : chr # 2938  "HLA-A*30:89" chrStart: 3930849280
/home/junseokp/workspaces/data/rTea-simul/ref/hg38/Homo_sapiens_assembly38.fasta : chr # 2939  "HLA-A*31:01:02" chrStart: 3931111424
/home/junseokp/workspaces/data/rTea-simul/ref/hg38/Homo_sapiens_assembly38.fasta : chr # 2940  "HLA-A*31:01:23" chrStart: 3931373568
/home/junseokp/workspaces/data/rTea-simul/ref/hg38/Homo_sapiens_assembly38.fasta : chr # 2941  "HLA-A*31:04" chrStart: 3931635712
/home/junseokp/workspaces/data/rTea-simul/ref/hg38/Homo_sapiens_assembly38.fasta : chr # 2942  "HLA-A*31:14N" chrStart: 3931897856
/home/junseokp/workspaces/data/rTea-simul/ref/hg38/Homo_sapiens_assembly38.fasta : chr # 2943  "HLA-A*31:46" chrStart: 3932160000
/home/junseokp/workspaces/data/rTea-simul/ref/hg38/Homo_sapiens_assembly38.fasta : chr # 2944  "HLA-A*32:01:01" chrStart: 3932422144
/home/junseokp/workspaces/data/rTea-simul/ref/hg38/Homo_sapiens_assembly38.fasta : chr # 2945  "HLA-A*32:06" chrStart: 3932684288
/home/junseokp/workspaces/data/rTea-simul/ref/hg38/Homo_sapiens_assembly38.fasta : chr # 2946  "HLA-A*33:01:01" chrStart: 3932946432
/home/junseokp/workspaces/data/rTea-simul/ref/hg38/Homo_sapiens_assembly38.fasta : chr # 2947  "HLA-A*33:03:01" chrStart: 3933208576
/home/junseokp/workspaces/data/rTea-simul/ref/hg38/Homo_sapiens_assembly38.fasta : chr # 2948  "HLA-A*33:07" chrStart: 3933470720
/home/junseokp/workspaces/data/rTea-simul/ref/hg38/Homo_sapiens_assembly38.fasta : chr # 2949  "HLA-A*34:01:01" chrStart: 3933732864
/home/junseokp/workspaces/data/rTea-simul/ref/hg38/Homo_sapiens_assembly38.fasta : chr # 2950  "HLA-A*34:02:01" chrStart: 3933995008
/home/junseokp/workspaces/data/rTea-simul/ref/hg38/Homo_sapiens_assembly38.fasta : chr # 2951  "HLA-A*36:01" chrStart: 3934257152
/home/junseokp/workspaces/data/rTea-simul/ref/hg38/Homo_sapiens_assembly38.fasta : chr # 2952  "HLA-A*43:01" chrStart: 3934519296
/home/junseokp/workspaces/data/rTea-simul/ref/hg38/Homo_sapiens_assembly38.fasta : chr # 2953  "HLA-A*66:01:01" chrStart: 3934781440
/home/junseokp/workspaces/data/rTea-simul/ref/hg38/Homo_sapiens_assembly38.fasta : chr # 2954  "HLA-A*66:17" chrStart: 3935043584
/home/junseokp/workspaces/data/rTea-simul/ref/hg38/Homo_sapiens_assembly38.fasta : chr # 2955  "HLA-A*68:01:01:01" chrStart: 3935305728
/home/junseokp/workspaces/data/rTea-simul/ref/hg38/Homo_sapiens_assembly38.fasta : chr # 2956  "HLA-A*68:01:01:02" chrStart: 3935567872
/home/junseokp/workspaces/data/rTea-simul/ref/hg38/Homo_sapiens_assembly38.fasta : chr # 2957  "HLA-A*68:01:02:01" chrStart: 3935830016
/home/junseokp/workspaces/data/rTea-simul/ref/hg38/Homo_sapiens_assembly38.fasta : chr # 2958  "HLA-A*68:01:02:02" chrStart: 3936092160
/home/junseokp/workspaces/data/rTea-simul/ref/hg38/Homo_sapiens_assembly38.fasta : chr # 2959  "HLA-A*68:02:01:01" chrStart: 3936354304
/home/junseokp/workspaces/data/rTea-simul/ref/hg38/Homo_sapiens_assembly38.fasta : chr # 2960  "HLA-A*68:02:01:02" chrStart: 3936616448
/home/junseokp/workspaces/data/rTea-simul/ref/hg38/Homo_sapiens_assembly38.fasta : chr # 2961  "HLA-A*68:02:01:03" chrStart: 3936878592
/home/junseokp/workspaces/data/rTea-simul/ref/hg38/Homo_sapiens_assembly38.fasta : chr # 2962  "HLA-A*68:02:02" chrStart: 3937140736
/home/junseokp/workspaces/data/rTea-simul/ref/hg38/Homo_sapiens_assembly38.fasta : chr # 2963  "HLA-A*68:03:01" chrStart: 3937402880
/home/junseokp/workspaces/data/rTea-simul/ref/hg38/Homo_sapiens_assembly38.fasta : chr # 2964  "HLA-A*68:08:01" chrStart: 3937665024
/home/junseokp/workspaces/data/rTea-simul/ref/hg38/Homo_sapiens_assembly38.fasta : chr # 2965  "HLA-A*68:113" chrStart: 3937927168
/home/junseokp/workspaces/data/rTea-simul/ref/hg38/Homo_sapiens_assembly38.fasta : chr # 2966  "HLA-A*68:17" chrStart: 3938189312
/home/junseokp/workspaces/data/rTea-simul/ref/hg38/Homo_sapiens_assembly38.fasta : chr # 2967  "HLA-A*68:18N" chrStart: 3938451456
/home/junseokp/workspaces/data/rTea-simul/ref/hg38/Homo_sapiens_assembly38.fasta : chr # 2968  "HLA-A*68:22" chrStart: 3938713600
/home/junseokp/workspaces/data/rTea-simul/ref/hg38/Homo_sapiens_assembly38.fasta : chr # 2969  "HLA-A*68:71" chrStart: 3938975744
/home/junseokp/workspaces/data/rTea-simul/ref/hg38/Homo_sapiens_assembly38.fasta : chr # 2970  "HLA-A*69:01" chrStart: 3939237888
/home/junseokp/workspaces/data/rTea-simul/ref/hg38/Homo_sapiens_assembly38.fasta : chr # 2971  "HLA-A*74:01" chrStart: 3939500032
/home/junseokp/workspaces/data/rTea-simul/ref/hg38/Homo_sapiens_assembly38.fasta : chr # 2972  "HLA-A*74:02:01:01" chrStart: 3939762176
/home/junseokp/workspaces/data/rTea-simul/ref/hg38/Homo_sapiens_assembly38.fasta : chr # 2973  "HLA-A*74:02:01:02" chrStart: 3940024320
/home/junseokp/workspaces/data/rTea-simul/ref/hg38/Homo_sapiens_assembly38.fasta : chr # 2974  "HLA-A*80:01:01:01" chrStart: 3940286464
/home/junseokp/workspaces/data/rTea-simul/ref/hg38/Homo_sapiens_assembly38.fasta : chr # 2975  "HLA-A*80:01:01:02" chrStart: 3940548608
/home/junseokp/workspaces/data/rTea-simul/ref/hg38/Homo_sapiens_assembly38.fasta : chr # 2976  "HLA-B*07:02:01" chrStart: 3940810752
/home/junseokp/workspaces/data/rTea-simul/ref/hg38/Homo_sapiens_assembly38.fasta : chr # 2977  "HLA-B*07:05:01" chrStart: 3941072896
/home/junseokp/workspaces/data/rTea-simul/ref/hg38/Homo_sapiens_assembly38.fasta : chr # 2978  "HLA-B*07:06" chrStart: 3941335040
/home/junseokp/workspaces/data/rTea-simul/ref/hg38/Homo_sapiens_assembly38.fasta : chr # 2979  "HLA-B*07:156" chrStart: 3941597184
/home/junseokp/workspaces/data/rTea-simul/ref/hg38/Homo_sapiens_assembly38.fasta : chr # 2980  "HLA-B*07:33:01" chrStart: 3941859328
/home/junseokp/workspaces/data/rTea-simul/ref/hg38/Homo_sapiens_assembly38.fasta : chr # 2981  "HLA-B*07:41" chrStart: 3942121472
/home/junseokp/workspaces/data/rTea-simul/ref/hg38/Homo_sapiens_assembly38.fasta : chr # 2982  "HLA-B*07:44" chrStart: 3942383616
/home/junseokp/workspaces/data/rTea-simul/ref/hg38/Homo_sapiens_assembly38.fasta : chr # 2983  "HLA-B*07:50" chrStart: 3942645760
/home/junseokp/workspaces/data/rTea-simul/ref/hg38/Homo_sapiens_assembly38.fasta : chr # 2984  "HLA-B*08:01:01" chrStart: 3942907904
/home/junseokp/workspaces/data/rTea-simul/ref/hg38/Homo_sapiens_assembly38.fasta : chr # 2985  "HLA-B*08:08N" chrStart: 3943170048
/home/junseokp/workspaces/data/rTea-simul/ref/hg38/Homo_sapiens_assembly38.fasta : chr # 2986  "HLA-B*08:132" chrStart: 3943432192
/home/junseokp/workspaces/data/rTea-simul/ref/hg38/Homo_sapiens_assembly38.fasta : chr # 2987  "HLA-B*08:134" chrStart: 3943694336
/home/junseokp/workspaces/data/rTea-simul/ref/hg38/Homo_sapiens_assembly38.fasta : chr # 2988  "HLA-B*08:19N" chrStart: 3943956480
/home/junseokp/workspaces/data/rTea-simul/ref/hg38/Homo_sapiens_assembly38.fasta : chr # 2989  "HLA-B*08:20" chrStart: 3944218624
/home/junseokp/workspaces/data/rTea-simul/ref/hg38/Homo_sapiens_assembly38.fasta : chr # 2990  "HLA-B*08:33" chrStart: 3944480768
/home/junseokp/workspaces/data/rTea-simul/ref/hg38/Homo_sapiens_assembly38.fasta : chr # 2991  "HLA-B*08:79" chrStart: 3944742912
/home/junseokp/workspaces/data/rTea-simul/ref/hg38/Homo_sapiens_assembly38.fasta : chr # 2992  "HLA-B*13:01:01" chrStart: 3945005056
/home/junseokp/workspaces/data/rTea-simul/ref/hg38/Homo_sapiens_assembly38.fasta : chr # 2993  "HLA-B*13:02:01" chrStart: 3945267200
/home/junseokp/workspaces/data/rTea-simul/ref/hg38/Homo_sapiens_assembly38.fasta : chr # 2994  "HLA-B*13:02:03" chrStart: 3945529344
/home/junseokp/workspaces/data/rTea-simul/ref/hg38/Homo_sapiens_assembly38.fasta : chr # 2995  "HLA-B*13:02:09" chrStart: 3945791488
/home/junseokp/workspaces/data/rTea-simul/ref/hg38/Homo_sapiens_assembly38.fasta : chr # 2996  "HLA-B*13:08" chrStart: 3946053632
/home/junseokp/workspaces/data/rTea-simul/ref/hg38/Homo_sapiens_assembly38.fasta : chr # 2997  "HLA-B*13:15" chrStart: 3946315776
/home/junseokp/workspaces/data/rTea-simul/ref/hg38/Homo_sapiens_assembly38.fasta : chr # 2998  "HLA-B*13:25" chrStart: 3946577920
/home/junseokp/workspaces/data/rTea-simul/ref/hg38/Homo_sapiens_assembly38.fasta : chr # 2999  "HLA-B*14:01:01" chrStart: 3946840064
/home/junseokp/workspaces/data/rTea-simul/ref/hg38/Homo_sapiens_assembly38.fasta : chr # 3000  "HLA-B*14:02:01" chrStart: 3947102208
/home/junseokp/workspaces/data/rTea-simul/ref/hg38/Homo_sapiens_assembly38.fasta : chr # 3001  "HLA-B*14:07N" chrStart: 3947364352
/home/junseokp/workspaces/data/rTea-simul/ref/hg38/Homo_sapiens_assembly38.fasta : chr # 3002  "HLA-B*15:01:01:01" chrStart: 3947626496
/home/junseokp/workspaces/data/rTea-simul/ref/hg38/Homo_sapiens_assembly38.fasta : chr # 3003  "HLA-B*15:01:01:02N" chrStart: 3947888640
/home/junseokp/workspaces/data/rTea-simul/ref/hg38/Homo_sapiens_assembly38.fasta : chr # 3004  "HLA-B*15:01:01:03" chrStart: 3948150784
/home/junseokp/workspaces/data/rTea-simul/ref/hg38/Homo_sapiens_assembly38.fasta : chr # 3005  "HLA-B*15:02:01" chrStart: 3948412928
/home/junseokp/workspaces/data/rTea-simul/ref/hg38/Homo_sapiens_assembly38.fasta : chr # 3006  "HLA-B*15:03:01" chrStart: 3948675072
/home/junseokp/workspaces/data/rTea-simul/ref/hg38/Homo_sapiens_assembly38.fasta : chr # 3007  "HLA-B*15:04:01" chrStart: 3948937216
/home/junseokp/workspaces/data/rTea-simul/ref/hg38/Homo_sapiens_assembly38.fasta : chr # 3008  "HLA-B*15:07:01" chrStart: 3949199360
/home/junseokp/workspaces/data/rTea-simul/ref/hg38/Homo_sapiens_assembly38.fasta : chr # 3009  "HLA-B*15:108" chrStart: 3949461504
/home/junseokp/workspaces/data/rTea-simul/ref/hg38/Homo_sapiens_assembly38.fasta : chr # 3010  "HLA-B*15:10:01" chrStart: 3949723648
/home/junseokp/workspaces/data/rTea-simul/ref/hg38/Homo_sapiens_assembly38.fasta : chr # 3011  "HLA-B*15:11:01" chrStart: 3949985792
/home/junseokp/workspaces/data/rTea-simul/ref/hg38/Homo_sapiens_assembly38.fasta : chr # 3012  "HLA-B*15:13:01" chrStart: 3950247936
/home/junseokp/workspaces/data/rTea-simul/ref/hg38/Homo_sapiens_assembly38.fasta : chr # 3013  "HLA-B*15:16:01" chrStart: 3950510080
/home/junseokp/workspaces/data/rTea-simul/ref/hg38/Homo_sapiens_assembly38.fasta : chr # 3014  "HLA-B*15:17:01:01" chrStart: 3950772224
/home/junseokp/workspaces/data/rTea-simul/ref/hg38/Homo_sapiens_assembly38.fasta : chr # 3015  "HLA-B*15:17:01:02" chrStart: 3951034368
/home/junseokp/workspaces/data/rTea-simul/ref/hg38/Homo_sapiens_assembly38.fasta : chr # 3016  "HLA-B*15:18:01" chrStart: 3951296512
/home/junseokp/workspaces/data/rTea-simul/ref/hg38/Homo_sapiens_assembly38.fasta : chr # 3017  "HLA-B*15:220" chrStart: 3951558656
/home/junseokp/workspaces/data/rTea-simul/ref/hg38/Homo_sapiens_assembly38.fasta : chr # 3018  "HLA-B*15:25:01" chrStart: 3951820800
/home/junseokp/workspaces/data/rTea-simul/ref/hg38/Homo_sapiens_assembly38.fasta : chr # 3019  "HLA-B*15:27:01" chrStart: 3952082944
/home/junseokp/workspaces/data/rTea-simul/ref/hg38/Homo_sapiens_assembly38.fasta : chr # 3020  "HLA-B*15:32:01" chrStart: 3952345088
/home/junseokp/workspaces/data/rTea-simul/ref/hg38/Homo_sapiens_assembly38.fasta : chr # 3021  "HLA-B*15:42" chrStart: 3952607232
/home/junseokp/workspaces/data/rTea-simul/ref/hg38/Homo_sapiens_assembly38.fasta : chr # 3022  "HLA-B*15:58" chrStart: 3952869376
/home/junseokp/workspaces/data/rTea-simul/ref/hg38/Homo_sapiens_assembly38.fasta : chr # 3023  "HLA-B*15:66" chrStart: 3953131520
/home/junseokp/workspaces/data/rTea-simul/ref/hg38/Homo_sapiens_assembly38.fasta : chr # 3024  "HLA-B*15:77" chrStart: 3953393664
/home/junseokp/workspaces/data/rTea-simul/ref/hg38/Homo_sapiens_assembly38.fasta : chr # 3025  "HLA-B*15:83" chrStart: 3953655808
/home/junseokp/workspaces/data/rTea-simul/ref/hg38/Homo_sapiens_assembly38.fasta : chr # 3026  "HLA-B*18:01:01:01" chrStart: 3953917952
/home/junseokp/workspaces/data/rTea-simul/ref/hg38/Homo_sapiens_assembly38.fasta : chr # 3027  "HLA-B*18:01:01:02" chrStart: 3954180096
/home/junseokp/workspaces/data/rTea-simul/ref/hg38/Homo_sapiens_assembly38.fasta : chr # 3028  "HLA-B*18:02" chrStart: 3954442240
/home/junseokp/workspaces/data/rTea-simul/ref/hg38/Homo_sapiens_assembly38.fasta : chr # 3029  "HLA-B*18:03" chrStart: 3954704384
/home/junseokp/workspaces/data/rTea-simul/ref/hg38/Homo_sapiens_assembly38.fasta : chr # 3030  "HLA-B*18:17N" chrStart: 3954966528
/home/junseokp/workspaces/data/rTea-simul/ref/hg38/Homo_sapiens_assembly38.fasta : chr # 3031  "HLA-B*18:26" chrStart: 3955228672
/home/junseokp/workspaces/data/rTea-simul/ref/hg38/Homo_sapiens_assembly38.fasta : chr # 3032  "HLA-B*18:94N" chrStart: 3955490816
/home/junseokp/workspaces/data/rTea-simul/ref/hg38/Homo_sapiens_assembly38.fasta : chr # 3033  "HLA-B*27:04:01" chrStart: 3955752960
/home/junseokp/workspaces/data/rTea-simul/ref/hg38/Homo_sapiens_assembly38.fasta : chr # 3034  "HLA-B*27:05:02" chrStart: 3956015104
/home/junseokp/workspaces/data/rTea-simul/ref/hg38/Homo_sapiens_assembly38.fasta : chr # 3035  "HLA-B*27:05:18" chrStart: 3956277248
/home/junseokp/workspaces/data/rTea-simul/ref/hg38/Homo_sapiens_assembly38.fasta : chr # 3036  "HLA-B*27:06" chrStart: 3956539392
/home/junseokp/workspaces/data/rTea-simul/ref/hg38/Homo_sapiens_assembly38.fasta : chr # 3037  "HLA-B*27:07:01" chrStart: 3956801536
/home/junseokp/workspaces/data/rTea-simul/ref/hg38/Homo_sapiens_assembly38.fasta : chr # 3038  "HLA-B*27:131" chrStart: 3957063680
/home/junseokp/workspaces/data/rTea-simul/ref/hg38/Homo_sapiens_assembly38.fasta : chr # 3039  "HLA-B*27:24" chrStart: 3957325824
/home/junseokp/workspaces/data/rTea-simul/ref/hg38/Homo_sapiens_assembly38.fasta : chr # 3040  "HLA-B*27:25" chrStart: 3957587968
/home/junseokp/workspaces/data/rTea-simul/ref/hg38/Homo_sapiens_assembly38.fasta : chr # 3041  "HLA-B*27:32" chrStart: 3957850112
/home/junseokp/workspaces/data/rTea-simul/ref/hg38/Homo_sapiens_assembly38.fasta : chr # 3042  "HLA-B*35:01:01:01" chrStart: 3958112256
/home/junseokp/workspaces/data/rTea-simul/ref/hg38/Homo_sapiens_assembly38.fasta : chr # 3043  "HLA-B*35:01:01:02" chrStart: 3958374400
/home/junseokp/workspaces/data/rTea-simul/ref/hg38/Homo_sapiens_assembly38.fasta : chr # 3044  "HLA-B*35:01:22" chrStart: 3958636544
/home/junseokp/workspaces/data/rTea-simul/ref/hg38/Homo_sapiens_assembly38.fasta : chr # 3045  "HLA-B*35:02:01" chrStart: 3958898688
/home/junseokp/workspaces/data/rTea-simul/ref/hg38/Homo_sapiens_assembly38.fasta : chr # 3046  "HLA-B*35:03:01" chrStart: 3959160832
/home/junseokp/workspaces/data/rTea-simul/ref/hg38/Homo_sapiens_assembly38.fasta : chr # 3047  "HLA-B*35:05:01" chrStart: 3959422976
/home/junseokp/workspaces/data/rTea-simul/ref/hg38/Homo_sapiens_assembly38.fasta : chr # 3048  "HLA-B*35:08:01" chrStart: 3959685120
/home/junseokp/workspaces/data/rTea-simul/ref/hg38/Homo_sapiens_assembly38.fasta : chr # 3049  "HLA-B*35:14:02" chrStart: 3959947264
/home/junseokp/workspaces/data/rTea-simul/ref/hg38/Homo_sapiens_assembly38.fasta : chr # 3050  "HLA-B*35:241" chrStart: 3960209408
/home/junseokp/workspaces/data/rTea-simul/ref/hg38/Homo_sapiens_assembly38.fasta : chr # 3051  "HLA-B*35:41" chrStart: 3960471552
/home/junseokp/workspaces/data/rTea-simul/ref/hg38/Homo_sapiens_assembly38.fasta : chr # 3052  "HLA-B*37:01:01" chrStart: 3960733696
/home/junseokp/workspaces/data/rTea-simul/ref/hg38/Homo_sapiens_assembly38.fasta : chr # 3053  "HLA-B*37:01:05" chrStart: 3960995840
/home/junseokp/workspaces/data/rTea-simul/ref/hg38/Homo_sapiens_assembly38.fasta : chr # 3054  "HLA-B*38:01:01" chrStart: 3961257984
/home/junseokp/workspaces/data/rTea-simul/ref/hg38/Homo_sapiens_assembly38.fasta : chr # 3055  "HLA-B*38:02:01" chrStart: 3961520128
/home/junseokp/workspaces/data/rTea-simul/ref/hg38/Homo_sapiens_assembly38.fasta : chr # 3056  "HLA-B*38:14" chrStart: 3961782272
/home/junseokp/workspaces/data/rTea-simul/ref/hg38/Homo_sapiens_assembly38.fasta : chr # 3057  "HLA-B*39:01:01:01" chrStart: 3962044416
/home/junseokp/workspaces/data/rTea-simul/ref/hg38/Homo_sapiens_assembly38.fasta : chr # 3058  "HLA-B*39:01:01:02L" chrStart: 3962306560
/home/junseokp/workspaces/data/rTea-simul/ref/hg38/Homo_sapiens_assembly38.fasta : chr # 3059  "HLA-B*39:01:01:03" chrStart: 3962568704
/home/junseokp/workspaces/data/rTea-simul/ref/hg38/Homo_sapiens_assembly38.fasta : chr # 3060  "HLA-B*39:01:03" chrStart: 3962830848
/home/junseokp/workspaces/data/rTea-simul/ref/hg38/Homo_sapiens_assembly38.fasta : chr # 3061  "HLA-B*39:01:16" chrStart: 3963092992
/home/junseokp/workspaces/data/rTea-simul/ref/hg38/Homo_sapiens_assembly38.fasta : chr # 3062  "HLA-B*39:01:21" chrStart: 3963355136
/home/junseokp/workspaces/data/rTea-simul/ref/hg38/Homo_sapiens_assembly38.fasta : chr # 3063  "HLA-B*39:05:01" chrStart: 3963617280
/home/junseokp/workspaces/data/rTea-simul/ref/hg38/Homo_sapiens_assembly38.fasta : chr # 3064  "HLA-B*39:06:02" chrStart: 3963879424
/home/junseokp/workspaces/data/rTea-simul/ref/hg38/Homo_sapiens_assembly38.fasta : chr # 3065  "HLA-B*39:10:01" chrStart: 3964141568
/home/junseokp/workspaces/data/rTea-simul/ref/hg38/Homo_sapiens_assembly38.fasta : chr # 3066  "HLA-B*39:13:02" chrStart: 3964403712
/home/junseokp/workspaces/data/rTea-simul/ref/hg38/Homo_sapiens_assembly38.fasta : chr # 3067  "HLA-B*39:14" chrStart: 3964665856
/home/junseokp/workspaces/data/rTea-simul/ref/hg38/Homo_sapiens_assembly38.fasta : chr # 3068  "HLA-B*39:34" chrStart: 3964928000
/home/junseokp/workspaces/data/rTea-simul/ref/hg38/Homo_sapiens_assembly38.fasta : chr # 3069  "HLA-B*39:38Q" chrStart: 3965190144
/home/junseokp/workspaces/data/rTea-simul/ref/hg38/Homo_sapiens_assembly38.fasta : chr # 3070  "HLA-B*40:01:01" chrStart: 3965452288
/home/junseokp/workspaces/data/rTea-simul/ref/hg38/Homo_sapiens_assembly38.fasta : chr # 3071  "HLA-B*40:01:02" chrStart: 3965714432
/home/junseokp/workspaces/data/rTea-simul/ref/hg38/Homo_sapiens_assembly38.fasta : chr # 3072  "HLA-B*40:02:01" chrStart: 3965976576
/home/junseokp/workspaces/data/rTea-simul/ref/hg38/Homo_sapiens_assembly38.fasta : chr # 3073  "HLA-B*40:03" chrStart: 3966238720
/home/junseokp/workspaces/data/rTea-simul/ref/hg38/Homo_sapiens_assembly38.fasta : chr # 3074  "HLA-B*40:06:01:01" chrStart: 3966500864
/home/junseokp/workspaces/data/rTea-simul/ref/hg38/Homo_sapiens_assembly38.fasta : chr # 3075  "HLA-B*40:06:01:02" chrStart: 3966763008
/home/junseokp/workspaces/data/rTea-simul/ref/hg38/Homo_sapiens_assembly38.fasta : chr # 3076  "HLA-B*40:10:01" chrStart: 3967025152
/home/junseokp/workspaces/data/rTea-simul/ref/hg38/Homo_sapiens_assembly38.fasta : chr # 3077  "HLA-B*40:150" chrStart: 3967287296
/home/junseokp/workspaces/data/rTea-simul/ref/hg38/Homo_sapiens_assembly38.fasta : chr # 3078  "HLA-B*40:40" chrStart: 3967549440
/home/junseokp/workspaces/data/rTea-simul/ref/hg38/Homo_sapiens_assembly38.fasta : chr # 3079  "HLA-B*40:72:01" chrStart: 3967811584
/home/junseokp/workspaces/data/rTea-simul/ref/hg38/Homo_sapiens_assembly38.fasta : chr # 3080  "HLA-B*40:79" chrStart: 3968073728
/home/junseokp/workspaces/data/rTea-simul/ref/hg38/Homo_sapiens_assembly38.fasta : chr # 3081  "HLA-B*41:01:01" chrStart: 3968335872
/home/junseokp/workspaces/data/rTea-simul/ref/hg38/Homo_sapiens_assembly38.fasta : chr # 3082  "HLA-B*41:02:01" chrStart: 3968598016
/home/junseokp/workspaces/data/rTea-simul/ref/hg38/Homo_sapiens_assembly38.fasta : chr # 3083  "HLA-B*42:01:01" chrStart: 3968860160
/home/junseokp/workspaces/data/rTea-simul/ref/hg38/Homo_sapiens_assembly38.fasta : chr # 3084  "HLA-B*42:02" chrStart: 3969122304
/home/junseokp/workspaces/data/rTea-simul/ref/hg38/Homo_sapiens_assembly38.fasta : chr # 3085  "HLA-B*42:08" chrStart: 3969384448
/home/junseokp/workspaces/data/rTea-simul/ref/hg38/Homo_sapiens_assembly38.fasta : chr # 3086  "HLA-B*44:02:01:01" chrStart: 3969646592
/home/junseokp/workspaces/data/rTea-simul/ref/hg38/Homo_sapiens_assembly38.fasta : chr # 3087  "HLA-B*44:02:01:02S" chrStart: 3969908736
/home/junseokp/workspaces/data/rTea-simul/ref/hg38/Homo_sapiens_assembly38.fasta : chr # 3088  "HLA-B*44:02:01:03" chrStart: 3970170880
/home/junseokp/workspaces/data/rTea-simul/ref/hg38/Homo_sapiens_assembly38.fasta : chr # 3089  "HLA-B*44:02:17" chrStart: 3970433024
/home/junseokp/workspaces/data/rTea-simul/ref/hg38/Homo_sapiens_assembly38.fasta : chr # 3090  "HLA-B*44:02:27" chrStart: 3970695168
/home/junseokp/workspaces/data/rTea-simul/ref/hg38/Homo_sapiens_assembly38.fasta : chr # 3091  "HLA-B*44:03:01" chrStart: 3970957312
/home/junseokp/workspaces/data/rTea-simul/ref/hg38/Homo_sapiens_assembly38.fasta : chr # 3092  "HLA-B*44:03:02" chrStart: 3971219456
/home/junseokp/workspaces/data/rTea-simul/ref/hg38/Homo_sapiens_assembly38.fasta : chr # 3093  "HLA-B*44:04" chrStart: 3971481600
/home/junseokp/workspaces/data/rTea-simul/ref/hg38/Homo_sapiens_assembly38.fasta : chr # 3094  "HLA-B*44:09" chrStart: 3971743744
/home/junseokp/workspaces/data/rTea-simul/ref/hg38/Homo_sapiens_assembly38.fasta : chr # 3095  "HLA-B*44:138Q" chrStart: 3972005888
/home/junseokp/workspaces/data/rTea-simul/ref/hg38/Homo_sapiens_assembly38.fasta : chr # 3096  "HLA-B*44:150" chrStart: 3972268032
/home/junseokp/workspaces/data/rTea-simul/ref/hg38/Homo_sapiens_assembly38.fasta : chr # 3097  "HLA-B*44:23N" chrStart: 3972530176
/home/junseokp/workspaces/data/rTea-simul/ref/hg38/Homo_sapiens_assembly38.fasta : chr # 3098  "HLA-B*44:26" chrStart: 3972792320
/home/junseokp/workspaces/data/rTea-simul/ref/hg38/Homo_sapiens_assembly38.fasta : chr # 3099  "HLA-B*44:46" chrStart: 3973054464
/home/junseokp/workspaces/data/rTea-simul/ref/hg38/Homo_sapiens_assembly38.fasta : chr # 3100  "HLA-B*44:49" chrStart: 3973316608
/home/junseokp/workspaces/data/rTea-simul/ref/hg38/Homo_sapiens_assembly38.fasta : chr # 3101  "HLA-B*44:56N" chrStart: 3973578752
/home/junseokp/workspaces/data/rTea-simul/ref/hg38/Homo_sapiens_assembly38.fasta : chr # 3102  "HLA-B*45:01:01" chrStart: 3973840896
/home/junseokp/workspaces/data/rTea-simul/ref/hg38/Homo_sapiens_assembly38.fasta : chr # 3103  "HLA-B*45:04" chrStart: 3974103040
/home/junseokp/workspaces/data/rTea-simul/ref/hg38/Homo_sapiens_assembly38.fasta : chr # 3104  "HLA-B*46:01:01" chrStart: 3974365184
/home/junseokp/workspaces/data/rTea-simul/ref/hg38/Homo_sapiens_assembly38.fasta : chr # 3105  "HLA-B*46:01:05" chrStart: 3974627328
/home/junseokp/workspaces/data/rTea-simul/ref/hg38/Homo_sapiens_assembly38.fasta : chr # 3106  "HLA-B*47:01:01:01" chrStart: 3974889472
/home/junseokp/workspaces/data/rTea-simul/ref/hg38/Homo_sapiens_assembly38.fasta : chr # 3107  "HLA-B*47:01:01:02" chrStart: 3975151616
/home/junseokp/workspaces/data/rTea-simul/ref/hg38/Homo_sapiens_assembly38.fasta : chr # 3108  "HLA-B*48:01:01" chrStart: 3975413760
/home/junseokp/workspaces/data/rTea-simul/ref/hg38/Homo_sapiens_assembly38.fasta : chr # 3109  "HLA-B*48:03:01" chrStart: 3975675904
/home/junseokp/workspaces/data/rTea-simul/ref/hg38/Homo_sapiens_assembly38.fasta : chr # 3110  "HLA-B*48:04" chrStart: 3975938048
/home/junseokp/workspaces/data/rTea-simul/ref/hg38/Homo_sapiens_assembly38.fasta : chr # 3111  "HLA-B*48:08" chrStart: 3976200192
/home/junseokp/workspaces/data/rTea-simul/ref/hg38/Homo_sapiens_assembly38.fasta : chr # 3112  "HLA-B*49:01:01" chrStart: 3976462336
/home/junseokp/workspaces/data/rTea-simul/ref/hg38/Homo_sapiens_assembly38.fasta : chr # 3113  "HLA-B*49:32" chrStart: 3976724480
/home/junseokp/workspaces/data/rTea-simul/ref/hg38/Homo_sapiens_assembly38.fasta : chr # 3114  "HLA-B*50:01:01" chrStart: 3976986624
/home/junseokp/workspaces/data/rTea-simul/ref/hg38/Homo_sapiens_assembly38.fasta : chr # 3115  "HLA-B*51:01:01" chrStart: 3977248768
/home/junseokp/workspaces/data/rTea-simul/ref/hg38/Homo_sapiens_assembly38.fasta : chr # 3116  "HLA-B*51:01:02" chrStart: 3977510912
/home/junseokp/workspaces/data/rTea-simul/ref/hg38/Homo_sapiens_assembly38.fasta : chr # 3117  "HLA-B*51:02:01" chrStart: 3977773056
/home/junseokp/workspaces/data/rTea-simul/ref/hg38/Homo_sapiens_assembly38.fasta : chr # 3118  "HLA-B*51:07:01" chrStart: 3978035200
/home/junseokp/workspaces/data/rTea-simul/ref/hg38/Homo_sapiens_assembly38.fasta : chr # 3119  "HLA-B*51:42" chrStart: 3978297344
/home/junseokp/workspaces/data/rTea-simul/ref/hg38/Homo_sapiens_assembly38.fasta : chr # 3120  "HLA-B*52:01:01:01" chrStart: 3978559488
/home/junseokp/workspaces/data/rTea-simul/ref/hg38/Homo_sapiens_assembly38.fasta : chr # 3121  "HLA-B*52:01:01:02" chrStart: 3978821632
/home/junseokp/workspaces/data/rTea-simul/ref/hg38/Homo_sapiens_assembly38.fasta : chr # 3122  "HLA-B*52:01:01:03" chrStart: 3979083776
/home/junseokp/workspaces/data/rTea-simul/ref/hg38/Homo_sapiens_assembly38.fasta : chr # 3123  "HLA-B*52:01:02" chrStart: 3979345920
/home/junseokp/workspaces/data/rTea-simul/ref/hg38/Homo_sapiens_assembly38.fasta : chr # 3124  "HLA-B*53:01:01" chrStart: 3979608064
/home/junseokp/workspaces/data/rTea-simul/ref/hg38/Homo_sapiens_assembly38.fasta : chr # 3125  "HLA-B*53:11" chrStart: 3979870208
/home/junseokp/workspaces/data/rTea-simul/ref/hg38/Homo_sapiens_assembly38.fasta : chr # 3126  "HLA-B*54:01:01" chrStart: 3980132352
/home/junseokp/workspaces/data/rTea-simul/ref/hg38/Homo_sapiens_assembly38.fasta : chr # 3127  "HLA-B*54:18" chrStart: 3980394496
/home/junseokp/workspaces/data/rTea-simul/ref/hg38/Homo_sapiens_assembly38.fasta : chr # 3128  "HLA-B*55:01:01" chrStart: 3980656640
/home/junseokp/workspaces/data/rTea-simul/ref/hg38/Homo_sapiens_assembly38.fasta : chr # 3129  "HLA-B*55:01:03" chrStart: 3980918784
/home/junseokp/workspaces/data/rTea-simul/ref/hg38/Homo_sapiens_assembly38.fasta : chr # 3130  "HLA-B*55:02:01" chrStart: 3981180928
/home/junseokp/workspaces/data/rTea-simul/ref/hg38/Homo_sapiens_assembly38.fasta : chr # 3131  "HLA-B*55:12" chrStart: 3981443072
/home/junseokp/workspaces/data/rTea-simul/ref/hg38/Homo_sapiens_assembly38.fasta : chr # 3132  "HLA-B*55:24" chrStart: 3981705216
/home/junseokp/workspaces/data/rTea-simul/ref/hg38/Homo_sapiens_assembly38.fasta : chr # 3133  "HLA-B*55:48" chrStart: 3981967360
/home/junseokp/workspaces/data/rTea-simul/ref/hg38/Homo_sapiens_assembly38.fasta : chr # 3134  "HLA-B*56:01:01" chrStart: 3982229504
/home/junseokp/workspaces/data/rTea-simul/ref/hg38/Homo_sapiens_assembly38.fasta : chr # 3135  "HLA-B*56:03" chrStart: 3982491648
/home/junseokp/workspaces/data/rTea-simul/ref/hg38/Homo_sapiens_assembly38.fasta : chr # 3136  "HLA-B*56:04" chrStart: 3982753792
/home/junseokp/workspaces/data/rTea-simul/ref/hg38/Homo_sapiens_assembly38.fasta : chr # 3137  "HLA-B*57:01:01" chrStart: 3983015936
/home/junseokp/workspaces/data/rTea-simul/ref/hg38/Homo_sapiens_assembly38.fasta : chr # 3138  "HLA-B*57:03:01" chrStart: 3983278080
/home/junseokp/workspaces/data/rTea-simul/ref/hg38/Homo_sapiens_assembly38.fasta : chr # 3139  "HLA-B*57:06" chrStart: 3983540224
/home/junseokp/workspaces/data/rTea-simul/ref/hg38/Homo_sapiens_assembly38.fasta : chr # 3140  "HLA-B*57:11" chrStart: 3983802368
/home/junseokp/workspaces/data/rTea-simul/ref/hg38/Homo_sapiens_assembly38.fasta : chr # 3141  "HLA-B*57:29" chrStart: 3984064512
/home/junseokp/workspaces/data/rTea-simul/ref/hg38/Homo_sapiens_assembly38.fasta : chr # 3142  "HLA-B*58:01:01" chrStart: 3984326656
/home/junseokp/workspaces/data/rTea-simul/ref/hg38/Homo_sapiens_assembly38.fasta : chr # 3143  "HLA-B*58:31N" chrStart: 3984588800
/home/junseokp/workspaces/data/rTea-simul/ref/hg38/Homo_sapiens_assembly38.fasta : chr # 3144  "HLA-B*59:01:01:01" chrStart: 3984850944
/home/junseokp/workspaces/data/rTea-simul/ref/hg38/Homo_sapiens_assembly38.fasta : chr # 3145  "HLA-B*59:01:01:02" chrStart: 3985113088
/home/junseokp/workspaces/data/rTea-simul/ref/hg38/Homo_sapiens_assembly38.fasta : chr # 3146  "HLA-B*67:01:01" chrStart: 3985375232
/home/junseokp/workspaces/data/rTea-simul/ref/hg38/Homo_sapiens_assembly38.fasta : chr # 3147  "HLA-B*67:01:02" chrStart: 3985637376
/home/junseokp/workspaces/data/rTea-simul/ref/hg38/Homo_sapiens_assembly38.fasta : chr # 3148  "HLA-B*67:02" chrStart: 3985899520
/home/junseokp/workspaces/data/rTea-simul/ref/hg38/Homo_sapiens_assembly38.fasta : chr # 3149  "HLA-B*73:01" chrStart: 3986161664
/home/junseokp/workspaces/data/rTea-simul/ref/hg38/Homo_sapiens_assembly38.fasta : chr # 3150  "HLA-B*78:01:01" chrStart: 3986423808
/home/junseokp/workspaces/data/rTea-simul/ref/hg38/Homo_sapiens_assembly38.fasta : chr # 3151  "HLA-B*81:01" chrStart: 3986685952
/home/junseokp/workspaces/data/rTea-simul/ref/hg38/Homo_sapiens_assembly38.fasta : chr # 3152  "HLA-B*82:02:01" chrStart: 3986948096
/home/junseokp/workspaces/data/rTea-simul/ref/hg38/Homo_sapiens_assembly38.fasta : chr # 3153  "HLA-C*01:02:01" chrStart: 3987210240
/home/junseokp/workspaces/data/rTea-simul/ref/hg38/Homo_sapiens_assembly38.fasta : chr # 3154  "HLA-C*01:02:11" chrStart: 3987472384
/home/junseokp/workspaces/data/rTea-simul/ref/hg38/Homo_sapiens_assembly38.fasta : chr # 3155  "HLA-C*01:02:29" chrStart: 3987734528
/home/junseokp/workspaces/data/rTea-simul/ref/hg38/Homo_sapiens_assembly38.fasta : chr # 3156  "HLA-C*01:02:30" chrStart: 3987996672
/home/junseokp/workspaces/data/rTea-simul/ref/hg38/Homo_sapiens_assembly38.fasta : chr # 3157  "HLA-C*01:03" chrStart: 3988258816
/home/junseokp/workspaces/data/rTea-simul/ref/hg38/Homo_sapiens_assembly38.fasta : chr # 3158  "HLA-C*01:06" chrStart: 3988520960
/home/junseokp/workspaces/data/rTea-simul/ref/hg38/Homo_sapiens_assembly38.fasta : chr # 3159  "HLA-C*01:08" chrStart: 3988783104
/home/junseokp/workspaces/data/rTea-simul/ref/hg38/Homo_sapiens_assembly38.fasta : chr # 3160  "HLA-C*01:14" chrStart: 3989045248
/home/junseokp/workspaces/data/rTea-simul/ref/hg38/Homo_sapiens_assembly38.fasta : chr # 3161  "HLA-C*01:21" chrStart: 3989307392
/home/junseokp/workspaces/data/rTea-simul/ref/hg38/Homo_sapiens_assembly38.fasta : chr # 3162  "HLA-C*01:30" chrStart: 3989569536
/home/junseokp/workspaces/data/rTea-simul/ref/hg38/Homo_sapiens_assembly38.fasta : chr # 3163  "HLA-C*01:40" chrStart: 3989831680
/home/junseokp/workspaces/data/rTea-simul/ref/hg38/Homo_sapiens_assembly38.fasta : chr # 3164  "HLA-C*02:02:02:01" chrStart: 3990093824
/home/junseokp/workspaces/data/rTea-simul/ref/hg38/Homo_sapiens_assembly38.fasta : chr # 3165  "HLA-C*02:02:02:02" chrStart: 3990355968
/home/junseokp/workspaces/data/rTea-simul/ref/hg38/Homo_sapiens_assembly38.fasta : chr # 3166  "HLA-C*02:10" chrStart: 3990618112
/home/junseokp/workspaces/data/rTea-simul/ref/hg38/Homo_sapiens_assembly38.fasta : chr # 3167  "HLA-C*02:11" chrStart: 3990880256
/home/junseokp/workspaces/data/rTea-simul/ref/hg38/Homo_sapiens_assembly38.fasta : chr # 3168  "HLA-C*02:16:02" chrStart: 3991142400
/home/junseokp/workspaces/data/rTea-simul/ref/hg38/Homo_sapiens_assembly38.fasta : chr # 3169  "HLA-C*02:69" chrStart: 3991404544
/home/junseokp/workspaces/data/rTea-simul/ref/hg38/Homo_sapiens_assembly38.fasta : chr # 3170  "HLA-C*02:85" chrStart: 3991666688
/home/junseokp/workspaces/data/rTea-simul/ref/hg38/Homo_sapiens_assembly38.fasta : chr # 3171  "HLA-C*02:86" chrStart: 3991928832
/home/junseokp/workspaces/data/rTea-simul/ref/hg38/Homo_sapiens_assembly38.fasta : chr # 3172  "HLA-C*02:87" chrStart: 3992190976
/home/junseokp/workspaces/data/rTea-simul/ref/hg38/Homo_sapiens_assembly38.fasta : chr # 3173  "HLA-C*03:02:01" chrStart: 3992453120
/home/junseokp/workspaces/data/rTea-simul/ref/hg38/Homo_sapiens_assembly38.fasta : chr # 3174  "HLA-C*03:02:02:01" chrStart: 3992715264
/home/junseokp/workspaces/data/rTea-simul/ref/hg38/Homo_sapiens_assembly38.fasta : chr # 3175  "HLA-C*03:02:02:02" chrStart: 3992977408
/home/junseokp/workspaces/data/rTea-simul/ref/hg38/Homo_sapiens_assembly38.fasta : chr # 3176  "HLA-C*03:02:02:03" chrStart: 3993239552
/home/junseokp/workspaces/data/rTea-simul/ref/hg38/Homo_sapiens_assembly38.fasta : chr # 3177  "HLA-C*03:03:01" chrStart: 3993501696
/home/junseokp/workspaces/data/rTea-simul/ref/hg38/Homo_sapiens_assembly38.fasta : chr # 3178  "HLA-C*03:04:01:01" chrStart: 3993763840
/home/junseokp/workspaces/data/rTea-simul/ref/hg38/Homo_sapiens_assembly38.fasta : chr # 3179  "HLA-C*03:04:01:02" chrStart: 3994025984
/home/junseokp/workspaces/data/rTea-simul/ref/hg38/Homo_sapiens_assembly38.fasta : chr # 3180  "HLA-C*03:04:02" chrStart: 3994288128
/home/junseokp/workspaces/data/rTea-simul/ref/hg38/Homo_sapiens_assembly38.fasta : chr # 3181  "HLA-C*03:04:04" chrStart: 3994550272
/home/junseokp/workspaces/data/rTea-simul/ref/hg38/Homo_sapiens_assembly38.fasta : chr # 3182  "HLA-C*03:05" chrStart: 3994812416
/home/junseokp/workspaces/data/rTea-simul/ref/hg38/Homo_sapiens_assembly38.fasta : chr # 3183  "HLA-C*03:06" chrStart: 3995074560
/home/junseokp/workspaces/data/rTea-simul/ref/hg38/Homo_sapiens_assembly38.fasta : chr # 3184  "HLA-C*03:100" chrStart: 3995336704
/home/junseokp/workspaces/data/rTea-simul/ref/hg38/Homo_sapiens_assembly38.fasta : chr # 3185  "HLA-C*03:13:01" chrStart: 3995598848
/home/junseokp/workspaces/data/rTea-simul/ref/hg38/Homo_sapiens_assembly38.fasta : chr # 3186  "HLA-C*03:20N" chrStart: 3995860992
/home/junseokp/workspaces/data/rTea-simul/ref/hg38/Homo_sapiens_assembly38.fasta : chr # 3187  "HLA-C*03:219" chrStart: 3996123136
/home/junseokp/workspaces/data/rTea-simul/ref/hg38/Homo_sapiens_assembly38.fasta : chr # 3188  "HLA-C*03:261" chrStart: 3996385280
/home/junseokp/workspaces/data/rTea-simul/ref/hg38/Homo_sapiens_assembly38.fasta : chr # 3189  "HLA-C*03:40:01" chrStart: 3996647424
/home/junseokp/workspaces/data/rTea-simul/ref/hg38/Homo_sapiens_assembly38.fasta : chr # 3190  "HLA-C*03:41:02" chrStart: 3996909568
/home/junseokp/workspaces/data/rTea-simul/ref/hg38/Homo_sapiens_assembly38.fasta : chr # 3191  "HLA-C*03:46" chrStart: 3997171712
/home/junseokp/workspaces/data/rTea-simul/ref/hg38/Homo_sapiens_assembly38.fasta : chr # 3192  "HLA-C*03:61" chrStart: 3997433856
/home/junseokp/workspaces/data/rTea-simul/ref/hg38/Homo_sapiens_assembly38.fasta : chr # 3193  "HLA-C*04:01:01:01" chrStart: 3997696000
/home/junseokp/workspaces/data/rTea-simul/ref/hg38/Homo_sapiens_assembly38.fasta : chr # 3194  "HLA-C*04:01:01:02" chrStart: 3997958144
/home/junseokp/workspaces/data/rTea-simul/ref/hg38/Homo_sapiens_assembly38.fasta : chr # 3195  "HLA-C*04:01:01:03" chrStart: 3998220288
/home/junseokp/workspaces/data/rTea-simul/ref/hg38/Homo_sapiens_assembly38.fasta : chr # 3196  "HLA-C*04:01:01:04" chrStart: 3998482432
/home/junseokp/workspaces/data/rTea-simul/ref/hg38/Homo_sapiens_assembly38.fasta : chr # 3197  "HLA-C*04:01:01:05" chrStart: 3998744576
/home/junseokp/workspaces/data/rTea-simul/ref/hg38/Homo_sapiens_assembly38.fasta : chr # 3198  "HLA-C*04:01:62" chrStart: 3999006720
/home/junseokp/workspaces/data/rTea-simul/ref/hg38/Homo_sapiens_assembly38.fasta : chr # 3199  "HLA-C*04:03:01" chrStart: 3999268864
/home/junseokp/workspaces/data/rTea-simul/ref/hg38/Homo_sapiens_assembly38.fasta : chr # 3200  "HLA-C*04:06" chrStart: 3999531008
/home/junseokp/workspaces/data/rTea-simul/ref/hg38/Homo_sapiens_assembly38.fasta : chr # 3201  "HLA-C*04:09N" chrStart: 3999793152
/home/junseokp/workspaces/data/rTea-simul/ref/hg38/Homo_sapiens_assembly38.fasta : chr # 3202  "HLA-C*04:128" chrStart: 4000055296
/home/junseokp/workspaces/data/rTea-simul/ref/hg38/Homo_sapiens_assembly38.fasta : chr # 3203  "HLA-C*04:161" chrStart: 4000317440
/home/junseokp/workspaces/data/rTea-simul/ref/hg38/Homo_sapiens_assembly38.fasta : chr # 3204  "HLA-C*04:177" chrStart: 4000579584
/home/junseokp/workspaces/data/rTea-simul/ref/hg38/Homo_sapiens_assembly38.fasta : chr # 3205  "HLA-C*04:70" chrStart: 4000841728
/home/junseokp/workspaces/data/rTea-simul/ref/hg38/Homo_sapiens_assembly38.fasta : chr # 3206  "HLA-C*04:71" chrStart: 4001103872
/home/junseokp/workspaces/data/rTea-simul/ref/hg38/Homo_sapiens_assembly38.fasta : chr # 3207  "HLA-C*05:01:01:01" chrStart: 4001366016
/home/junseokp/workspaces/data/rTea-simul/ref/hg38/Homo_sapiens_assembly38.fasta : chr # 3208  "HLA-C*05:01:01:02" chrStart: 4001628160
/home/junseokp/workspaces/data/rTea-simul/ref/hg38/Homo_sapiens_assembly38.fasta : chr # 3209  "HLA-C*05:08" chrStart: 4001890304
/home/junseokp/workspaces/data/rTea-simul/ref/hg38/Homo_sapiens_assembly38.fasta : chr # 3210  "HLA-C*05:09:01" chrStart: 4002152448
/home/junseokp/workspaces/data/rTea-simul/ref/hg38/Homo_sapiens_assembly38.fasta : chr # 3211  "HLA-C*05:93" chrStart: 4002414592
/home/junseokp/workspaces/data/rTea-simul/ref/hg38/Homo_sapiens_assembly38.fasta : chr # 3212  "HLA-C*06:02:01:01" chrStart: 4002676736
/home/junseokp/workspaces/data/rTea-simul/ref/hg38/Homo_sapiens_assembly38.fasta : chr # 3213  "HLA-C*06:02:01:02" chrStart: 4002938880
/home/junseokp/workspaces/data/rTea-simul/ref/hg38/Homo_sapiens_assembly38.fasta : chr # 3214  "HLA-C*06:02:01:03" chrStart: 4003201024
/home/junseokp/workspaces/data/rTea-simul/ref/hg38/Homo_sapiens_assembly38.fasta : chr # 3215  "HLA-C*06:23" chrStart: 4003463168
/home/junseokp/workspaces/data/rTea-simul/ref/hg38/Homo_sapiens_assembly38.fasta : chr # 3216  "HLA-C*06:24" chrStart: 4003725312
/home/junseokp/workspaces/data/rTea-simul/ref/hg38/Homo_sapiens_assembly38.fasta : chr # 3217  "HLA-C*06:46N" chrStart: 4003987456
/home/junseokp/workspaces/data/rTea-simul/ref/hg38/Homo_sapiens_assembly38.fasta : chr # 3218  "HLA-C*07:01:01:01" chrStart: 4004249600
/home/junseokp/workspaces/data/rTea-simul/ref/hg38/Homo_sapiens_assembly38.fasta : chr # 3219  "HLA-C*07:01:01:02" chrStart: 4004511744
/home/junseokp/workspaces/data/rTea-simul/ref/hg38/Homo_sapiens_assembly38.fasta : chr # 3220  "HLA-C*07:01:02" chrStart: 4004773888
/home/junseokp/workspaces/data/rTea-simul/ref/hg38/Homo_sapiens_assembly38.fasta : chr # 3221  "HLA-C*07:01:19" chrStart: 4005036032
/home/junseokp/workspaces/data/rTea-simul/ref/hg38/Homo_sapiens_assembly38.fasta : chr # 3222  "HLA-C*07:01:27" chrStart: 4005298176
/home/junseokp/workspaces/data/rTea-simul/ref/hg38/Homo_sapiens_assembly38.fasta : chr # 3223  "HLA-C*07:01:45" chrStart: 4005560320
/home/junseokp/workspaces/data/rTea-simul/ref/hg38/Homo_sapiens_assembly38.fasta : chr # 3224  "HLA-C*07:02:01:01" chrStart: 4005822464
/home/junseokp/workspaces/data/rTea-simul/ref/hg38/Homo_sapiens_assembly38.fasta : chr # 3225  "HLA-C*07:02:01:02" chrStart: 4006084608
/home/junseokp/workspaces/data/rTea-simul/ref/hg38/Homo_sapiens_assembly38.fasta : chr # 3226  "HLA-C*07:02:01:03" chrStart: 4006346752
/home/junseokp/workspaces/data/rTea-simul/ref/hg38/Homo_sapiens_assembly38.fasta : chr # 3227  "HLA-C*07:02:01:04" chrStart: 4006608896
/home/junseokp/workspaces/data/rTea-simul/ref/hg38/Homo_sapiens_assembly38.fasta : chr # 3228  "HLA-C*07:02:01:05" chrStart: 4006871040
/home/junseokp/workspaces/data/rTea-simul/ref/hg38/Homo_sapiens_assembly38.fasta : chr # 3229  "HLA-C*07:02:05" chrStart: 4007133184
/home/junseokp/workspaces/data/rTea-simul/ref/hg38/Homo_sapiens_assembly38.fasta : chr # 3230  "HLA-C*07:02:06" chrStart: 4007395328
/home/junseokp/workspaces/data/rTea-simul/ref/hg38/Homo_sapiens_assembly38.fasta : chr # 3231  "HLA-C*07:02:64" chrStart: 4007657472
/home/junseokp/workspaces/data/rTea-simul/ref/hg38/Homo_sapiens_assembly38.fasta : chr # 3232  "HLA-C*07:04:01" chrStart: 4007919616
/home/junseokp/workspaces/data/rTea-simul/ref/hg38/Homo_sapiens_assembly38.fasta : chr # 3233  "HLA-C*07:04:02" chrStart: 4008181760
/home/junseokp/workspaces/data/rTea-simul/ref/hg38/Homo_sapiens_assembly38.fasta : chr # 3234  "HLA-C*07:06" chrStart: 4008443904
/home/junseokp/workspaces/data/rTea-simul/ref/hg38/Homo_sapiens_assembly38.fasta : chr # 3235  "HLA-C*07:149" chrStart: 4008706048
/home/junseokp/workspaces/data/rTea-simul/ref/hg38/Homo_sapiens_assembly38.fasta : chr # 3236  "HLA-C*07:18" chrStart: 4008968192
/home/junseokp/workspaces/data/rTea-simul/ref/hg38/Homo_sapiens_assembly38.fasta : chr # 3237  "HLA-C*07:19" chrStart: 4009230336
/home/junseokp/workspaces/data/rTea-simul/ref/hg38/Homo_sapiens_assembly38.fasta : chr # 3238  "HLA-C*07:26" chrStart: 4009492480
/home/junseokp/workspaces/data/rTea-simul/ref/hg38/Homo_sapiens_assembly38.fasta : chr # 3239  "HLA-C*07:30" chrStart: 4009754624
/home/junseokp/workspaces/data/rTea-simul/ref/hg38/Homo_sapiens_assembly38.fasta : chr # 3240  "HLA-C*07:32N" chrStart: 4010016768
/home/junseokp/workspaces/data/rTea-simul/ref/hg38/Homo_sapiens_assembly38.fasta : chr # 3241  "HLA-C*07:384" chrStart: 4010278912
/home/junseokp/workspaces/data/rTea-simul/ref/hg38/Homo_sapiens_assembly38.fasta : chr # 3242  "HLA-C*07:385" chrStart: 4010541056
/home/junseokp/workspaces/data/rTea-simul/ref/hg38/Homo_sapiens_assembly38.fasta : chr # 3243  "HLA-C*07:386" chrStart: 4010803200
/home/junseokp/workspaces/data/rTea-simul/ref/hg38/Homo_sapiens_assembly38.fasta : chr # 3244  "HLA-C*07:391" chrStart: 4011065344
/home/junseokp/workspaces/data/rTea-simul/ref/hg38/Homo_sapiens_assembly38.fasta : chr # 3245  "HLA-C*07:392" chrStart: 4011327488
/home/junseokp/workspaces/data/rTea-simul/ref/hg38/Homo_sapiens_assembly38.fasta : chr # 3246  "HLA-C*07:49" chrStart: 4011589632
/home/junseokp/workspaces/data/rTea-simul/ref/hg38/Homo_sapiens_assembly38.fasta : chr # 3247  "HLA-C*07:56:02" chrStart: 4011851776
/home/junseokp/workspaces/data/rTea-simul/ref/hg38/Homo_sapiens_assembly38.fasta : chr # 3248  "HLA-C*07:66" chrStart: 4012113920
/home/junseokp/workspaces/data/rTea-simul/ref/hg38/Homo_sapiens_assembly38.fasta : chr # 3249  "HLA-C*07:67" chrStart: 4012376064
/home/junseokp/workspaces/data/rTea-simul/ref/hg38/Homo_sapiens_assembly38.fasta : chr # 3250  "HLA-C*08:01:01" chrStart: 4012638208
/home/junseokp/workspaces/data/rTea-simul/ref/hg38/Homo_sapiens_assembly38.fasta : chr # 3251  "HLA-C*08:01:03" chrStart: 4012900352
/home/junseokp/workspaces/data/rTea-simul/ref/hg38/Homo_sapiens_assembly38.fasta : chr # 3252  "HLA-C*08:02:01:01" chrStart: 4013162496
/home/junseokp/workspaces/data/rTea-simul/ref/hg38/Homo_sapiens_assembly38.fasta : chr # 3253  "HLA-C*08:02:01:02" chrStart: 4013424640
/home/junseokp/workspaces/data/rTea-simul/ref/hg38/Homo_sapiens_assembly38.fasta : chr # 3254  "HLA-C*08:03:01" chrStart: 4013686784
/home/junseokp/workspaces/data/rTea-simul/ref/hg38/Homo_sapiens_assembly38.fasta : chr # 3255  "HLA-C*08:04:01" chrStart: 4013948928
/home/junseokp/workspaces/data/rTea-simul/ref/hg38/Homo_sapiens_assembly38.fasta : chr # 3256  "HLA-C*08:112" chrStart: 4014211072
/home/junseokp/workspaces/data/rTea-simul/ref/hg38/Homo_sapiens_assembly38.fasta : chr # 3257  "HLA-C*08:20" chrStart: 4014473216
/home/junseokp/workspaces/data/rTea-simul/ref/hg38/Homo_sapiens_assembly38.fasta : chr # 3258  "HLA-C*08:21" chrStart: 4014735360
/home/junseokp/workspaces/data/rTea-simul/ref/hg38/Homo_sapiens_assembly38.fasta : chr # 3259  "HLA-C*08:22" chrStart: 4014997504
/home/junseokp/workspaces/data/rTea-simul/ref/hg38/Homo_sapiens_assembly38.fasta : chr # 3260  "HLA-C*08:24" chrStart: 4015259648
/home/junseokp/workspaces/data/rTea-simul/ref/hg38/Homo_sapiens_assembly38.fasta : chr # 3261  "HLA-C*08:27" chrStart: 4015521792
/home/junseokp/workspaces/data/rTea-simul/ref/hg38/Homo_sapiens_assembly38.fasta : chr # 3262  "HLA-C*08:36N" chrStart: 4015783936
/home/junseokp/workspaces/data/rTea-simul/ref/hg38/Homo_sapiens_assembly38.fasta : chr # 3263  "HLA-C*08:40" chrStart: 4016046080
/home/junseokp/workspaces/data/rTea-simul/ref/hg38/Homo_sapiens_assembly38.fasta : chr # 3264  "HLA-C*08:41" chrStart: 4016308224
/home/junseokp/workspaces/data/rTea-simul/ref/hg38/Homo_sapiens_assembly38.fasta : chr # 3265  "HLA-C*08:62" chrStart: 4016570368
/home/junseokp/workspaces/data/rTea-simul/ref/hg38/Homo_sapiens_assembly38.fasta : chr # 3266  "HLA-C*12:02:02" chrStart: 4016832512
/home/junseokp/workspaces/data/rTea-simul/ref/hg38/Homo_sapiens_assembly38.fasta : chr # 3267  "HLA-C*12:03:01:01" chrStart: 4017094656
/home/junseokp/workspaces/data/rTea-simul/ref/hg38/Homo_sapiens_assembly38.fasta : chr # 3268  "HLA-C*12:03:01:02" chrStart: 4017356800
/home/junseokp/workspaces/data/rTea-simul/ref/hg38/Homo_sapiens_assembly38.fasta : chr # 3269  "HLA-C*12:08" chrStart: 4017618944
/home/junseokp/workspaces/data/rTea-simul/ref/hg38/Homo_sapiens_assembly38.fasta : chr # 3270  "HLA-C*12:13" chrStart: 4017881088
/home/junseokp/workspaces/data/rTea-simul/ref/hg38/Homo_sapiens_assembly38.fasta : chr # 3271  "HLA-C*12:19" chrStart: 4018143232
/home/junseokp/workspaces/data/rTea-simul/ref/hg38/Homo_sapiens_assembly38.fasta : chr # 3272  "HLA-C*12:22" chrStart: 4018405376
/home/junseokp/workspaces/data/rTea-simul/ref/hg38/Homo_sapiens_assembly38.fasta : chr # 3273  "HLA-C*12:99" chrStart: 4018667520
/home/junseokp/workspaces/data/rTea-simul/ref/hg38/Homo_sapiens_assembly38.fasta : chr # 3274  "HLA-C*14:02:01" chrStart: 4018929664
/home/junseokp/workspaces/data/rTea-simul/ref/hg38/Homo_sapiens_assembly38.fasta : chr # 3275  "HLA-C*14:03" chrStart: 4019191808
/home/junseokp/workspaces/data/rTea-simul/ref/hg38/Homo_sapiens_assembly38.fasta : chr # 3276  "HLA-C*14:21N" chrStart: 4019453952
/home/junseokp/workspaces/data/rTea-simul/ref/hg38/Homo_sapiens_assembly38.fasta : chr # 3277  "HLA-C*14:23" chrStart: 4019716096
/home/junseokp/workspaces/data/rTea-simul/ref/hg38/Homo_sapiens_assembly38.fasta : chr # 3278  "HLA-C*15:02:01" chrStart: 4019978240
/home/junseokp/workspaces/data/rTea-simul/ref/hg38/Homo_sapiens_assembly38.fasta : chr # 3279  "HLA-C*15:05:01" chrStart: 4020240384
/home/junseokp/workspaces/data/rTea-simul/ref/hg38/Homo_sapiens_assembly38.fasta : chr # 3280  "HLA-C*15:05:02" chrStart: 4020502528
/home/junseokp/workspaces/data/rTea-simul/ref/hg38/Homo_sapiens_assembly38.fasta : chr # 3281  "HLA-C*15:13" chrStart: 4020764672
/home/junseokp/workspaces/data/rTea-simul/ref/hg38/Homo_sapiens_assembly38.fasta : chr # 3282  "HLA-C*15:16" chrStart: 4021026816
/home/junseokp/workspaces/data/rTea-simul/ref/hg38/Homo_sapiens_assembly38.fasta : chr # 3283  "HLA-C*15:17" chrStart: 4021288960
/home/junseokp/workspaces/data/rTea-simul/ref/hg38/Homo_sapiens_assembly38.fasta : chr # 3284  "HLA-C*15:96Q" chrStart: 4021551104
/home/junseokp/workspaces/data/rTea-simul/ref/hg38/Homo_sapiens_assembly38.fasta : chr # 3285  "HLA-C*16:01:01" chrStart: 4021813248
/home/junseokp/workspaces/data/rTea-simul/ref/hg38/Homo_sapiens_assembly38.fasta : chr # 3286  "HLA-C*16:02:01" chrStart: 4022075392
/home/junseokp/workspaces/data/rTea-simul/ref/hg38/Homo_sapiens_assembly38.fasta : chr # 3287  "HLA-C*16:04:01" chrStart: 4022337536
/home/junseokp/workspaces/data/rTea-simul/ref/hg38/Homo_sapiens_assembly38.fasta : chr # 3288  "HLA-C*17:01:01:01" chrStart: 4022599680
/home/junseokp/workspaces/data/rTea-simul/ref/hg38/Homo_sapiens_assembly38.fasta : chr # 3289  "HLA-C*17:01:01:02" chrStart: 4022861824
/home/junseokp/workspaces/data/rTea-simul/ref/hg38/Homo_sapiens_assembly38.fasta : chr # 3290  "HLA-C*17:01:01:03" chrStart: 4023123968
/home/junseokp/workspaces/data/rTea-simul/ref/hg38/Homo_sapiens_assembly38.fasta : chr # 3291  "HLA-C*17:03" chrStart: 4023386112
/home/junseokp/workspaces/data/rTea-simul/ref/hg38/Homo_sapiens_assembly38.fasta : chr # 3292  "HLA-C*18:01" chrStart: 4023648256
/home/junseokp/workspaces/data/rTea-simul/ref/hg38/Homo_sapiens_assembly38.fasta : chr # 3293  "HLA-DQA1*01:01:02" chrStart: 4023910400
/home/junseokp/workspaces/data/rTea-simul/ref/hg38/Homo_sapiens_assembly38.fasta : chr # 3294  "HLA-DQA1*01:02:01:01" chrStart: 4024172544
/home/junseokp/workspaces/data/rTea-simul/ref/hg38/Homo_sapiens_assembly38.fasta : chr # 3295  "HLA-DQA1*01:02:01:02" chrStart: 4024434688
/home/junseokp/workspaces/data/rTea-simul/ref/hg38/Homo_sapiens_assembly38.fasta : chr # 3296  "HLA-DQA1*01:02:01:03" chrStart: 4024696832
/home/junseokp/workspaces/data/rTea-simul/ref/hg38/Homo_sapiens_assembly38.fasta : chr # 3297  "HLA-DQA1*01:02:01:04" chrStart: 4024958976
/home/junseokp/workspaces/data/rTea-simul/ref/hg38/Homo_sapiens_assembly38.fasta : chr # 3298  "HLA-DQA1*01:03:01:01" chrStart: 4025221120
/home/junseokp/workspaces/data/rTea-simul/ref/hg38/Homo_sapiens_assembly38.fasta : chr # 3299  "HLA-DQA1*01:03:01:02" chrStart: 4025483264
/home/junseokp/workspaces/data/rTea-simul/ref/hg38/Homo_sapiens_assembly38.fasta : chr # 3300  "HLA-DQA1*01:04:01:01" chrStart: 4025745408
/home/junseokp/workspaces/data/rTea-simul/ref/hg38/Homo_sapiens_assembly38.fasta : chr # 3301  "HLA-DQA1*01:04:01:02" chrStart: 4026007552
/home/junseokp/workspaces/data/rTea-simul/ref/hg38/Homo_sapiens_assembly38.fasta : chr # 3302  "HLA-DQA1*01:05:01" chrStart: 4026269696
/home/junseokp/workspaces/data/rTea-simul/ref/hg38/Homo_sapiens_assembly38.fasta : chr # 3303  "HLA-DQA1*01:07" chrStart: 4026531840
/home/junseokp/workspaces/data/rTea-simul/ref/hg38/Homo_sapiens_assembly38.fasta : chr # 3304  "HLA-DQA1*01:10" chrStart: 4026793984
/home/junseokp/workspaces/data/rTea-simul/ref/hg38/Homo_sapiens_assembly38.fasta : chr # 3305  "HLA-DQA1*01:11" chrStart: 4027056128
/home/junseokp/workspaces/data/rTea-simul/ref/hg38/Homo_sapiens_assembly38.fasta : chr # 3306  "HLA-DQA1*02:01" chrStart: 4027318272
/home/junseokp/workspaces/data/rTea-simul/ref/hg38/Homo_sapiens_assembly38.fasta : chr # 3307  "HLA-DQA1*03:01:01" chrStart: 4027580416
/home/junseokp/workspaces/data/rTea-simul/ref/hg38/Homo_sapiens_assembly38.fasta : chr # 3308  "HLA-DQA1*03:02" chrStart: 4027842560
/home/junseokp/workspaces/data/rTea-simul/ref/hg38/Homo_sapiens_assembly38.fasta : chr # 3309  "HLA-DQA1*03:03:01" chrStart: 4028104704
/home/junseokp/workspaces/data/rTea-simul/ref/hg38/Homo_sapiens_assembly38.fasta : chr # 3310  "HLA-DQA1*04:01:02:01" chrStart: 4028366848
/home/junseokp/workspaces/data/rTea-simul/ref/hg38/Homo_sapiens_assembly38.fasta : chr # 3311  "HLA-DQA1*04:01:02:02" chrStart: 4028628992
/home/junseokp/workspaces/data/rTea-simul/ref/hg38/Homo_sapiens_assembly38.fasta : chr # 3312  "HLA-DQA1*04:02" chrStart: 4028891136
/home/junseokp/workspaces/data/rTea-simul/ref/hg38/Homo_sapiens_assembly38.fasta : chr # 3313  "HLA-DQA1*05:01:01:01" chrStart: 4029153280
/home/junseokp/workspaces/data/rTea-simul/ref/hg38/Homo_sapiens_assembly38.fasta : chr # 3314  "HLA-DQA1*05:01:01:02" chrStart: 4029415424
/home/junseokp/workspaces/data/rTea-simul/ref/hg38/Homo_sapiens_assembly38.fasta : chr # 3315  "HLA-DQA1*05:03" chrStart: 4029677568
/home/junseokp/workspaces/data/rTea-simul/ref/hg38/Homo_sapiens_assembly38.fasta : chr # 3316  "HLA-DQA1*05:05:01:01" chrStart: 4029939712
/home/junseokp/workspaces/data/rTea-simul/ref/hg38/Homo_sapiens_assembly38.fasta : chr # 3317  "HLA-DQA1*05:05:01:02" chrStart: 4030201856
/home/junseokp/workspaces/data/rTea-simul/ref/hg38/Homo_sapiens_assembly38.fasta : chr # 3318  "HLA-DQA1*05:05:01:03" chrStart: 4030464000
/home/junseokp/workspaces/data/rTea-simul/ref/hg38/Homo_sapiens_assembly38.fasta : chr # 3319  "HLA-DQA1*05:11" chrStart: 4030726144
/home/junseokp/workspaces/data/rTea-simul/ref/hg38/Homo_sapiens_assembly38.fasta : chr # 3320  "HLA-DQA1*06:01:01" chrStart: 4030988288
/home/junseokp/workspaces/data/rTea-simul/ref/hg38/Homo_sapiens_assembly38.fasta : chr # 3321  "HLA-DQB1*02:01:01" chrStart: 4031250432
/home/junseokp/workspaces/data/rTea-simul/ref/hg38/Homo_sapiens_assembly38.fasta : chr # 3322  "HLA-DQB1*02:02:01" chrStart: 4031512576
/home/junseokp/workspaces/data/rTea-simul/ref/hg38/Homo_sapiens_assembly38.fasta : chr # 3323  "HLA-DQB1*03:01:01:01" chrStart: 4031774720
/home/junseokp/workspaces/data/rTea-simul/ref/hg38/Homo_sapiens_assembly38.fasta : chr # 3324  "HLA-DQB1*03:01:01:02" chrStart: 4032036864
/home/junseokp/workspaces/data/rTea-simul/ref/hg38/Homo_sapiens_assembly38.fasta : chr # 3325  "HLA-DQB1*03:01:01:03" chrStart: 4032299008
/home/junseokp/workspaces/data/rTea-simul/ref/hg38/Homo_sapiens_assembly38.fasta : chr # 3326  "HLA-DQB1*03:02:01" chrStart: 4032561152
/home/junseokp/workspaces/data/rTea-simul/ref/hg38/Homo_sapiens_assembly38.fasta : chr # 3327  "HLA-DQB1*03:03:02:01" chrStart: 4032823296
/home/junseokp/workspaces/data/rTea-simul/ref/hg38/Homo_sapiens_assembly38.fasta : chr # 3328  "HLA-DQB1*03:03:02:02" chrStart: 4033085440
/home/junseokp/workspaces/data/rTea-simul/ref/hg38/Homo_sapiens_assembly38.fasta : chr # 3329  "HLA-DQB1*03:03:02:03" chrStart: 4033347584
/home/junseokp/workspaces/data/rTea-simul/ref/hg38/Homo_sapiens_assembly38.fasta : chr # 3330  "HLA-DQB1*03:05:01" chrStart: 4033609728
/home/junseokp/workspaces/data/rTea-simul/ref/hg38/Homo_sapiens_assembly38.fasta : chr # 3331  "HLA-DQB1*05:01:01:01" chrStart: 4033871872
/home/junseokp/workspaces/data/rTea-simul/ref/hg38/Homo_sapiens_assembly38.fasta : chr # 3332  "HLA-DQB1*05:01:01:02" chrStart: 4034134016
/home/junseokp/workspaces/data/rTea-simul/ref/hg38/Homo_sapiens_assembly38.fasta : chr # 3333  "HLA-DQB1*05:03:01:01" chrStart: 4034396160
/home/junseokp/workspaces/data/rTea-simul/ref/hg38/Homo_sapiens_assembly38.fasta : chr # 3334  "HLA-DQB1*05:03:01:02" chrStart: 4034658304
/home/junseokp/workspaces/data/rTea-simul/ref/hg38/Homo_sapiens_assembly38.fasta : chr # 3335  "HLA-DQB1*06:01:01" chrStart: 4034920448
/home/junseokp/workspaces/data/rTea-simul/ref/hg38/Homo_sapiens_assembly38.fasta : chr # 3336  "HLA-DQB1*06:02:01" chrStart: 4035182592
/home/junseokp/workspaces/data/rTea-simul/ref/hg38/Homo_sapiens_assembly38.fasta : chr # 3337  "HLA-DQB1*06:03:01" chrStart: 4035444736
/home/junseokp/workspaces/data/rTea-simul/ref/hg38/Homo_sapiens_assembly38.fasta : chr # 3338  "HLA-DQB1*06:09:01" chrStart: 4035706880
/home/junseokp/workspaces/data/rTea-simul/ref/hg38/Homo_sapiens_assembly38.fasta : chr # 3339  "HLA-DRB1*01:01:01" chrStart: 4035969024
/home/junseokp/workspaces/data/rTea-simul/ref/hg38/Homo_sapiens_assembly38.fasta : chr # 3340  "HLA-DRB1*01:02:01" chrStart: 4036231168
/home/junseokp/workspaces/data/rTea-simul/ref/hg38/Homo_sapiens_assembly38.fasta : chr # 3341  "HLA-DRB1*03:01:01:01" chrStart: 4036493312
/home/junseokp/workspaces/data/rTea-simul/ref/hg38/Homo_sapiens_assembly38.fasta : chr # 3342  "HLA-DRB1*03:01:01:02" chrStart: 4036755456
/home/junseokp/workspaces/data/rTea-simul/ref/hg38/Homo_sapiens_assembly38.fasta : chr # 3343  "HLA-DRB1*04:03:01" chrStart: 4037017600
/home/junseokp/workspaces/data/rTea-simul/ref/hg38/Homo_sapiens_assembly38.fasta : chr # 3344  "HLA-DRB1*07:01:01:01" chrStart: 4037279744
/home/junseokp/workspaces/data/rTea-simul/ref/hg38/Homo_sapiens_assembly38.fasta : chr # 3345  "HLA-DRB1*07:01:01:02" chrStart: 4037541888
/home/junseokp/workspaces/data/rTea-simul/ref/hg38/Homo_sapiens_assembly38.fasta : chr # 3346  "HLA-DRB1*08:03:02" chrStart: 4037804032
/home/junseokp/workspaces/data/rTea-simul/ref/hg38/Homo_sapiens_assembly38.fasta : chr # 3347  "HLA-DRB1*09:21" chrStart: 4038066176
/home/junseokp/workspaces/data/rTea-simul/ref/hg38/Homo_sapiens_assembly38.fasta : chr # 3348  "HLA-DRB1*10:01:01" chrStart: 4038328320
/home/junseokp/workspaces/data/rTea-simul/ref/hg38/Homo_sapiens_assembly38.fasta : chr # 3349  "HLA-DRB1*11:01:01" chrStart: 4038590464
/home/junseokp/workspaces/data/rTea-simul/ref/hg38/Homo_sapiens_assembly38.fasta : chr # 3350  "HLA-DRB1*11:01:02" chrStart: 4038852608
/home/junseokp/workspaces/data/rTea-simul/ref/hg38/Homo_sapiens_assembly38.fasta : chr # 3351  "HLA-DRB1*11:04:01" chrStart: 4039114752
/home/junseokp/workspaces/data/rTea-simul/ref/hg38/Homo_sapiens_assembly38.fasta : chr # 3352  "HLA-DRB1*12:01:01" chrStart: 4039376896
/home/junseokp/workspaces/data/rTea-simul/ref/hg38/Homo_sapiens_assembly38.fasta : chr # 3353  "HLA-DRB1*12:17" chrStart: 4039639040
/home/junseokp/workspaces/data/rTea-simul/ref/hg38/Homo_sapiens_assembly38.fasta : chr # 3354  "HLA-DRB1*13:01:01" chrStart: 4039901184
/home/junseokp/workspaces/data/rTea-simul/ref/hg38/Homo_sapiens_assembly38.fasta : chr # 3355  "HLA-DRB1*13:02:01" chrStart: 4040163328
/home/junseokp/workspaces/data/rTea-simul/ref/hg38/Homo_sapiens_assembly38.fasta : chr # 3356  "HLA-DRB1*14:05:01" chrStart: 4040425472
/home/junseokp/workspaces/data/rTea-simul/ref/hg38/Homo_sapiens_assembly38.fasta : chr # 3357  "HLA-DRB1*14:54:01" chrStart: 4040687616
/home/junseokp/workspaces/data/rTea-simul/ref/hg38/Homo_sapiens_assembly38.fasta : chr # 3358  "HLA-DRB1*15:01:01:01" chrStart: 4040949760
/home/junseokp/workspaces/data/rTea-simul/ref/hg38/Homo_sapiens_assembly38.fasta : chr # 3359  "HLA-DRB1*15:01:01:02" chrStart: 4041211904
/home/junseokp/workspaces/data/rTea-simul/ref/hg38/Homo_sapiens_assembly38.fasta : chr # 3360  "HLA-DRB1*15:01:01:03" chrStart: 4041474048
/home/junseokp/workspaces/data/rTea-simul/ref/hg38/Homo_sapiens_assembly38.fasta : chr # 3361  "HLA-DRB1*15:01:01:04" chrStart: 4041736192
/home/junseokp/workspaces/data/rTea-simul/ref/hg38/Homo_sapiens_assembly38.fasta : chr # 3362  "HLA-DRB1*15:02:01" chrStart: 4041998336
/home/junseokp/workspaces/data/rTea-simul/ref/hg38/Homo_sapiens_assembly38.fasta : chr # 3363  "HLA-DRB1*15:03:01:01" chrStart: 4042260480
/home/junseokp/workspaces/data/rTea-simul/ref/hg38/Homo_sapiens_assembly38.fasta : chr # 3364  "HLA-DRB1*15:03:01:02" chrStart: 4042522624
/home/junseokp/workspaces/data/rTea-simul/ref/hg38/Homo_sapiens_assembly38.fasta : chr # 3365  "HLA-DRB1*16:02:01" chrStart: 4042784768
Number of SA indices: 6086906936
Dec 28 10:57:22 ... starting to sort Suffix Array. This may take a long time...
